title	author	abs_finished	abs_started	issues	match	hardcover_title	status	media	hardcover_finished	book_id	edition_id	asin	isbn	candidates
Bloom	Delilah S. Dawson	2025-01-10	2025-01-10	no read audiobook in export	title/author	Bloom	Read	Book	2025-01-10	838564	30851701	B0CYMQJ7H3		
The Traitor Baru Cormorant	Seth Dickinson	2025-01-12	2025-01-11	no read audiobook in export	title/author	The Traitor Baru Cormorant	Read	Book	2025-01-12	441070	25267282	B014JUKKYM		
The Art of Leaving	Ayelet Tsabari	2025-01-12	2025-01-12		title/author	The Art of Leaving	Read	Audio	2025-01-12	806204	31784637	198484105X		
Iron Widow	Xiran Jay Zhao	2025-01-13	2025-01-12		identifier	Iron Widow	Read	Audio	2025-01-13	428759	31731455	0735269963		
Huntsong	Pirateaba	2025-01-15	2025-01-13		title/author	Huntsong	Read	Audio	2025-01-15	1612366	31687410	B0DG45VJRF		
I Who Have Never Known Men	Jacqueline Harpman	2025-01-15	2025-01-15	no read audiobook in export; finish date missing/different	title/author	I Who Have Never Known Men	Read	Book	2025-01-16	498097	30446998	1529191440		
World Running Down	Al Hess	2025-01-18	2025-01-15	no read audiobook in export; finish date missing/different	title/author	World Running Down	Read	Book	2025-01-16	647337	30626715	B0C25C1QX3		
The Weight of Ink	Rachel Kadish	2025-01-18	2025-01-16	no read audiobook in export; finish date missing/different	probable title match—review	The Weight of Ink	Read	Book	2025-01-17	431465	32164635	B0CTSQBMS2		
Gravesong	Pirateaba	2025-01-20	2025-01-20	finish date missing/different	title/author	Gravesong	Read	Audio		763173	32058342	B0CSLV4CZ5		
When Breath Becomes Air	Paul Kalanithi	2025-01-23	2025-01-23		title/author	When Breath Becomes Air	Read	Audio	2025-01-23	381825	13786887	B0191YTGI2		
The Nesting Dolls	Alina Adams	2025-01-25	2025-01-25		title/author	The Nesting Dolls	Read	Audio	2025-01-25	514905	31876970	0063007746		
The Luminous Dead	Caitlin Starling	2025-01-26	2025-01-25	no read audiobook in export	title/author	The Luminous Dead	Read	Book	2025-01-26	448080	30912658	0062898337		
A Desolation Called Peace	Arkady Martine	2025-01-27	2025-01-26		identifier	A Desolation Called Peace	Read	Audio	2025-01-27	1377550	30550388	1250264081		
The Well of Loneliness	Radclyffe Hall	2025-01-29	2025-01-27		title/author	The Well of Loneliness	Read	Audio	2025-01-29	245100	31913647	B089NYSK3D		
Carmilla	Joseph Sheridan Le Fanu	2025-01-29	2025-01-25	unmatched—review candidates								B015RJL1Z6		Carmilla / J. Sheridan Le Fanu [Read; Book; book 456589] | Carmilla and Laura / S D Simper, Lois Ridge (Narrator) [Read; Audio; book 775295] | Clariel / Garth Nix, Graeme Malcolm (Reading) [Read; Audio; book 436344]
This Is Real and You Are Completely Unprepared	Alan Lew, Norman Fischer - foreword	2025-01-29	2025-01-29	no read audiobook in export	probable title match—review	This Is Real and You Are Completely Unprepared: The Days of Awe as a Journey of Transformation	Read	Book	2025-01-29	18163	17329222	B07F2MJ86H		
Bless the Blood	Walela Nehanda	2025-01-30	2025-01-29	unmatched—review candidates								B0C4VTZMWR		Bless the Blood: A Cancer Memoir /  [Read; Book; book 1146109] | Black as Blood / Seanan McGuire [Want to Read; Ebook; book 1046141] | The Blood Years / Elana K. Arnold [Want to Read; Book; book 1250954]
The Senator's Wife	Jen Lyon	2025-01-31	2025-01-30	no read audiobook in export; finish date missing/different	title/author	The Senator's Wife	Read	Ebook	2025-01-27	903069	30925097	B0CJ5XXCWH		
Caught Sleeping	Jen Lyon	2025-02-01	2025-01-31	no read audiobook in export; finish date missing/different	title/author	Caught Sleeping	Read	Ebook	2025-01-31	1264955	31290008	B0CPNSLJV9		
How to Become the Dark Lord and Die Trying	Django Wexler	2025-02-02	2025-02-01		title/author	How to Become the Dark Lord and Die Trying	Read	Audio	2025-02-02	1086192	31913600	B0CKXWFMS9		
The Monster Baru Cormorant	Seth Dickinson	2025-02-05	2025-02-02	no read audiobook in export	title/author	The Monster Baru Cormorant	Read	Book	2025-02-05	118479	30405457	125031092X		
Against the Inquisition	Marcos Aguinis, Carolina De Robertis - translator	2025-02-06	2025-02-02	no read audiobook in export	title/author	Against the Inquisition	Read	Book	2025-02-06	487722	30434535	B07D9TTLZN		
Sorrowland	Rivers Solomon	2025-02-09	2025-02-08		identifier	Sorrowland	Read	Audio	2025-02-09	435914	30550672	125080440X		
Single Player	Tara Tai	2025-02-13	2025-02-13	no read audiobook in export; finish date missing/different	probable title match—review	Single Player	Read	Book	2025-02-14	1402075	31891140	B0DDMPYRK8		
Hammajang Luck	Makana Yamamoto	2025-02-17	2025-02-16	no read audiobook in export; finish date missing/different	title/author	Hammajang Luck	Read	Book	2025-02-18	1231119	31755203	B0D5KV534V		
The Shadow of the Wind	Carlos Ruiz Zafón	2025-02-20	2025-02-19		title/author	The Shadow of the Wind	Read	Audio	2025-02-20	375470	30744609	B002V0QUJC		
Hungerstone	Kat Dunn	2025-02-20	2025-02-20		title/author	Hungerstone	Read	Audio	2025-02-20	1125288	31913577	B0CLYLTFGM		
Aurora's Angel	Emily Noon	2025-02-21	2025-02-20		title/author	Aurora's Angel	Read	Audio	2025-02-21	663862	31470798	1705231942		
The Mimicking of Known Successes	Malka Older	2025-02-22	2025-02-21		title/author	The Mimicking of Known Successes	Read	Audio	2025-02-22	510297	31469013	B0BKR5JBBD	9798212246989	
The Invisible Life of Addie LaRue	V. E. Schwab	2025-02-23	2025-02-22		identifier	The Invisible Life of Addie LaRue	Read	Audio	2025-02-23	427524	30550645	125077795X		
Homeward	Angela Jackson-Brown	2025-02-23	2025-02-23	no read audiobook in export	title/author	Homeward	Read	Book	2025-02-23	880782	30899593	B0BZT7RB3P		
You Don’t Know Us Negroes and Other Essays	Zora Neale Hurston, Henry Louis Gates - introduction, Genevieve West - introduction	2025-02-27	2025-02-26	finish date missing/different	title/author	You Don't Know Us Negroes and Other Essays	Read	Audio	2025-02-27,2025-02-27	1127565	31901477	0063043882		
The Other March Sisters	Linda Epstein, Liz Parker, Ally Malinenko	2025-02-28	2025-02-27	no read audiobook in export	probable title match—review	The Other March Sisters	Read	Book	2025-02-28	1594487	31913571	B0DVD1F88M		
The Tiger's Daughter	K Arsenault Rivera	2025-03-01	2025-02-28		title/author	The Tiger's Daughter	Read	Audio	2025-03-01	441125	31907978	B074ZPC3V6		
The Phoenix Empress	K. Arsenault Rivera	2025-03-02	2025-03-01	no read audiobook in export; finish date missing/different	title/author	The Phoenix Empress	Read	Book	2025-03-03	485005	31913557	B07HGDL75T		
The Warrior Moon	K. Arsenault Rivera	2025-03-05	2025-03-02	no read audiobook in export	title/author	The Warrior Moon	Read	Book	2025-03-05	465387	31913589	B07Y8PV55W		
House of Crimson Hearts	Ruby Roe	2025-03-06	2025-03-05		title/author	House of Crimson Hearts	Read	Audio	2025-03-06	1180168	31918392	B0D893FC6M		
House of Crimson Kisses	Ruby Roe	2025-03-07	2025-03-06		title/author	House of Crimson Kisses	Read	Audio	2025-03-07	1441667	31919855	B0DK66TWKN		
House of Crimson Curses	Ruby Roe	2025-03-08	2025-03-07	no read audiobook in export	title/author	House of Crimson Curses	Read	Ebook	2025-03-08	1726588	31826802	B0DTBSRVNT		
The Faithless	C. L. Clark	2025-03-11	2025-03-08		title/author	The Faithless	Read	Audio	2025-03-11	465103	31923820	B0BQ7L9F7D		
The Unbroken	C. L. Clark	2025-03-11	2025-03-11	no read audiobook in export; finish date missing/different	title/author	The Unbroken	Read	Book	2025-01-07	428981	15344711	1549133861		
The Whispering Dark	Kelly Andrew	2025-03-13	2025-03-11	no read audiobook in export	title/author	The Whispering Dark	Read	Book	2025-03-13	513331	30465712	B0B5YM97FR		
She Who Became the Sun	Shelley Parker-Chan	2025-03-14	2025-03-13		identifier	She Who Became the Sun	Read	Audio	2025-03-14	431518	30738186	1250807808		
He Who Drowned the World	Shelley Parker-Chan	2025-03-15	2025-03-14	no read audiobook in export; finish date missing/different	title/author	He Who Drowned the World	Read	Book	2025-03-16	1029526	31053978	B0BVKTKR92		
The Unspoken Name	A. K. Larkwood	2025-03-17	2025-03-15		title/author	The Unspoken Name	Read	Audio	2025-03-17	440910	32164684	1250264065		
The Thousand Eyes	A. K. Larkwood	2025-03-19	2025-03-17	no read audiobook in export; finish date missing/different	identifier	The Thousand Eyes	Read	Book	2025-03-20	465272	32164686	1250807883		
The Bruising of Qilwa	Naseem Jamnia	2025-03-19	2025-03-19	no read audiobook in export; finish date missing/different	title/author	The Bruising of Qilwa	Read	Book	2025-03-20	512321	30464615	B0BLJ29Y83		
Fire Logic	Laurie J. Marks	2025-03-21	2025-03-19	no read audiobook in export	title/author	Fire Logic	Read	Book	2025-03-21	101571	17323921		9781931520393	
Earth Logic Elemental Logic, Book 2 (Unabridged)	Laurie J. Marks	2025-03-23	2025-03-21	unmatched—review candidates										Earth Logic / Laurie J. Marks [Read; Book; book 458071] | Water Logic / Laurie J. Marks [Want to Read; Book; book 458070] | Fire Logic / Laurie J. Marks [Read; Book; book 101571]
Tigana	Guy Gavriel Kay	2025-03-26	2025-03-23	no read audiobook in export; finish date missing/different	title/author	Tigana	Read	Book	2025-03-27	432215	14299413	198009036X		
Dungeon Crawler Carl	Matt Dinniman	2025-03-27	2025-03-26	no read audiobook in export	title/author	Dungeon Crawler Carl	Read	Ebook	2025-03-27	446681	30407789	B08V8B2CGV		
Earthshaker: A LitRPG Progression Fantasy	Plum Parrot	2025-03-28	2025-03-27		title/author	Earthshaker: A LitRPG Progression Fantasy	Read	Audio	2025-03-28	1821351	31945251	B0DHW6BLHD		
Pit Fighter: A LitRPG Progression Fantasy	Plum Parrot	2025-03-28	2025-03-28	finish date missing/different	probable title match—review	Pit Fighter	Read	Audio		1451509	31885299	B0BPJV2YYV		
Dungeon Delver: A LitRPG Progression Fantasy	Plum Parrot	2025-03-28	2025-03-28	finish date missing/different	probable title match—review	Dungeon Delver	Read	Audio		1563860	31941684	B0BXBDB9QZ		
Spirit Hunter: A LitRPG Progression Fantasy	Plum Parrot	2025-03-28	2025-03-28	finish date missing/different	probable title match—review	Spirit Hunter	Read	Audio		1563857	31941686	B0CB73F915		
Titan Blood: A LitRPG Progression Fantasy	Plum Parrot	2025-03-28	2025-03-28	finish date missing/different	probable title match—review	Titan Blood	Read	Audio		1563858	31942127	B0CJ5WQDNL		
Battlemaster	Plum Parrot	2025-03-28	2025-03-28	finish date missing/different	title/author	Battlemaster	Read	Audio		1563844	31628502	B0CR4KVCDQ		
Magma Heart	Plum Parrot	2025-03-28	2025-03-28	finish date missing/different	title/author	Magma Heart	Read	Audio		1603700	31945310	B0CZVB6MXH		
The Primal Hunter 10	Zogarth	2025-03-28	2025-03-28	no read audiobook in export; finish date missing/different	title/author	The Primal Hunter 10	Read	Ebook		1390898	31418098	B0DK41WV5K		
The Primal Hunter 9: A LitRPG Adventure	Zogarth	2025-03-28	2025-03-28	no read audiobook in export; finish date missing/different	probable title match—review	The Primal Hunter 9	Read	Ebook		1175710	31229730	B0D6H2N1YL		
The Primal Hunter 8	Zogarth	2025-03-28	2025-03-28	no read audiobook in export; finish date missing/different	title/author	The Primal Hunter 8	Read	Ebook		1160718	31225984	B0CQYVL43H		
The Primal Hunter 7 - A LitRPG Adventure	Zogarth	2025-03-28	2025-03-28	no read audiobook in export; finish date missing/different	probable title match—review	The Primal Hunter 7	Read	Ebook		1093424	31229957	B0CLNJQQD7		
The Primal Hunter 6	Zogarth	2025-03-28	2025-03-28	no read audiobook in export; finish date missing/different	title/author	The Primal Hunter 6	Read	Book		1093426	31117444	B0CC6FHBQM		
The Primal Hunter 5	Zogarth	2025-03-28	2025-03-28	no read audiobook in export; finish date missing/different	title/author	The Primal Hunter 5	Read	Book		638217	30616101	B0C34GCYVT		
Primal Hunter 4	Zogarth	2025-03-28	2025-03-28	unmatched—review candidates								B0BK9W82PQ		The Primal Hunter 4 / Zogarth [Read; Book; book 638200] | The Primal Hunter 14 / Zogarth, Travis Baldree (Narrator) [Read; Audio; book 1975380] | The Primal Hunter / Zogarth [Read; Book; book 587435]
The Primal Hunter 3	Zogarth	2025-03-28	2025-03-28	no read audiobook in export; finish date missing/different	title/author	The Primal Hunter 3	Read	Book		995246	31019999	B0B6JM8KKV		
The Primal Hunter 2	Zogarth	2025-03-28	2025-03-28	no read audiobook in export; finish date missing/different	title/author	The Primal Hunter 2	Read	Book		587445	30554096	B09V5RZFDG		
The Primal Hunter	Zogarth	2025-03-28	2025-03-28	no read audiobook in export; finish date missing/different	title/author	The Primal Hunter	Read	Book	2024-11-04	587435	30554086	B09MWP4277		
The Primal Hunter 11	Zogarth	2025-03-29	2025-03-28	no read audiobook in export	title/author	The Primal Hunter 11	Read	Ebook	2025-03-29	1450207	31491621	B0DWG4J2SH		
The Jewel and Her Lapidary	Fran Wilde	2025-03-29	2025-03-29	not marked read; no read audiobook in export; finish date missing/different	title/author	The Jewel and Her Lapidary	Want to Read	Book		439200	30423919	B01FG740UC		
The Weaver and the Witch Queen	Genevieve Gornichec	2025-03-30	2025-03-29	no read audiobook in export	title/author	The Weaver and the Witch Queen	Read	Book	2025-03-30	770904	30772732	B0BLZS8KCT		
A Broken Blade	Melissa Blair	2025-03-31	2025-03-30	no read audiobook in export; finish date missing/different	title/author	A Broken Blade	Read	Ebook	2025-04-01	531621	30486720	B0B3GB8FYT		
A Shadow Crown	Melissa Blair	2025-04-02	2025-04-01	no read audiobook in export	title/author	A Shadow Crown	Read	Book	2025-04-02	713429	31756761	B0BV8ZH4MN		
Martyr!	Kaveh Akbar	2025-04-03	2025-04-02		identifier	Martyr!	Read	Audio	2025-04-03	1011167	31829366	B0C4C6RH3P		
The Seven Husbands of Evelyn Hugo	Taylor Jenkins Reid	2025-04-03	2025-04-03		title/author	The Seven Husbands of Evelyn Hugo	Read	Audio	2025-04-03	340654	24217974	B072359S7K		
Bianca Torre Is Afraid of Everything	Justine Pucella Winans	2025-04-04	2025-04-03	no read audiobook in export	title/author	Bianca Torre Is Afraid of Everything	Read	Book	2025-04-04	454010	30408716	B0B7CQ7CLD		
Afterlove	Tanya Byrne	2025-04-04	2025-04-04	no read audiobook in export; finish date missing/different	identifier	Afterlove	Read	Book	2025-04-05	451957	31938123	1444962469		
Last Night at the Telegraph Club	Malinda Lo	2025-04-05	2025-04-04		title/author	Last Night at the Telegraph Club	Read	Audio	2025-04-05	444262	30768018	0593341643		
The Seep	Chana Porter	2025-04-05	2025-04-05		identifier	The Seep	Read	Audio	2025-04-05	452807	32164691	1721358595		
You Exist Too Much	Zaina Arafat	2025-04-06	2025-04-05	no read audiobook in export	title/author	You Exist Too Much	Read	Book	2025-04-06	436333	21249776	1696601614		
Yerba Buena	Nina LaCour	2025-04-06	2025-04-06		identifier	Yerba Buena	Read	Audio	2025-04-06	502345	31813249	1250837839		
The Mercies	Kiran Millwood Hargrave	2025-04-07	2025-04-06		title/author	The Mercies	Read	Audio	2025-04-07	434670	8588498	1549150421		
The Falling in Love Montage	Ciara Smyth	2025-04-08	2025-04-07	no read audiobook in export	title/author	The Falling in Love Montage	Read	Ebook	2025-04-08	441551	20420903	0063012553		
An Unkindness of Ghosts	Rivers Solomon	2025-04-11	2025-04-08		title/author	An Unkindness of Ghosts	Read	Audio	2025-04-11	430969	30746686	B0752WK6HB		
Ophelia After All	Racquel Marie	2025-04-12	2025-04-11	no read audiobook in export; finish date missing/different	probable title match—review	Ophelia After All	Read	Book	2025-04-13	455367	31673825	B09JYKJ4VM		
Mistakes Were Made	Meryl Wilsner	2025-04-17	2025-04-15	no read audiobook in export	title/author	Mistakes Were Made	Read	Book	2025-04-17	504004	30454215	B09Q74K9DR		
The Outside	Ada Hoffmann	2025-04-20	2025-04-17	finish date missing/different	title/author	The Outside	Read	Audio	2025-04-21	448770	31984396	1980014892		
Love Points to You	Alice Lin	2025-04-22	2025-04-21	finish date missing/different	title/author	Love Points to You	Read	Audio	2025-04-24	1661068	32164633	B0D6C43D8B		
The Spear Cuts Through Water	Simon Jimenez	2025-04-24	2025-04-20	finish date missing/different	title/author	The Spear Cuts Through Water	Read	Audio	2025-04-25	455897	31446098	B0D1ZDM86M		
Hunger Makes the Wolf	Alex Wells	2025-04-25	2025-04-24		title/author	Hunger Makes the Wolf	Read	Audio	2025-04-25	469508	31988343	B06WRRWDDZ		
The Devourers	Indra Das	2025-04-26	2025-04-25		title/author	The Devourers	Read	Audio	2025-04-26	441160	32164653	B01HZWVYZA		
In the Ravenous Dark	A.M. Strickland	2025-04-26	2025-04-26	finish date missing/different	title/author	In the Ravenous Dark	Read	Audio	2025-04-28	1240181	31265197	1250834031		
A Magic Steeped in Poison	Judy I. Lin	2025-04-28	2025-04-26		title/author	A Magic Steeped in Poison	Read	Audio	2025-04-28	455484	30663368	059355650X		
To the Bone	Alena Bruzas	2025-04-28	2025-04-28	no read audiobook in export; finish date missing/different	title/author	To the Bone	Read	Book	2025-01-18	1463352	31507600	B0CQ8Y671Z		
All the Bad Apples	Moïra Fowley-Doyle	2025-04-29	2025-04-28	no read audiobook in export; finish date missing/different	title/author	All the Bad Apples	Read	Book	2025-04-30	451272	5867129	059310613X		
The Archer	Shruti Swamy	2025-04-29	2025-04-29	finish date missing/different	identifier	The Archer	Read	Audio	2025-04-30	455618	32164683	1649040776		
From Dust, a Flame	Rebecca Podos	2025-04-30	2025-04-29		identifier	From Dust, a Flame	Read	Audio	2025-04-30	455180	31686938	0063220733		
All the Hearts You Eat	Hailey Piper	2025-05-02	2025-04-30	no read audiobook in export	probable title match—review	All the Hearts You Eat	Read	Book	2025-05-02	1195091	32164640	B0CYF1XVFS		
Amma	Saraid de Silva	2025-05-03	2025-05-02		identifier	Amma	Read	Audio	2025-05-03	1276188	31997848	B0F3BYZZD8		
The Name-Bearer	Natalia Hernandez	2025-05-04	2025-05-04	no read audiobook in export; finish date missing/different	title/author	The Name-Bearer	Read	Book	2025-05-05	465215	30558066	B0CFBFHFV3		
The Invisible Life of Addie LaRue	V.E. Schwab	2025-05-05	2025-05-05	finish date missing/different	identifier	The Invisible Life of Addie LaRue	Read	Audio	2025-02-23	427524	30550645	125077795X		
The Tyrant Baru Cormorant	Seth Dickinson	2025-05-05	2025-05-05	no read audiobook in export; finish date missing/different	identifier	The Tyrant Baru Cormorant	Read	Book	2025-02-07	440878	31913595	1250264189		
The Unbroken	C.L. Clark	2025-05-05	2025-05-05	no read audiobook in export; finish date missing/different	title/author	The Unbroken	Read	Book	2025-01-07	428981	15344711	1549133861		
The Follower of Flowers	Natalia Hernandez	2025-05-05	2025-05-04	no read audiobook in export	title/author	The Follower of Flowers	Read	Book	2025-05-05	1112763	31267681	B0CNQSZLYW		
The Last Hour Between Worlds	Melissa Caruso	2025-05-06	2025-05-05		title/author	The Last Hour Between Worlds	Read	Audio	2025-05-06	1088302	31958490	B0CYVK133R		
Black Girl, Call Home	Jasmine Mans	2025-05-06	2025-05-06	unmatched—review candidates								0593346874		Black House / Stephen King, Peter Straub, Frank Muller (Narrator) [Want to Read; Audio; book 381281] | Black Magic Sanction / Kim Harrison [Read; Book; book 278985] | Black Iris / Elliot Wake [Want to Read; Book; book 503909]
Oath of Fire	K. Arsenault Rivera	2025-05-07	2025-05-07	no read audiobook in export; finish date missing/different	probable title match—review	Oath of Fire	Read	Book	2025-05-09	1160415	32164698	B0CQ8WVJGL		
Quill and Still	Aaron Sofaer	2025-05-09	2025-05-07	unmatched—review candidates								B0F3JZ9H4S		Grand Skill / Melas Delta, V.A.  Lewis [Read; Ebook; book 932975] | Unholy Land / Lavie Tidhar [Want to Read; Book; book 449988] | Planetfall / Emma Newman [Want to Read; Ebook; book 436902]
Starling Days	Rowan Hisayo Buchanan	2025-05-10	2025-05-09	no read audiobook in export; finish date missing/different	title/author	Starling Days	Read	Book	2025-05-12	452004	32164632	109413807X		
Overgrowth	Mira Grant	2025-05-11	2025-05-10	not marked read; no read audiobook in export; finish date missing/different	title/author	Overgrowth	Want to Read	Ebook		1634509	31844326	B0DFR282FJ		
Here We Go Again	Alison Cochrun	2025-05-11	2025-05-11	finish date missing/different	title/author	Here We Go Again	Read	Audio	2025-02-07	735691	31600902	B0C87KGQ6D		
All My Mother's Lovers	Ilana Masad	2025-05-11	2025-05-11	no read audiobook in export; finish date missing/different	identifier	All My Mother's Lovers	Read	Book	2025-01-11	456676	31913599	0593211111		
Ruinsong	Julia Ember	2025-05-12	2025-05-11	not marked read; no read audiobook in export; finish date missing/different	title/author	Ruinsong	Want to Read	Book		40098	17580379	166205047X		
Thirst	Marina Yuszczuk, Heather Cleary - translator	2025-05-12	2025-05-12	no read audiobook in export	title/author	Thirst	Read	Ebook	2025-05-12	1061518	31085639	B0CB98N62J		
Sister, Maiden, Monster	Lucy A. Snyder	2025-05-12	2025-05-12	no read audiobook in export; finish date missing/different	probable title match—review	Sister, Maiden, Monster	Read	Book	2025-05-13	584716	31880259	B0B1KHB8LB		
Don't Let the Forest In	C.G. Drews	2025-05-13	2025-05-12	not marked read; no read audiobook in export; finish date missing/different	title/author	Don't Let the Forest In	Want to Read	Book		1043383	31067702	B0D9WL1F4T		
The Wicked and the Willing	Lianyu Tan	2025-05-14	2025-05-14	finish date missing/different	title/author	The Wicked and the Willing	Read	Audio	2025-05-15	1066141	31823023	B0BT8JG6PG		
The Mermaid, the Witch, and the Sea	Maggie Tokuda-Hall	2025-05-15	2025-05-14	no read audiobook in export	title/author	The Mermaid, the Witch, and the Sea	Read	Book	2025-05-15	111330	31112267	1799748537		
A Dowry of Blood	S.T. Gibson	2025-05-16	2025-05-15		title/author	A Dowry of Blood	Read	Audio	2025-05-16	450530	30716815	1666109029		
Plain Bad Heroines	Emily M. Danforth	2025-05-17	2025-05-16	finish date missing/different	title/author	Plain Bad Heroines	Read	Audio	2025-05-18	429074	20316161	0062942883		
Willa & Hesper	Amy Feltman	2025-05-18	2025-05-17	no read audiobook in export	title/author	Willa & Hesper	Read	Book	2025-05-18	449682	32164679	1478999810		
Shut Up You’re Pretty	Téa Mutonji	2025-05-18	2025-05-18		identifier	Shut Up You're Pretty	Read	Audio	2025-05-18	449725	32164680	1773055593		
Tryst Six Venom	Penelope Douglas	2025-05-18	2025-05-18	no read audiobook in export	title/author	Tryst Six Venom	Read	Book	2025-05-18	506111	30457149	B09KP18PC2		
The Safekeep	Yael van der Wouden	2025-05-19	2025-05-19	no read audiobook in export; finish date missing/different	probable title match—review	The Safekeep	Read	Book	2025-01-05	1083952	31913555	B0CLFFDC9D		
The Wandering Inn	Pirateaba	2025-05-19	2025-05-19	no read audiobook in export; finish date missing/different	title/author	The Wandering Inn	Read	Ebook		446694	31126148	1774240327		
Hell's Wardens	Pirateaba	2025-05-19	2025-05-19	not marked read; no read audiobook in export; finish date missing/different	title/author	Hell's Wardens	Want to Read	Ebook		1576138	31901874	B0DCCZ5MG2		
Fae and Fare	Pirateaba	2025-05-19	2025-05-19	no read audiobook in export; finish date missing/different	title/author	Fae and Fare	Read	Ebook		446699	30407810	1774241544		
Flowers of Esthelm	Pirateaba	2025-05-19	2025-05-19	no read audiobook in export; finish date missing/different	title/author	Flowers of Esthelm	Read	Ebook		898265	30919996	1774248123		
Winter Solstice	Pirateaba	2025-05-19	2025-05-19	finish date missing/different	title/author	Winter Solstice	Read	Audio		446666	31219798	1039403360		
The Last Light	Pirateaba	2025-05-19	2025-05-19	no read audiobook in export; finish date missing/different	title/author	The Last Light	Read	Ebook		646503	30625722	B09FR6RBVY		
The General of Izril	Pirateaba	2025-05-19	2025-05-19	finish date missing/different	title/author	The General of Izril	Read	Audio		1078919	30919994	B09SJ1T9KF		
Rains of Liscor	Pirateaba	2025-05-19	2025-05-19	unmatched—review candidates								B09XYL9MQJ		The Rains of Liscor / pirateaba [Read; Ebook; book 1128283] | Tears of Liscor / pirateaba, Andrea Parsneau [Read; Audio; book 791490] | Blood of Liscor / pirateaba [Read; Book; book 707984]
Blood of Liscor	Pirateaba	2025-05-19	2025-05-19	no read audiobook in export; finish date missing/different	title/author	Blood of Liscor	Read	Book		707984	30698682	B0BDP2WRX7		
Tears of Liscor	Pirateaba	2025-05-19	2025-05-19	finish date missing/different	title/author	Tears of Liscor	Read	Audio		791490	31219801	B0BSS6X5KF		
The Wind Runner	Pirateaba	2025-05-19	2025-05-19	no read audiobook in export; finish date missing/different	title/author	The Wind Runner	Read	Ebook		1080261	31104310	B0C82TS539		
The Titan of Baleros	Pirateaba	2025-05-19	2025-05-19	no read audiobook in export; finish date missing/different	title/author	The Titan of Baleros	Read	Ebook		1080265	31104314	B0CFRKVQJ5		
The Witch of Webs	Pirateaba	2025-05-19	2025-05-19	finish date missing/different	title/author	The Witch of Webs	Read	Audio		1465445	31510324	B0CXFCNFKZ		
The Empress of Beasts	Pirateaba	2025-05-19	2025-05-19	no read audiobook in export; finish date missing/different	title/author	The Empress of Beasts	Read	Ebook		1494206	31525707	B0D7F6BZBC		
Hearing Red	Nicole Maser	2025-05-19	2025-05-19	no read audiobook in export; finish date missing/different	title/author	Hearing Red	Read	Book	2025-01-10	1375141	31400189	B0DM9STYKM		
Scorched Grace	Margot Douaihy	2025-05-19	2025-05-19	no read audiobook in export; finish date missing/different	title/author	Scorched Grace	Read	Book	2024-12-28	629297	30605528	B0BN6MJSC5		
The Churn	James S. A. Corey	2025-05-19	2025-05-19	not marked read; no read audiobook in export; finish date missing/different	title/author	The Churn	Want to Read	Book		431008	30448347	B09JB2RSL3		
The Churn	James S. A. Corey	2025-05-19	2025-05-19	not marked read; no read audiobook in export; finish date missing/different	title/author	The Churn	Want to Read	Book		431008	30448347	B09JB2RSL3		
Leviathan Wakes	James S. A. Corey	2025-05-19	2025-05-19	no read audiobook in export; finish date missing/different	title/author	Leviathan Wakes	Read	Book		427621	30552943	B073H9PF2D		
Leviathan Wakes	James S. A. Corey	2025-05-19	2025-05-19	no read audiobook in export; finish date missing/different	title/author	Leviathan Wakes	Read	Book		427621	30552943	B00P9XDQFY		
Caliban's War	James S. A. Corey	2025-05-19	2025-05-19	no read audiobook in export; finish date missing/different	title/author	Caliban's War	Read	Book		434434	29504130	B075DK95GS		
Caliban's War	James S. A. Corey	2025-05-19	2025-05-19	no read audiobook in export; finish date missing/different	title/author	Caliban's War	Read	Book		434434	29504130	B075DK95GS		
Gods of Risk	James S. A. Corey	2025-05-19	2025-05-19	not marked read; no read audiobook in export; finish date missing/different	title/author	Gods of Risk	Want to Read	Audio		430926	8582300	B09JB97WRH		
Gods of Risk	James S. A. Corey	2025-05-19	2025-05-19	not marked read; no read audiobook in export; finish date missing/different	title/author	Gods of Risk	Want to Read	Audio		430926	8582300	B09JB97WRH		
Abaddon's Gate	James S. A. Corey	2025-05-19	2025-05-19	no read audiobook in export; finish date missing/different	title/author	Abaddon's Gate	Read	Book		430976	23959925	1549142194		
Abaddon's Gate	James S. A. Corey	2025-05-19	2025-05-19	no read audiobook in export; finish date missing/different	title/author	Abaddon's Gate	Read	Book		430976	23959925	B00T6ODYMC		
Cibola Burn	James S. A. Corey	2025-05-19	2025-05-19	no read audiobook in export; finish date missing/different	title/author	Cibola Burn	Read	Book		431006	30557817	B00K7PP15W		
Nemesis Games	James S. A. Corey	2025-05-19	2025-05-19	no read audiobook in export; finish date missing/different	title/author	Nemesis Games	Read	Book		431010	30559887	B00Y1O1FYG		
The Vital Abyss	James S. A. Corey	2025-05-19	2025-05-19	finish date missing/different	title/author	The Vital Abyss	Read	Audio		431012	30400891	B016MXFWII		
The Vital Abyss	James S. A. Corey	2025-05-19	2025-05-19	finish date missing/different	title/author	The Vital Abyss	Read	Audio		431012	30400891	B016MXFWII		
Babylon's Ashes	James S. A. Corey	2025-05-19	2025-05-19	no read audiobook in export; finish date missing/different	title/author	Babylon's Ashes	Read	Book		430940	1488067	B01D53NPLO		
Strange Dogs	James S. A. Corey	2025-05-19	2025-05-19	no read audiobook in export; finish date missing/different	title/author	Strange Dogs	Read	Book		431017	30400895	B073X5V27J		
Strange Dogs	James S. A. Corey	2025-05-19	2025-05-19	no read audiobook in export; finish date missing/different	title/author	Strange Dogs	Read	Book		431017	30400895	B073X5V27J		
Persepolis Rising	James S. A. Corey	2025-05-19	2025-05-19	no read audiobook in export; finish date missing/different	title/author	Persepolis Rising	Read	Book		430938	30444881	B074XM52YQ	9781501965630	
Auberon	James S. A. Corey	2025-05-19	2025-05-19	no read audiobook in export; finish date missing/different	title/author	Auberon	Read	Ebook		430999	30448357	1549170090		
Tiamat's Wrath	James S. A. Corey	2025-05-19	2025-05-19	no read audiobook in export; finish date missing/different	title/author	Tiamat's Wrath	Read	Book	2025-12-15	430977	14025078	1980006520	9781980006527	
Tiamat's Wrath	James S. A. Corey	2025-05-19	2025-05-19	no read audiobook in export; finish date missing/different	title/author	Tiamat's Wrath	Read	Book	2025-12-15	430977	14025078	1980006520		
Leviathan Falls	James S.A. Corey	2025-05-19	2025-05-19	not marked read; no read audiobook in export; finish date missing/different	identifier	The Extinction Trials	Want to Read	Audio		507206	32096578	1980035962	9781980035961	
Our Wives Under the Sea	Julia Armfield	2025-05-19	2025-05-19	no read audiobook in export; finish date missing/different	title/author	Our Wives Under the Sea	Read	Book	2025-01-25	473719	30394770	B09VTK47Q2	9781529017236	
Moon Called	Patricia Briggs	2025-05-19	2025-05-19	finish date missing/different	title/author	Moon Called	Read	Audio		300524	21830706	B002V5GNJ4		
Blood Bound	Patricia Briggs	2025-05-19	2025-05-19	no read audiobook in export; finish date missing/different	title/author	Blood Bound	Read	Ebook		244394	30536920	B002V1AG7S		
Iron Kissed	Patricia Briggs	2025-05-19	2025-05-19	no read audiobook in export; finish date missing/different	title/author	Iron Kissed	Read	Book		476895	5319772	B002V8MOTY		
Bone Crossed	Patricia Briggs	2025-05-19	2025-05-19	no read audiobook in export; finish date missing/different	title/author	Bone Crossed	Read	Book		430125	28811959	B002V9Z4SQ		
Silver Borne	Patricia Briggs	2025-05-19	2025-05-19	no read audiobook in export; finish date missing/different	title/author	Silver Borne	Read	Book		286218	30400509	B003C1UL94		
River Marked	Patricia Briggs	2025-05-19	2025-05-19	no read audiobook in export; finish date missing/different	title/author	River Marked	Read	Book		459761	31320601	B004O416JW		
Frost Burned	Patricia Briggs	2025-05-19	2025-05-19	no read audiobook in export; finish date missing/different	title/author	Frost Burned	Read	Book		473412	30400510	B00BL7ZMTK		
Night Broken	Patricia Briggs	2025-05-19	2025-05-19	no read audiobook in export; finish date missing/different	title/author	Night Broken	Read	Book		430206	30536938	B00I2WV0WA		
Fire Touched	Patricia Briggs	2025-05-19	2025-05-19	no read audiobook in export; finish date missing/different	title/author	Fire Touched	Read	Book		429935	5156151	B01BI1X19Q		
Silence Fallen	Patricia Briggs	2025-05-19	2025-05-19	no read audiobook in export; finish date missing/different	title/author	Silence Fallen	Read	Ebook		429936	3263984	B01MYVARKX		
Storm Cursed	Patricia Briggs	2025-05-19	2025-05-19	no read audiobook in export; finish date missing/different	title/author	Storm Cursed	Read	Ebook		430482	30412140	069819604X		
Smoke Bitten	Patricia Briggs	2025-05-19	2025-05-19	no read audiobook in export; finish date missing/different	title/author	Smoke Bitten	Read	Book		430205	18762229	0593165764		
Soul Taken	Patricia Briggs	2025-05-19	2025-05-19	not marked read; no read audiobook in export; finish date missing/different	title/author	Soul Taken	Want to Read	Book		502017	30458465	0593553675		
Shifting Shadows	Patricia Briggs	2025-05-19	2025-05-19	unmatched—review candidates								B00MPWQ4WY		Hunting Ground / Patricia Briggs [Read; Book; book 209586] | A Gathering of Shadows / V. E. Schwab, Michael Kramer (Narrator), Kate Reading (Narrator) [Read; Audio; book 358274] | Heir to the Shadows / Anne Bishop [Read; Book; book 446147]
Accidental Duelist	Jamie Davis, C.J. Davis	2025-05-19	2025-05-19	unmatched—review candidates								B07GJ582SN		Accidental Thief /  [Read; Book; book 770163] | The Accidental Bite /  [Want to Read; Book; book 2156040] | An Accident of Stars / Foz Meadows [Want to Read; Book; book 327438]
Accidental Raider	Jamie Davis, C.J. Davis	2025-05-19	2025-05-19	unmatched—review candidates								B07J5QB538		Accidental Thief /  [Read; Book; book 770163] | The Accidental Bite /  [Want to Read; Book; book 2156040] | An Accident of Stars / Foz Meadows [Want to Read; Book; book 327438]
Accidental Dragoon	Jamie Davis, C.J. Davis	2025-05-19	2025-05-19	unmatched—review candidates								B07MKPG9ZH		Accidental Thief /  [Read; Book; book 770163] | Lady Dragon / A.M.  Strickland [Want to Read; Book; book 735349] | A Dance with Dragons / George R.R. Martin [Read; Ebook; book 144636]
Scamps & Scoundrels	Eric Ugland	2025-05-19	2025-05-19	no read audiobook in export; finish date missing/different	title/author	Scamps & Scoundrels	Read	Book		995041	31019792	1541435362	9781541435360	
Second Story Man	Eric Ugland	2025-05-19	2025-05-19	no read audiobook in export; finish date missing/different	title/author	Second Story Man	Read	Ebook		638178	30616063	154143644X	9781541436442	
Skull and Thrones	Eric Ugland	2025-05-19	2025-05-19	no read audiobook in export; finish date missing/different	title/author	Skull and Thrones	Read	Ebook		638177	30616062	1541436458	9781541436459	
War of the Posers	Eric Ugland	2025-05-19	2025-05-19	no read audiobook in export; finish date missing/different	title/author	War of the Posers	Read	Ebook		638176	30616061	1705236545	9781705236543	
Seas the Day	Eric Ugland	2025-05-19	2025-05-19	no read audiobook in export; finish date missing/different	title/author	Seas the Day	Read	Ebook		638110	30615994	1705236561	9781705236567	
High Gloom	Eric Ugland	2025-05-19	2025-05-19	no read audiobook in export; finish date missing/different	title/author	High Gloom	Read	Ebook		638109	30615993	1705236588	9781705236581	
Back to One	Eric Ugland	2025-05-19	2025-05-19	no read audiobook in export; finish date missing/different	title/author	Back to One	Read	Ebook		637883	30615752	B09PSVRV4J	9781666176247	
Trick of the Night	Eric Ugland	2025-05-19	2025-05-19	no read audiobook in export; finish date missing/different	title/author	Trick Of The Night	Read	Ebook		637863	30615732	B09XJ79C11	9781666176261	
2 Lies, 2 Thrones	Eric Ugland	2025-05-19	2025-05-19	no read audiobook in export; finish date missing/different	probable title match—review	2 Lies, 2 Thrones	Read	Book		1981771	31687310	B0D7XWC9YR		
The Golem and the Jinni	Helene Wecker	2025-05-19	2025-05-19	unmatched—review candidates								B00BU8KV2S		The Golem and the Djinni / Helene Wecker [Read; Book; book 498604] | The Tree and the Vine / Lillian Faderman (Afterword), Dola de Jong [Want to Read; Book; book 447548] | The Wolf and the Woodsman / Ava Reid, Saskia Maarleveld (Narrator) [Read; Audio; book 428740]
The Hidden Palace	Helene Wecker	2025-05-19	2025-05-19	no read audiobook in export; finish date missing/different	title/author	The Hidden Palace	Read	Book		434198	18067279	0063097370		
The Hidden Palace	Helene Wecker	2025-05-19	2025-05-19	no read audiobook in export; finish date missing/different	title/author	The Hidden Palace	Read	Book		434198	18067279	0063097370		
An Ancient Peace	Tanya Huff	2025-05-19	2025-05-19	no read audiobook in export; finish date missing/different	title/author	An Ancient Peace	Read	Ebook		458741	31687447	B014RNF5FA		
A Peace Divided	Tanya Huff	2025-05-19	2025-05-19	no read audiobook in export; finish date missing/different	title/author	A Peace Divided	Read	Ebook		458742	31687368	B0711YPX7G		
The Privilege of Peace	Tanya Huff	2025-05-19	2025-05-19	no read audiobook in export; finish date missing/different	title/author	The Privilege of Peace	Read	Book		461341	30524748	B07DNH7DCM		
Valor's Choice	Tanya Huff	2025-05-19	2025-05-19	no read audiobook in export; finish date missing/different	title/author	Valor's Choice	Read	Book		458189	30433099	B002V5GTAM	9781400179923	
The Better Part of Valor	Tanya Huff	2025-05-19	2025-05-19	no read audiobook in export; finish date missing/different	title/author	The Better Part of Valor	Read	Book		457634	30433060	B002VACF4Q	9781400179916	
The Heart of Valor	Tanya Huff	2025-05-19	2025-05-19	no read audiobook in export; finish date missing/different	title/author	The Heart of Valor	Read	Book		325952	30424589	B002V8HIFE	9781400179893	
Valor's Trial	Tanya Huff	2025-05-19	2025-05-19	no read audiobook in export; finish date missing/different	title/author	Valor's Trial	Read	Book		179916	15075092	B002V5D5WW	9781400179909	
The Truth of Valor	Tanya Huff	2025-05-19	2025-05-19	no read audiobook in export; finish date missing/different	title/author	The Truth of Valor	Read	Book		283569	30520314	B00425UXPQ	9781400188390	
Beneath the Dragoneye Moons	Selkie Myth	2025-05-19	2025-05-19	unmatched—review candidates								1039402259		Adventures in the Argo / Selkie Myth [Read; Ebook; book 637839] | New Horizons / Selkie Myth [Read; Ebook; book 638242] | Return to Remus / Selkie Myth [Read; Ebook; book 995089]
Beneath the Dragoneye Moons 2	Selkie Myth	2025-05-19	2025-05-19	unmatched—review candidates								1039402313		Adventures in the Argo / Selkie Myth [Read; Ebook; book 637839] | New Horizons / Selkie Myth [Read; Ebook; book 638242] | Return to Remus / Selkie Myth [Read; Ebook; book 995089]
Beneath the Dragoneye Moons 3	Selkie Myth	2025-05-19	2025-05-19	unmatched—review candidates								B09CF14FKD		Adventures in the Argo / Selkie Myth [Read; Ebook; book 637839] | New Horizons / Selkie Myth [Read; Ebook; book 638242] | Return to Remus / Selkie Myth [Read; Ebook; book 995089]
Beneath the Dragoneye Moons 4	Selkie Myth	2025-05-19	2025-05-19	unmatched—review candidates								B09L5BBJ6X		Adventures in the Argo / Selkie Myth [Read; Ebook; book 637839] | New Horizons / Selkie Myth [Read; Ebook; book 638242] | Return to Remus / Selkie Myth [Read; Ebook; book 995089]
Beneath the Dragoneye Moons 5	Selkie Myth	2025-05-19	2025-05-19	unmatched—review candidates								B09SNZJ74S		Adventures in the Argo / Selkie Myth [Read; Ebook; book 637839] | New Horizons / Selkie Myth [Read; Ebook; book 638242] | Return to Remus / Selkie Myth [Read; Ebook; book 995089]
Beneath the Dragoneye Moons 6	Selkie Myth	2025-05-19	2025-05-19	unmatched—review candidates								B09ZBKXSSD		Adventures in the Argo / Selkie Myth [Read; Ebook; book 637839] | New Horizons / Selkie Myth [Read; Ebook; book 638242] | Return to Remus / Selkie Myth [Read; Ebook; book 995089]
Return to Remus	Selkie Myth	2025-05-19	2025-05-19	no read audiobook in export; finish date missing/different	title/author	Return to Remus	Read	Ebook		995089	31019840	B0BYQ5SXPP	9781039426092	
New Horizons	Selkie Myth	2025-05-19	2025-05-19	no read audiobook in export; finish date missing/different	title/author	New Horizons	Read	Ebook		638242	30616126	B0C2RDTH2X	9781039426146	
The Gladiator Gauntlet	Selkie Myth	2025-05-19	2025-05-19	no read audiobook in export; finish date missing/different	title/author	The Gladiator Gauntlet	Read	Ebook		638206	30616091	B0C673LP5N		
Under Ashen Skies	Selkie Myth	2025-05-19	2025-05-19	no read audiobook in export; finish date missing/different	title/author	Under Ashen Skies	Read	Ebook		1182418	31207121	B0CP6T2DQP		
Deadhouse Gates	Steven Erikson	2025-05-19	2025-05-19	no read audiobook in export; finish date missing/different	title/author	Deadhouse Gates	Read	Book		210733	17121546	B00BJ5YWLS		
Memories of Ice	Steven Erikson	2025-05-19	2025-05-19	no read audiobook in export; finish date missing/different	title/author	Memories of Ice	Read	Book		133778	22499953	B00C295FWK		
House of Chains	Steven Erikson	2025-05-19	2025-05-19	no read audiobook in export; finish date missing/different	title/author	House of Chains	Read	Book		130810	1528251	B00GUTGVEE		
Midnight Tides	Steven Erikson	2025-05-19	2025-05-19	no read audiobook in export; finish date missing/different	title/author	Midnight Tides	Read	Book		289044	30426900	B00I2Y5NIK		
Midnight Tides	Steven Erikson	2025-05-19	2025-05-19	no read audiobook in export; finish date missing/different	title/author	Midnight Tides	Read	Book		289044	30426900	1473555167		
The Bonehunters	Steven Erikson	2025-05-19	2025-05-19	no read audiobook in export; finish date missing/different	title/author	The Bonehunters	Read	Book		44100	1527364	B00J7XLAUK		
Reaper's Gale	Steven Erikson	2025-05-19	2025-05-19	no read audiobook in export; finish date missing/different	title/author	Reaper's Gale	Read	Book		236602	30557812	B00M4LRBY6		
Toll the Hounds	Steven Erikson	2025-05-19	2025-05-19	no read audiobook in export; finish date missing/different	title/author	Toll the Hounds	Read	Book		309316	31792755	B00UO410TW		
Toll the Hounds	Steven Erikson	2025-05-19	2025-05-19	no read audiobook in export; finish date missing/different	title/author	Toll the Hounds	Read	Book		309316	31792755	B00UO410TW		
Dust of Dreams	Steven Erikson	2025-05-19	2025-05-19	finish date missing/different	title/author	Dust of Dreams	Read	Audio		446326	23479765	B00U0IPOSK		
Dust of Dreams	Steven Erikson	2025-05-19	2025-05-19	finish date missing/different	title/author	Dust of Dreams	Read	Audio		446326	23479765	B00U0IPOSK		
The Crippled God	Steven Erikson	2025-05-19	2025-05-19	no read audiobook in export; finish date missing/different	title/author	The Crippled God	Read	Ebook		440991	30512982	B0118MSZCI		
Sing the Four Quarters	Tanya Huff	2025-05-19	2025-05-19	no read audiobook in export; finish date missing/different	title/author	Sing the Four Quarters	Read	Book		457167	30424588	B0784XT5NY		
Fifth Quarter	Tanya Huff	2025-05-19	2025-05-19	no read audiobook in export; finish date missing/different	probable title match—review	Fifth Quarter	Read	Book		457209	30433189	B0778YPXSV		
No Quarter	Tanya Huff	2025-05-19	2025-05-19	no read audiobook in export; finish date missing/different	title/author	No Quarter	Read	Book		2026454	30433195	B078NHK2CT		
The Quartered Sea	Tanya Huff	2025-05-19	2025-05-19	no read audiobook in export; finish date missing/different	title/author	The Quartered Sea	Read	Book		457216	30433193	B079J4Z328		
Stray Cat Strut: A Young Lady's Journey to Becoming a Pop-Up Samurai	RavensDagger	2025-05-19	2025-05-19	finish date missing/different	title/author	Stray Cat Strut: A Young Lady's Journey to Becoming a Pop-Up Samurai	Read	Audio		768870	31149858	B09L5B5ZTK		
Stray Cat Strut 2	RavensDagger	2025-05-19	2025-05-19	finish date missing/different	title/author	Stray Cat Strut 2	Read	Audio		918825	31149860	B0BDGK8QLF		
Stray Cat Strut 3	RavensDagger	2025-05-19	2025-05-19	finish date missing/different	title/author	Stray Cat Strut 3	Read	Audio		917388	31149861	B0BLH1RPNG	9781039420342	
Stray Cat Strut 4	RavensDagger	2025-05-19	2025-05-19	finish date missing/different	title/author	Stray Cat Strut 4	Read	Audio		768871	31149873	B0C2R4K4NH		
Stray Cat Strut 5: A Cyberpunk LitRPG	RavensDagger	2025-05-19	2025-05-19	finish date missing/different	probable title match—review	Stray Cat Strut 5	Read	Audio		1125830	31150013	B0CHT5SLRV		
Metal from Heaven	August Clarke	2025-05-20	2025-05-18	no read audiobook in export	probable title match—review	Metal from Heaven	Read	Book	2025-05-20	1250823	32164700	B0DJRM6DPZ		
A Blade So Black	L.L. McKinney	2025-05-20	2025-05-20	no read audiobook in export	title/author	A Blade So Black	Read	Book	2025-05-20	448891	7282278	1250207304		
Quicksilver	Callie Hart	2025-05-21	2025-05-20		title/author	Quicksilver	Read	Audio	2025-05-21	1421303	31707189	B0DBJ8Y2K1		
A Darker Shade of Magic	V. E. Schwab	2025-05-22	2025-05-22	no read audiobook in export; finish date missing/different	title/author	A Darker Shade of Magic	Read	Ebook		374090	30399523	B00VVZPEX6		
Artificial Condition	Martha Wells	2025-05-22	2025-05-22	no read audiobook in export; finish date missing/different	title/author	Artificial Condition	Read	Book	2025-06-07	427537	7638727	B07BFDDWXN	9781501977831	
Artificial Condition (Dramatized Adaptation)	Martha Wells	2025-05-22	2025-05-22	unmatched—review candidates								B0CK9HTFG5		Artificial Condition / Martha Wells [Read; Book; book 427537] | A Court of Frost and Starlight [Dramatized Adaptation] / Sarah J. Maas, Colleen Delany (Other), Melody Muze (Narrator), Anthony Palmini (Narrator), Jon Vertullo (Narrator), Amanda Forstrom (Narrator), Shawn K. Jain (Narrator), Nora Achrati (Narrator), Karenna Foley (Narrator), Gabriel Michael (Narrator), Natalie Van Sistine (Narrator), Eva Wilhelm (Narrator), Henry W. Kramer (Narrator) [Want to Read; Audio; book 1715532] | Exit Strategy / Martha Wells [Read; Book; book 432448]
Rogue Protocol	Martha Wells	2025-05-22	2025-05-22	finish date missing/different	identifier	Rogue Protocol	Read	Audio	2025-06-08	427560	30615281	B07D9RHRH5	9781501999796	
Network Effect	Martha Wells	2025-05-22	2025-05-22	finish date missing/different	identifier	Network Effect	Read	Audio	2025-06-15	440171	30663334	1980021716		
Fugitive Telemetry	Martha Wells	2025-05-22	2025-05-22	finish date missing/different	identifier	Fugitive Telemetry	Read	Audio	2025-06-15	435167	30404883	1980080631		
Ink & Sigil	Kevin Hearne	2025-05-22	2025-05-22	no read audiobook in export; finish date missing/different	title/author	Ink & Sigil	Read	Book		430140	31515688	0593213882	9780593213889	
Paper & Blood	Kevin Hearne	2025-05-22	2025-05-22	no read audiobook in export; finish date missing/different	title/author	Paper & Blood	Read	Book		430141	27174476	0593214919	9780593214916	
Candle & Crow	Kevin Hearne	2025-05-22	2025-05-22	no read audiobook in export; finish date missing/different	title/author	Candle & Crow	Read	Book		1254793	31461371	B0CTNGWFB9		
Electric Angel: A Cyberpunk LitRPG	Plum Parrot	2025-05-22	2025-05-22	no read audiobook in export; finish date missing/different	probable title match—review	Electric Angel	Read	Ebook		1603697	31677238	B0CBNFGWT2		
Ghost Chrysalis: A Dystopian Sci-Fi Adventure	Plum Parrot	2025-05-22	2025-05-22	no read audiobook in export; finish date missing/different	title/author	Ghost Chrysalis: A Dystopian Sci-Fi Adventure	Read	Book		1612310	31687333	B0CJ5V8JMM		
Fortune's Envoy: A Dystopian Sci-Fi Adventure	Plum Parrot	2025-05-22	2025-05-22	no read audiobook in export; finish date missing/different	title/author	Fortune's Envoy: A Dystopian Sci-Fi Adventure	Read	Ebook		1612362	31687406	B0CPKT8GBD		
Jovian Reverie	Plum Parrot	2025-05-22	2025-05-22	no read audiobook in export; finish date missing/different	probable title match—review	Jovian Reverie: A Dystopian Sci-Fi Adventure	Read	Book		1612275	31687284	B0CZPL4VRQ		
By a Silver Thread	Rachel Aaron	2025-05-22	2025-05-22	no read audiobook in export; finish date missing/different	title/author	By a Silver Thread	Read	Book		1096992	31121017	B0C448L77M		
With a Golden Sword	Rachel Aaron	2025-05-22	2025-05-22	no read audiobook in export; finish date missing/different	title/author	With a Golden Sword	Read	Book		1254290	31279351	B0CJSKZ24L		
To the Bloody End	Rachel Aaron	2025-05-22	2025-05-22	no read audiobook in export; finish date missing/different	title/author	To the Bloody End	Read	Book		1254823	31279882	B0CT4B23YL		
The Sins on Their Bones	Laura R. Samotin	2025-05-22	2025-05-22	no read audiobook in export; finish date missing/different	probable title match—review	The Sins on Their Bones	Read	Book	2024-11-23	1086190	31687459	B0CKS19LMM		
Goddess Reborn!	Rain Harlow	2025-05-22	2025-05-22	unmatched—review candidates								B0CNSC8DKW		Goddess Charging / Rain Harlow, Giancarlo Herrera (Narrator), Hannah Schooner (Narrator) [Read; Audio; book 1686900] | Goddess Alchemy / Rain Harlow, Giancarlo Herrera (Narrator), Hannah Schooner (Narrator) [Read; Audio; book 2905536] | Goddess of the River / Vaishnavi Patel [Want to Read; Book; book 969084]
Goddess Descension	Rain Harlow	2025-05-22	2025-05-22	unmatched—review candidates								B0CZ28P5T1		Goddess Charging / Rain Harlow, Giancarlo Herrera (Narrator), Hannah Schooner (Narrator) [Read; Audio; book 1686900] | Goddess Alchemy / Rain Harlow, Giancarlo Herrera (Narrator), Hannah Schooner (Narrator) [Read; Audio; book 2905536] | Goddess Expansion: An Isekai LitRPG Fantasy / Rain Harlow, Giancarlo Herrera (Narrator), Hannah Schooner (Narrator) [Read; Audio; book 1686901]
Goddess Rising	Rain Harlow	2025-05-22	2025-05-22	unmatched—review candidates								B0D82F669C		Goddess Charging / Rain Harlow, Giancarlo Herrera (Narrator), Hannah Schooner (Narrator) [Read; Audio; book 1686900] | Goddess Alchemy / Rain Harlow, Giancarlo Herrera (Narrator), Hannah Schooner (Narrator) [Read; Audio; book 2905536] | Wrath Goddess Sing /  [Read; Book; book 455447]
Mandate of Heaven	Selkie Myth	2025-05-22	2025-05-22	no read audiobook in export; finish date missing/different	title/author	Mandate of Heaven	Read	Ebook		1131906	31319314	B0D48HJ8DC		
Curious Beginnings	V.A. Lewis	2025-05-22	2025-05-22	no read audiobook in export; finish date missing/different	title/author	Curious Beginnings	Read	Ebook		638163	30616048	1039402895		
A Demon's Pride: A LitRPG Adventure	V.A. Lewis	2025-05-22	2025-05-22	no read audiobook in export; finish date missing/different	probable title match—review	A Demon's Pride	Read	Ebook		637746	30615615	B09K4P7RR4		
The Plaguelands	V.A. Lewis	2025-05-22	2025-05-22	no read audiobook in export; finish date missing/different	title/author	The Plaguelands	Read	Ebook		932977	30958101	B09QD834XT		
Primeval Knowledge	V.A. Lewis	2025-05-22	2025-05-22	no read audiobook in export; finish date missing/different	title/author	Primeval Knowledge	Read	Ebook		932973	30958099	B0B69PVSKK		
Corruption and Centinels	V.A. Lewis	2025-05-22	2025-05-22	no read audiobook in export; finish date missing/different	title/author	Corruption and Centinels	Read	Ebook		932974	30958098	B0BBWHPDSP	9781039414662	
Grand Skill	V.A. Lewis	2025-05-22	2025-05-22	no read audiobook in export; finish date missing/different	title/author	Grand Skill	Read	Ebook		932975	30958097	B0C4QXTFCB	9781039427488	
Wretched Insect: A LitRPG Adventure	V.A. Lewis	2025-05-22	2025-05-22	no read audiobook in export; finish date missing/different	probable title match—review	Wretched Insect	Read	Ebook		933069	30958193	B0CCYZ6SY6		
The Treasures of Alexander: A LitRPG Adventure	V.A. Lewis	2025-05-22	2025-05-22	no read audiobook in export; finish date missing/different	probable title match—review	The Treasures of Alexander	Read	Ebook		933068	30958192	B0CJ3X78WQ		
Hellprinces: A LitRPG Adventure	V.A. Lewis	2025-05-22	2025-05-22	no read audiobook in export; finish date missing/different	probable title match—review	Hellprinces	Read	Ebook		1459839	31503074	B0CLDB9854		
To Play with Magic	Draith	2025-05-22	2025-05-22	no read audiobook in export; finish date missing/different	probable title match—review	To Play With Magic: A Mage Litrpg Adventure	Read	Ebook		1103492	31127508	B0CB728QS6		
Fleabag: A Monster Evolution LitRPG	SomeoneToForget	2025-05-22	2025-05-22	no read audiobook in export; finish date missing/different	title/author	Fleabag: A Monster Evolution LitRPG	Read	Book		1173884	31198351	B0CJK2Y3QF		
Mistrunner: A Cyberpunk LitRPG	Nicholas Searcy	2025-05-22	2025-05-22	no read audiobook in export; finish date missing/different	title/author	Mistrunner: A Cyberpunk LitRPG	Read	Book		1612375	31687420	B0CGF5NL4G		
Discount Armageddon	Seanan McGuire	2025-05-22	2025-05-22	no read audiobook in export; finish date missing/different	title/author	Discount Armageddon	Read	Book		439121	30742851	B00A4FS7YM		
Discount Armageddon	Seanan McGuire	2025-05-22	2025-05-22	no read audiobook in export; finish date missing/different	title/author	Discount Armageddon	Read	Book		439121	30742851	B00A4FS7YM		
Midnight Blue-Light Special	Seanan McGuire	2025-05-22	2025-05-22	no read audiobook in export; finish date missing/different	title/author	Midnight Blue-Light Special	Read	Ebook		468233	30447740	B00BFF3GS2		
Half-Off Ragnarok	Seanan McGuire	2025-05-22	2025-05-22	no read audiobook in export; finish date missing/different	title/author	Half-Off Ragnarok	Read	Book		458732	30386067	B00K1ENZPC		
Pocket Apocalypse	Seanan McGuire	2025-05-22	2025-05-22	no read audiobook in export; finish date missing/different	title/author	Pocket Apocalypse	Read	Book		340848	21363964	B00TFV51JU		
Chaos Choreography	Seanan McGuire	2025-05-22	2025-05-22	no read audiobook in export; finish date missing/different	title/author	Chaos Choreography	Read	Book		459495	30385945	B01AO691QI		
Magic for Nothing	Seanan McGuire	2025-05-22	2025-05-22	no read audiobook in export; finish date missing/different	title/author	Magic for Nothing	Read	Ebook		461498	30448030	B06XKL2HHS		
Tricks for Free	Seanan McGuire	2025-05-22	2025-05-22	no read audiobook in export; finish date missing/different	title/author	Tricks for Free	Read	Ebook		461252	30385924	B079YWPXQK		
That Ain't Witchcraft	Seanan McGuire	2025-05-22	2025-05-22	no read audiobook in export; finish date missing/different	title/author	That Ain't Witchcraft	Read	Ebook		476790	30411565	B07P7WV9HW		
Imaginary Numbers	Seanan McGuire	2025-05-22	2025-05-22	no read audiobook in export; finish date missing/different	title/author	Imaginary Numbers	Read	Book		459504	30385939	B0853F753S		
Calculated Risks	Seanan McGuire	2025-05-22	2025-05-22	no read audiobook in export; finish date missing/different	title/author	Calculated Risks	Read	Book		13688	1730076	B08XVM9PG7		
Spelunking Through Hell	Seanan McGuire	2025-05-22	2025-05-22	no read audiobook in export; finish date missing/different	title/author	Spelunking Through Hell	Read	Book		476217	30397586	B09T7783R1		
Backpacking Through Bedlam	Seanan McGuire	2025-05-22	2025-05-22	no read audiobook in export; finish date missing/different	title/author	Backpacking Through Bedlam	Read	Book		651393	30631997	B0BTTX5SPG		
Aftermarket Afterlife	Seanan McGuire	2025-05-22	2025-05-22	no read audiobook in export; finish date missing/different	title/author	Aftermarket Afterlife	Read	Book		1084104	31108140	B0CQKL1MDF		
A Small Town in Southern Illvaria: An Isekai LitRPG	Acaswell	2025-05-22	2025-05-22	no read audiobook in export; finish date missing/different	probable title match—review	A Small Town in Southern Illvaria	Read	Ebook		1019997	31044534	B0CFRK9ZK7		
Hunger Pangs	Joy Demorra	2025-05-22	2025-05-22	no read audiobook in export; finish date missing/different	probable title match—review	Hunger Pangs: True Love Bites: Fluff and Fangs	Read	Ebook	2025-01-06	573703	31708901	B0B2KC9FDB		
Rosemary and Rue	Seanan McGuire	2025-05-22	2025-05-22	no read audiobook in export; finish date missing/different	title/author	Rosemary and Rue	Read	Book		27719	31534965	B003N40JHE		
A Local Habitation	Seanan McGuire	2025-05-22	2025-05-22	no read audiobook in export; finish date missing/different	title/author	A Local Habitation	Read	Book		458726	30395516	B003C232NK		
An Artificial Night	Seanan McGuire	2025-05-22	2025-05-22	no read audiobook in export; finish date missing/different	title/author	An Artificial Night	Read	Ebook		458727	3381280	B00414KJUW		
Late Eclipses	Seanan McGuire	2025-05-22	2025-05-22	no read audiobook in export; finish date missing/different	title/author	Late Eclipses	Read	Ebook		458728	30447776	B005Z4TH46		
Late Eclipses	Seanan McGuire	2025-05-22	2025-05-22	no read audiobook in export; finish date missing/different	title/author	Late Eclipses	Read	Ebook		458728	30447776	B005Z4TH46		
One Salt Sea	Seanan McGuire	2025-05-22	2025-05-22	no read audiobook in export; finish date missing/different	title/author	One Salt Sea	Read	Book		458729	30395478	B005Z3FGO2		
Ashes of Honor	Seanan McGuire	2025-05-22	2025-05-22	no read audiobook in export; finish date missing/different	title/author	Ashes of Honor	Read	Ebook		461561	30447764	B00915EYF2		
Chimes at Midnight	Seanan McGuire	2025-05-22	2025-05-22	finish date missing/different	title/author	Chimes at Midnight	Read	Audio		346426	10472692	B00EED7OP8		
The Winter Long	Seanan McGuire	2025-05-22	2025-05-22	no read audiobook in export; finish date missing/different	title/author	The Winter Long	Read	Book		357084	24910611	B00N42IF8U		
A Red-Rose Chain	Seanan McGuire	2025-05-22	2025-05-22	no read audiobook in export; finish date missing/different	title/author	A Red-Rose Chain	Read	Ebook		474220	30447757	B0118JBF1E		
Once Broken Faith	Seanan McGuire	2025-05-22	2025-05-22	no read audiobook in export; finish date missing/different	title/author	Once Broken Faith	Read	Book		458731	30395321	B01KU8QI34		
The Brightest Fell	Seanan McGuire	2025-05-22	2025-05-22	no read audiobook in export; finish date missing/different	title/author	The Brightest Fell	Read	Book		458745	30395283	B0759M7QK6		
Night and Silence	Seanan McGuire	2025-05-22	2025-05-22	no read audiobook in export; finish date missing/different	title/author	Night and Silence	Read	Ebook		215626	32315185	B07H9BK8BS		
A Killing Frost	Seanan McGuire	2025-05-22	2025-05-22	no read audiobook in export; finish date missing/different	title/author	A Killing Frost	Read	Book		459505	30397831	B08HZJBBGH		
When Sorrows Come	Seanan McGuire	2025-05-22	2025-05-22	no read audiobook in export; finish date missing/different	title/author	When Sorrows Come	Read	Book		458748	30397731	B09G3L8WP1		
Be the Serpent	Seanan McGuire	2025-05-22	2025-05-22	no read audiobook in export; finish date missing/different	title/author	Be the Serpent	Read	Book		651439	30632046	B0BDSXQS5W		
Sleep No More	Seanan McGuire	2025-05-22	2025-05-22	no read audiobook in export; finish date missing/different	title/author	Sleep No More	Read	Book		460226	31141826	B0C7XFD1YZ		
Sleep No More	Seanan McGuire	2025-05-22	2025-05-22	no read audiobook in export; finish date missing/different	title/author	Sleep No More	Read	Book		460226	31141826	B0C7XFD1YZ		
The Innocent Sleep	Seanan McGuire	2025-05-22	2025-05-22	no read audiobook in export; finish date missing/different	title/author	The Innocent Sleep	Read	Book		1097245	31121269	B0CLGS2TC6		
Some Desperate Glory	Emily Tesh	2025-05-22	2025-05-22	no read audiobook in export; finish date missing/different	title/author	Some Desperate Glory	Read	Book		465106	31501092	B09YHYSMCT		
Starter Villain	John Scalzi	2025-05-22	2025-05-22	no read audiobook in export; finish date missing/different	title/author	Starter Villain	Read	Book		773299	30775702	B0C6FPMDGV		
The Grim Guys	Eric Ugland	2025-05-22	2025-05-22	unmatched—review candidates								B0C3WP44HL		The Bare Hunt / Eric Ugland [Read; Book; book 637919] | Flex in the City / Eric Ugland [Read; Book; book 637822] | Killing Them Awfully / Eric Ugland [Read; Book; book 637915]
A Stitch in Time	Andrew J. Robinson	2025-05-22	2025-05-22	no read audiobook in export; finish date missing/different	title/author	A Stitch in Time	Read	Book		467318	30385001	B0C8VHYFJ5		
The Three-Body Problem	Cixin Liu, Ken Liu	2025-05-22	2025-05-22	no read audiobook in export; finish date missing/different	title/author	The Three-Body Problem	Read	Book		208339	4682596	B0BVW67D5L		
The Dark Forest	Cixin Liu, Joel Martinsen - translator	2025-05-22	2025-05-22	no read audiobook in export; finish date missing/different	title/author	The Dark Forest	Read	Book	2023-12-01	427838	30492103	B010PKSKBA		
Death's End	Cixin Liu, Ken Liu - translator	2025-05-22	2025-05-22	no read audiobook in export; finish date missing/different	title/author	Death's End	Read	Book		427523	6929659	B01LW7OXWP		
Ever After	Kim Harrison	2025-05-22	2025-05-22	no read audiobook in export; finish date missing/different	title/author	Ever After	Read	Book		477400	30453583	B009R9KG5E		
The Undead Pool	Kim Harrison	2025-05-22	2025-05-22	no read audiobook in export; finish date missing/different	title/author	The Undead Pool	Read	Book		476182	30453582	B00HUBJFPI		
American Demon	Kim Harrison	2025-05-22	2025-05-22	not marked read; no read audiobook in export; finish date missing/different	title/author	American Demon	Want to Read	Book		459465	30397980	0593214137		
Million Dollar Demon	Kim Harrison	2025-05-22	2025-05-22	no read audiobook in export; finish date missing/different	title/author	Million Dollar Demon	Read	Book		461895	30397806	0593409744		
Trouble with the Cursed	Kim Harrison	2025-05-22	2025-05-22	no read audiobook in export; finish date missing/different	title/author	Trouble with the Cursed	Read	Book		503501	30453575	B09GX6GXP1		
Demons of Good and Evil	Kim Harrison	2025-05-22	2025-05-22	no read audiobook in export; finish date missing/different	title/author	Demons of Good and Evil	Read	Book		655482	30637115	B0BG96TCVH		
Perfect Shadow	Brent Weeks	2025-05-22	2025-05-22	no read audiobook in export; finish date missing/different	title/author	Perfect Shadow	Read	Ebook		1950990	30412281	B0053ZUL9C		
Night Angel Nemesis	Brent Weeks	2025-05-22	2025-05-22	unmatched—review candidates								B0BHTX4773		Untitled Nemesis 3 / April Daniels [Want to Read; Ebook; book 1266256] | The Broken Eye / Brent Weeks [Read; Book; book 12127] | The Burning White / Brent Weeks [Read; Book; book 446514]
The Way of Shadows	Brent Weeks	2025-05-22	2025-05-22	no read audiobook in export; finish date missing/different	title/author	The Way of Shadows	Read	Book		196346	30400849	B0BLXKN5FV	9781668629994	
The Way of Shadows	Brent Weeks	2025-05-22	2025-05-22	no read audiobook in export; finish date missing/different	title/author	The Way of Shadows	Read	Book		196346	30400849	B09GWC6SB7		
Shadow's Edge	Brent Weeks	2025-05-22	2025-05-22	no read audiobook in export; finish date missing/different	title/author	Shadow's Edge	Read	Book		249941	30598308	B0BLXMQ833	9781668630013	
Beyond the Shadows	Brent Weeks	2025-05-22	2025-05-22	no read audiobook in export; finish date missing/different	title/author	Beyond the Shadows	Read	Book		59766	30819856	B0BLY76VZS	9781668630037	
The Brightest Shadow	Sarah Lin	2025-05-22	2025-05-22	no read audiobook in export; finish date missing/different	title/author	The Brightest Shadow	Read	Book		446708	30407819	177424568X		
The Mayor of Noobtown	Ryan Rimmel	2025-05-22	2025-05-22	no read audiobook in export; finish date missing/different	identifier	The Mayor of Noobtown	Read	Ebook		646489	30625708	1774240122		
The Village of Noobtown	Ryan Rimmel	2025-05-22	2025-05-22	unmatched—review candidates								1774240963		Village of Noobtown / Ryan Rimmel [Read; Ebook; book 646490] | The Mayor of Noobtown / Ryan Rimmel [Read; Ebook; book 646489] | The War of the Noobs / Ryan Rimmel [Read; Ebook; book 1575192]
Castle of the Noobs	Ryan Rimmel	2025-05-22	2025-05-22	no read audiobook in export; finish date missing/different	identifier	Castle of the Noobs	Read	Ebook		646488	30625707	177424389X		
Dungeons and Noobs	Ryan Rimmel	2025-05-22	2025-05-22	no read audiobook in export; finish date missing/different	identifier	Dungeons and Noobs	Read	Ebook		646487	30625706	1774246678		
Noob Game Plus	Ryan Rimmel	2025-05-22	2025-05-22	no read audiobook in export; finish date missing/different	identifier	Noob Game Plus	Read	Ebook		646486	30625705	1039400019		
Nautical Noobs	Ryan Rimmel	2025-05-22	2025-05-22	no read audiobook in export; finish date missing/different	title/author	Nautical Noobs	Read	Ebook		646485	30625704	B09RRWFR4S		
Tower of the Noobs	Ryan Rimmel	2025-05-22	2025-05-22	no read audiobook in export; finish date missing/different	title/author	Tower of the Noobs	Read	Ebook		646484	30625703	B0BRBRB95D		
The Witch and the Vampire	Francesca Flores	2025-05-22	2025-05-22	no read audiobook in export; finish date missing/different	title/author	The Witch and the Vampire	Read	Book		490723	30438047	B0BQPPFTMF		
Hive Minds Give Good Hugs	"Natalie ""Thundamoo"" Maher"	2025-05-22	2025-05-22	unmatched—review candidates								B0BBWT87ZT		Hive Minds Give Good Hugs / Thundamoo, Natalie Maher [Read; Ebook; book 917423] | The Good House / Tananarive Due, Robin Miles (Narrator) [Want to Read; Audio; book 435620] | Silver in the Wood / Emily Tesh [Read; Book; book 448971]
Pattern Recognition	William Gibson	2025-05-22	2025-05-22	no read audiobook in export; finish date missing/different	title/author	Pattern Recognition	Read	Book		265984	30399419	B076MJR5K5		
The Left-Handed Booksellers of London	Garth Nix	2025-05-22	2025-05-22	no read audiobook in export; finish date missing/different	title/author	The Left-Handed Booksellers of London	Read	Book		450849	20775551	0655691308		
The Amazing Adventures of Kavalier & Clay	Michael Chabon	2025-05-22	2025-05-22	no read audiobook in export; finish date missing/different	title/author	The Amazing Adventures of Kavalier & Clay	Read	Book		467910	31547229	B00890C97U		
Skyclad	Scott Browder	2025-05-22	2025-05-22	no read audiobook in export; finish date missing/different	title/author	Skyclad	Read	Book		637737	30615606	1774244209		
Skybound	Scott Browder	2025-05-22	2025-05-22	no read audiobook in export; finish date missing/different	probable title match—review	Skybound	Read	Book		1612399	31687463	B0BBKGQKZF		
Forge of Destiny	Yrsillar	2025-05-22	2025-05-22	unmatched—review candidates								1774246856		Sword of Destiny / Peter Kenny (Narrator), David   French (Translator), Andrzej Sapkowski [Want to Read; Audio; book 445143] | Rules for Ghosting /  [Read; Book; book 1295104] | Redemption /  [Want to Read; Book; book 2156065]
This Quest Is Broken!	J. P. Valentine	2025-05-22	2025-05-22	unmatched—review candidates								B08Y97ZFVX		The Unbroken / C.L. Clark [Read; Book; book 428981] | The Kiss Quotient / Helen Hoang [Read; Book; book 358461] | The Broken Eye / Brent Weeks [Read; Book; book 12127]
This Class Is Bonkers!	J. P. Valentine	2025-05-22	2025-05-22	unmatched—review candidates								B0916BW7P9		This Princess Kills Monsters / Ry Herman [Want to Read; Ebook; book 1762952] | This Poison Heart / Kalynn  Bayron [Want to Read; Book; book 465278] | This Ends In Embers / Kamilah Cole [Want to Read; Book; book 1254914]
This Guild Is Batty!	J. P. Valentine	2025-05-22	2025-05-22	unmatched—review candidates								B09J1LKZ4R		This Gilded Abyss / Rebecca Thorne, Natalie Naudus (Narrator) [Read; Audio; book 945984] | This World Is Not Yours /  [Read; Book; book 1476223] | The Gilded Nest / Sarah Painter, Kate Rawson (Narrator) [Want to Read; Audio; book 2024041]
This Plot Is Bananas!: A Comedy LitRPG Adventure (This Trilogy Is Broken, Book 4)	J. P. Valentine	2025-05-22	2025-05-22	unmatched—review candidates								B09Q9BHGSS		Lost Souls and a Demoness 2: A LitRPG Adventure / N. C. Lux, Rebecca Woods (Narrator), Daryl Mayfield (Narrator) [Read; Audio; book 2065318] | Lost Souls and a Demoness 1: A LitRPG Adventure / Rebecca Woods (Narrator), Daryl Mayfield (Narrator), N. C. Lux [Read; Audio; book 2059425] | He Who Fights with Monsters 3: A LitRPG Adventure (He Who Fights with Monsters, Book 3) / Shirtaloon, Travis Deverell [Read; Audio; book 567926]
A Damsel and a Demigod	Annette Marie	2025-05-22	2025-05-22	not marked read; no read audiobook in export; finish date missing/different	title/author	A Damsel and a Demigod	Want to Read	Ebook		460330	30411687	1705250521		
Lucifer's Daughter	Kel Carpenter	2025-05-22	2025-05-22	unmatched—review candidates								1541444809		The Tiger's Daughter / K Arsenault Rivera, Caroline McLaughlin (Narrator) [Read; Audio; book 441125] | City of Laughter /  [Read; Book; book 1061514] | Sheepfarmer's Daughter / Elizabeth Moon [Read; Book; book 441105]
How to Defeat a Demon King in Ten Easy Steps	Andrew Rowe	2025-05-22	2025-05-22	unmatched—review candidates								B086R2N27Y		How to Lose a Goblin in Ten Days: Tales from Hawthorne Cottage / Maggie  Bain (Narrator), Jessie Sylva [Read; Audio; book 1295756] | The Dangers of Smoking in Bed: Stories / Megan McDowell (Translator), Mariana Enríquez [Want to Read; Book; book 649235] | How to Hide an Empire: A History of the Greater United States / Daniel Immerwahr, Luis Moreno (Narrator) [Want to Read; Audio; book 89545]
Thistlefoot	GennaRose Nethercott	2025-05-22	2025-05-22	no read audiobook in export; finish date missing/different	title/author	Thistlefoot	Read	Book		513055	31492087	B09S248CNP		
The Lost Metal	Brandon Sanderson	2025-05-22	2025-05-22	no read audiobook in export; finish date missing/different	title/author	The Lost Metal	Read	Book		427863	30387670	B09N446YK7		
Skinwalker	Faith Hunter	2025-05-22	2025-05-22	no read audiobook in export; finish date missing/different	title/author	Skinwalker	Read	Book		263142	6919719	B003EI2V2A		
Blood Cross: Jane Yellowrock, Book 2	Faith Hunter	2025-05-22	2025-05-22	unmatched—review candidates								B003FQBS3Y		Blood Cross / Faith Hunter [Read; Ebook; book 59858] | Blood Trade / Faith Hunter [Read; Book; book 458595] | Blood of the Earth / Faith Hunter [Read; Book; book 458610]
Mercy Blade: Jane Yellowrock, Book 3	Faith Hunter	2025-05-22	2025-05-22	unmatched—review candidates								B004GHJMPW		Mercy Blade / Faith Hunter, Khristine Hvam (Narrator) [Read; Audio; book 459421] | Circle of the Moon / Faith Hunter, Khristine Hvam (Narrator) [Read; Audio; book 461183] | The Early Years / Khristine Hvam (narrator), Faith Hunter [Want to Read; Audio; book 564094]
Raven Cursed: Jane Yellowrock, Book 4	Faith Hunter	2025-05-22	2025-05-22	unmatched—review candidates								B006OCV7L4		Raven Cursed / Faith Hunter [Read; Ebook; book 476427] | Flame in the Dark / Khristine Hvam (Narrator), Faith Hunter [Read; Audio; book 458612] | Curse on the Land / Faith Hunter [Read; Book; book 458611]
Death's Rival	Faith Hunter	2025-05-22	2025-05-22	no read audiobook in export; finish date missing/different	title/author	Death's Rival	Read	Book		461184	30397793	B009IWTEDA		
Blood Trade: Jane Yellowrock, Book 6	Faith Hunter	2025-05-22	2025-05-22	unmatched—review candidates								B00BMXYGMW		Blood Trade / Faith Hunter [Read; Book; book 458595] | Blood Cross / Faith Hunter [Read; Ebook; book 59858] | Blood of the Earth / Faith Hunter [Read; Book; book 458610]
Black Arts	Faith Hunter	2025-05-22	2025-05-22	no read audiobook in export; finish date missing/different	title/author	Black Arts	Read	Book		458598	30397548	B00GS3UDJQ		
Broken Soul	Faith Hunter	2025-05-22	2025-05-22	finish date missing/different	title/author	Broken Soul	Read	Audio		458600	30397512	B00O3ITWUO		
Dark Heir	Faith Hunter	2025-05-22	2025-05-22	no read audiobook in export; finish date missing/different	title/author	Dark Heir	Read	Book		458601	30397482	B00STWV7HG		
Shadow Rites	Faith Hunter	2025-05-22	2025-05-22	no read audiobook in export; finish date missing/different	title/author	Shadow Rites	Read	Book		461186	30397698	B01C4Q08VI		
Cold Reign	Faith Hunter	2025-05-22	2025-05-22	finish date missing/different	title/author	Cold Reign	Read	Audio		458892	30397667	B06XRL3HMS		
Dark Queen	Faith Hunter	2025-05-22	2025-05-22	no read audiobook in export; finish date missing/different	title/author	Dark Queen	Read	Book		461185	30397630	B07BBWDLSV		
Shattered Bonds	Faith Hunter	2025-05-22	2025-05-22	no read audiobook in export; finish date missing/different	title/author	Shattered Bonds	Read	Book		458515	30397611	B07YQ7WQ7P		
True Dead	Faith Hunter	2025-05-22	2025-05-22	no read audiobook in export; finish date missing/different	title/author	True Dead	Read	Book		461131	30397744	B09FMVRLMV		
Final Heir	Faith Hunter	2025-05-22	2025-05-22	no read audiobook in export; finish date missing/different	title/author	Final Heir	Read	Book		523743	30477382	B0BGJQT3SN		
Mort	Terry Pratchett	2025-05-22	2025-05-22	finish date missing/different	identifier	Mort	Read	Audio		55176	32185223	B09LZ58X8G		
Soul Music	Terry Pratchett	2025-05-22	2025-05-22	unmatched—review candidates								B09LZ4VWCJ		Exile Music / Jennifer Steil [Want to Read; Book; book 742006] | Soulstar / C.L. Polk [Want to Read; Book; book 448944] | Guards! Guards! / Terry Pratchett [Read; Book; book 446212]
When the Angels Left the Old Country	Sacha Lamb	2025-05-22	2025-05-22	no read audiobook in export; finish date missing/different	probable title match—review	When the Angels Left the Old Country	Read	Book		649200	31687339	B0B8Q94TMJ		
The Rook	Daniel O'Malley	2025-05-22	2025-05-22	no read audiobook in export; finish date missing/different	title/author	The Rook	Read	Book		431967	30646133	B007FTJKRI		
Stiletto	Daniel O'Malley	2025-05-22	2025-05-22	no read audiobook in export; finish date missing/different	title/author	Stiletto	Read	Book		439892	30405417	B01DDZBJM6		
Blitz	Daniel O'Malley	2025-05-22	2025-05-22	no read audiobook in export; finish date missing/different	title/author	Blitz	Read	Book		440157	30404888	B0B2HX7DN6		
The Yiddish Policemen's Union	Michael Chabon	2025-05-22	2025-05-22	no read audiobook in export; finish date missing/different	title/author	The Yiddish Policemen's Union	Read	Book		377099	16913880	B01F9PHNB4		
Oberon's Meaty Mysteries: The Squirrel on the Train	Kevin Hearne	2025-05-22	2025-05-22	unmatched—review candidates								B0759RM27B		The Grimoire of the Lamb / Kevin Hearne [Read; Book; book 1612285] | A Test of Mettle / Kevin Hearne [Read; Ebook; book 429339] | Shattered / Kevin Hearne [Read; Book; book 270843]
Hounded	Kevin Hearne	2025-05-22	2025-05-22	no read audiobook in export; finish date missing/different	title/author	Hounded	Read	Book		428349	27980853	B004V4OD04		
Hexed	Kevin Hearne	2025-05-22	2025-05-22	no read audiobook in export; finish date missing/different	title/author	Hexed	Read	Book		429262	30492474	B0052FRKMO		
Hammered	Kevin Hearne	2025-05-22	2025-05-22	no read audiobook in export; finish date missing/different	title/author	Hammered	Read	Book		135686	31687350	B0057HS0NK		
Tricked	Kevin Hearne	2025-05-22	2025-05-22	no read audiobook in export; finish date missing/different	title/author	Tricked	Read	Book		429264	31687390	B007V55FJ8	9780449013052	
Trapped	Kevin Hearne	2025-05-22	2025-05-22	no read audiobook in export; finish date missing/different	title/author	Trapped	Read	Book		429265	31475388	B009PRHPMU	9780449013076	
Hunted	Kevin Hearne	2025-05-22	2025-05-22	finish date missing/different	identifier	Hunted	Read	Audio		429189	30400227	B00CP5CC9U	9780449013090	
Shattered	Kevin Hearne	2025-05-22	2025-05-22	no read audiobook in export; finish date missing/different	title/author	Shattered	Read	Book		270843	31687375	B00JV2RPQ0	9780804147903	
Staked	Kevin Hearne	2025-05-22	2025-05-22	no read audiobook in export; finish date missing/different	title/author	Staked	Read	Book		150498	31343336	B017WQALGM	9780804147927	
Scourged	Kevin Hearne	2025-05-22	2025-05-22	no read audiobook in export; finish date missing/different	title/author	Scourged	Read	Book		459290	31687289	B075H2KL3X	9780804147941	
The Purloined Poodle	Kevin Hearne	2025-05-22	2025-05-22	unmatched—review candidates								B01J2G1K3I		The Grimoire of the Lamb / Kevin Hearne [Read; Book; book 1612285] | Paper & Blood / Kevin Hearne [Read; Book; book 430141] | The Undead Pool / Kim Harrison [Read; Book; book 476182]
Two Tales of the Iron Druid Chronicles	Kevin Hearne	2025-05-22	2025-05-22	unmatched—review candidates								B00XUMA190		Hunted: Book Six of The Iron Druid Chronicles / Kevin Hearne [Read; Book; book 1318097] | Two Ravens and One Crow / Kevin Hearne [Read; Book; book 429336] | First Dangle and Other Stories / Kevin Hearne [Read; Book; book 856834]
Carniepunk: The Demon Barker of Wheat Street	Kevin Hearne	2025-05-22	2025-05-22	no read audiobook in export; finish date missing/different	probable title match—review	Carniepunk	Read	Book		468512	31687426	B00NBAXV6G	9781442383678	
Grimoire of the Lamb	Kevin Hearne	2025-05-22	2025-05-22	unmatched—review candidates								B00CLR5884	9780804128827	The Grimoire of the Lamb / Kevin Hearne [Read; Book; book 1612285] | A Test of Mettle / Kevin Hearne [Read; Ebook; book 429339] | First Dangle and Other Stories / Kevin Hearne [Read; Book; book 856834]
Three Slices	Kevin Hearne, Delilah S. Dawson, Chuck Wendig	2025-05-22	2025-05-22	unmatched—review candidates								B00VTQ8TO8		Three Slices / Delilah S. Dawson [Read; Book; book 1105681] | Tricked / Kevin Hearne [Read; Book; book 429264] | Besieged / Kevin Hearne [Read; Book; book 429193]
Lirael	Garth Nix	2025-05-22	2025-05-22	no read audiobook in export; finish date missing/different	title/author	Lirael	Read	Book		52026	27437335	B002V02R62		
Sabriel	Garth Nix	2025-05-22	2025-05-22	no read audiobook in export; finish date missing/different	title/author	Sabriel	Read	Book		118111	30880083	B002UUP42M		
Randomize	Andy Weir	2025-05-22	2025-05-22	not marked read; no read audiobook in export; finish date missing/different	title/author	Randomize	Want to Read	Ebook		427926	30390694	1978650817		
Escape From Yokai Land	Charles Stross	2025-05-22	2025-05-22	no read audiobook in export; finish date missing/different	title/author	Escape from Yokai Land	Read	Book		563807	31103983	1705035183		
The Martian	Andy Weir	2025-05-22	2025-05-22	no read audiobook in export; finish date missing/different	title/author	The Martian	Read	Book		292354	12841480	B082BHJMFF		
The Martian	Andy Weir	2025-05-22	2025-05-22	no read audiobook in export; finish date missing/different	title/author	The Martian	Read	Book		292354	12841480	B082BHJMFF		
The Calculating Stars	Mary Robinette Kowal	2025-05-22	2025-05-22	no read audiobook in export; finish date missing/different	title/author	The Calculating Stars	Read	Book		186438	28439044	B07DVCTB9R		
Word Puppets	Mary Robinette Kowal	2025-05-22	2025-05-22	unmatched—review candidates								1515947459		Rocket's Red / Mary Robinette Kowal [Want to Read; Ebook; book 1091770] | We Interrupt This Broadcast / Mary Robinette Kowal [Want to Read; Ebook; book 571188] | Wolf Worm / T. Kingfisher, Mary Robinette Kowal (Narrator) [Read; Audio; book 2007613]
The Fated Sky	Mary Robinette Kowal	2025-05-22	2025-05-22	no read audiobook in export; finish date missing/different	title/author	The Fated Sky	Read	Book		459558	31505262	B07G8FH9H7		
The Relentless Moon	Mary Robinette Kowal	2025-05-22	2025-05-22	no read audiobook in export; finish date missing/different	title/author	The Relentless Moon	Read	Book		273891	30337469	B08B7G68YV		
Middlegame	Seanan McGuire	2025-05-22	2025-05-22	no read audiobook in export; finish date missing/different	title/author	Middlegame	Read	Book		428651	22783788	1250223350		
Seasonal Fears	Seanan McGuire	2025-05-22	2025-05-22	unmatched—review candidates								B09GHB3NCM		In Sea-Salt Tears / Seanan McGuire [Want to Read; Ebook; book 460943] | Heaps of Pearl / Seanan McGuire [Want to Read; Ebook; book 460941] | Dreams and Slumbers / Seanan McGuire [Want to Read; Book; book 995434]
Heir of Fire	Sarah J. Maas	2025-05-22	2025-05-22	no read audiobook in export; finish date missing/different	title/author	Heir of Fire	Read	Book		1363844	30432118	B09CHB2YXJ		
Tower of Dawn	Sarah J. Maas	2025-05-22	2025-05-22	no read audiobook in export; finish date missing/different	title/author	Tower of Dawn	Read	Book		429015	30852060	B0759X8K2X		
Kingdom of Ash	Sarah J. Maas	2025-05-22	2025-05-22	no read audiobook in export; finish date missing/different	title/author	Kingdom of Ash	Read	Book		429018	7875136	B07J682QY2		
Empire of Storms	Sarah J. Maas	2025-05-22	2025-05-22	no read audiobook in export; finish date missing/different	title/author	Empire of Storms	Read	Book		183545	30825891	B01KIQVHL6		
Throne of Glass	Sarah J. Maas	2025-05-22	2025-05-22	no read audiobook in export; finish date missing/different	title/author	Throne of Glass	Read	Book		39629	30809266	1547607548		
Queen of Shadows	Sarah J. Maas	2025-05-22	2025-05-22	no read audiobook in export; finish date missing/different	title/author	Queen of Shadows	Read	Book		153090	30606003	B012BTUEVC		
Midnight Riot	Ben Aaronovitch	2025-05-22	2025-05-22	unmatched—review candidates								B009CZNUGU	9781452680071	Nightingale: London 1966 / Ben Aaronovitch [Want to Read; Book; book 563973] | Midnight Tides / Steven Erikson [Read; Book; book 289044] | The Midnight Shift / Cheon Seon-ran, Gene Png (Translator) [Read; Ebook; book 1813562]
Moon Over Soho	Ben Aaronovitch	2025-05-22	2025-05-22	no read audiobook in export; finish date missing/different	title/author	Moon Over Soho	Read	Book		5921	11058082	B009CZN2AE	9781452680088	
Whispers Under Ground	Ben Aaronovitch	2025-05-22	2025-05-22	no read audiobook in export; finish date missing/different	title/author	Whispers Under Ground	Read	Book		432534	2076729	B009D126RC	9781452680095	
Broken Homes	Ben Aaronovitch	2025-05-22	2025-05-22	no read audiobook in export; finish date missing/different	title/author	Broken Homes	Read	Book		160470	8347118	B00IA53J6Y		
Foxglove Summer	Ben Aaronovitch	2025-05-22	2025-05-22	no read audiobook in export; finish date missing/different	title/author	Foxglove Summer	Read	Book		432535	2908469	B00QXW6NY6		
The Hanging Tree	Ben Aaronovitch	2025-05-22	2025-05-22	no read audiobook in export; finish date missing/different	title/author	The Hanging Tree	Read	Book		432529	31515597	B01MY0246S		
Lies Sleeping	Ben Aaronovitch	2025-05-22	2025-05-22	no read audiobook in export; finish date missing/different	title/author	Lies Sleeping	Read	Book		432531	30428661	1984890751		
False Value	Ben Aaronovitch	2025-05-22	2025-05-22	no read audiobook in export; finish date missing/different	title/author	False Value	Read	Book		432525	27751819	059316735X		
Amongst Our Weapons	Ben Aaronovitch	2025-05-22	2025-05-22	no read audiobook in export; finish date missing/different	title/author	Amongst Our Weapons	Read	Book		476216	30826253	B09P8WS16M		
A Rare Book of Cunning Device	Ben Aaronovitch	2025-05-22	2025-05-22	finish date missing/different	title/author	A Rare Book of Cunning Device	Read	Audio		459906	30397428	B071NDRLBK		
Guards! Guards!	Terry Pratchett	2025-05-22	2025-05-22	no read audiobook in export; finish date missing/different	title/author	Guards! Guards!	Read	Book		446212	12591508	B0032NANJA		
Guards! Guards!	Terry Pratchett	2025-05-22	2025-05-22	no read audiobook in export; finish date missing/different	title/author	Guards! Guards!	Read	Book		446212	12591508	B0032NANJA		
Guards! Guards!	Terry Pratchett, Ben Aaronovitch - afterword	2025-05-22	2025-05-22	no read audiobook in export; finish date missing/different	title/author	Guards! Guards!	Read	Book		446212	12591508	B09M8WGGBN		
Men at Arms	Terry Pratchett	2025-05-22	2025-05-22	no read audiobook in export; finish date missing/different	title/author	Men at Arms	Read	Book		446110	14070015	B0032N8VPS		
Men at Arms	Terry Pratchett	2025-05-22	2025-05-22	no read audiobook in export; finish date missing/different	title/author	Men at Arms	Read	Book		446110	14070015	B09MDKMN8R		
California Demon	Debra Dunbar	2025-05-22	2025-05-22	no read audiobook in export; finish date missing/different	probable title match—review	California Demon: An Imp World Urban Fantasy	Read	Book		1612290	31687307	B08XZVZ9DG		
Sinners on Sunset: Imp World	Debra Dunbar	2025-05-22	2025-05-22	unmatched—review candidates								B09BDJKJTG		Satan's Sword / Debra Dunbar [Read; Book; book 612354] | California Demon: An Imp World Urban Fantasy / Debra Dunbar [Read; Book; book 1612290] | No Man's Land / Debra Dunbar [Read; Book; book 1180142]
A Demon Bound	Debra Dunbar	2025-05-22	2025-05-22	no read audiobook in export; finish date missing/different	title/author	A Demon Bound	Read	Book		612355	30584756	B00I5ODTKQ		
Imp Series, Books 1-3	Debra Dunbar	2025-05-22	2025-05-22	unmatched—review candidates								B07TK4T9SR		Elven Blood / Debra Dunbar [Read; Book; book 612353] | Imp Forsaken / Debra Dunbar [Read; Book; book 612351] | Stolen Souls / Debra Dunbar [Read; Book; book 1180139]
Satan's Sword	Debra Dunbar	2025-05-22	2025-05-22	no read audiobook in export; finish date missing/different	title/author	Satan's Sword	Read	Book		612354	30584755	B00KM6YX1Y		
Elven Blood	Debra Dunbar	2025-05-22	2025-05-22	no read audiobook in export; finish date missing/different	title/author	Elven Blood	Read	Book		612353	30584754	B00NGTOCJW		
Devil's Paw	Debra Dunbar	2025-05-22	2025-05-22	no read audiobook in export; finish date missing/different	title/author	Devil's Paw	Read	Book		612352	30584753	B00QSFDU2G		
Imp Forsaken	Debra Dunbar	2025-05-22	2025-05-22	no read audiobook in export; finish date missing/different	title/author	Imp Forsaken	Read	Book		612351	30584752	B00TGE77G6		
Angel of Chaos	Debra Dunbar	2025-05-22	2025-05-22	no read audiobook in export; finish date missing/different	title/author	Angel of Chaos	Read	Book		612349	30584750	B00XWV3YLG		
Kingdom of Lies	Debra Dunbar	2025-05-22	2025-05-22	no read audiobook in export; finish date missing/different	title/author	Kingdom of Lies	Read	Book		612350	30584751	B01AGZWHHW		
Exodus	Debra Dunbar	2025-05-22	2025-05-22	unmatched—review candidates								B01NA70F35		Exodus / Leon Uris [Want to Read; Book; book 184662] | Stolen Souls / Debra Dunbar [Read; Book; book 1180139] | Demons of Desire / Debra Dunbar [Read; Book; book 612358]
Queen of the Damned	Debra Dunbar	2025-05-22	2025-05-22	unmatched—review candidates								B07CZ32JFP		Queen of the Darkness / Anne Bishop [Read; Book; book 275805] | Sins of the Flesh / Debra Dunbar [Read; Book; book 612357] | Demons of Desire / Debra Dunbar [Read; Book; book 612358]
The Morning Star	Debra Dunbar	2025-05-22	2025-05-22	unmatched—review candidates								B07KPN1NTX		These Burning Stars / Bethany Jacobs [Want to Read; Book; book 824780] | Dead Rising / Debra Dunbar [Read; Book; book 496530] | A Demon Bound / Debra Dunbar [Read; Book; book 612355]
Down the Chimney	Debra Dunbar	2025-05-22	2025-05-22	no read audiobook in export; finish date missing/different	probable title match—review	Down The Chimney	Read	Book		1612272	31687280	B07LC24P8Z		
With This Ring	Debra Dunbar	2025-05-22	2025-05-22	no read audiobook in export; finish date missing/different	probable title match—review	With This Ring	Read	Book		1612332	31687362	B08BQFS2L9		
Demons of Desire	Debra Dunbar	2025-05-22	2025-05-22	no read audiobook in export; finish date missing/different	title/author	Demons of Desire	Read	Book		612358	30584759	B014VBWCYK		
Sins of the Flesh	Debra Dunbar	2025-05-22	2025-05-22	no read audiobook in export; finish date missing/different	title/author	Sins of the Flesh	Read	Book		612357	30584758	B018Y0T0US		
Cornucopia	Debra Dunbar	2025-05-22	2025-05-22	no read audiobook in export; finish date missing/different	probable title match—review	Cornucopia	Read	Book		1612330	31687358	B07892NM1Y		
Unholy Pleasures	Debra Dunbar	2025-05-22	2025-05-22	unmatched—review candidates								B07DY5P6M9		Guilty Pleasures / Laurell K. Hamilton [Read; Book; book 116205] | Demons of Desire / Debra Dunbar [Read; Book; book 612358] | Simple Pleasures /  [Want to Read; Book; book 1796575]
Freehaven Online: Dragonsbane	Jun Prince	2025-05-22	2025-05-22	unmatched—review candidates								B07HBBRJNQ		Winter Dungeonland / Jun Prince, Amy Landon (Narrator) [Read; Audio; book 1853294] | When Women Were Dragons / Kelly Barnhill [Want to Read; Book; book 465142] | Forever Fantasy Online / Rachel Aaron, Travis Bach [Read; Book; book 507292]
Initializing	K. T. Hanna	2025-05-22	2025-05-22	no read audiobook in export; finish date missing/different	probable title match—review	Initializing	Read	Book		1509604	31563135	B07G1M4H42		
Edgedancer	Brandon Sanderson	2025-05-22	2025-05-22	no read audiobook in export; finish date missing/different	title/author	Edgedancer	Read	Book		427544	17695374	B0B5M28HZK		
The Way of Kings	Brandon Sanderson	2025-05-22	2025-05-22	no read audiobook in export; finish date missing/different	title/author	The Way of Kings	Read	Book		386446	3134360	B003ZWFO7E		
Words of Radiance	Brandon Sanderson	2025-05-22	2025-05-22	no read audiobook in export; finish date missing/different	title/author	Words of Radiance	Read	Book		374131	419923	B00HWF0MHW		
Singularity Sky	Charles Stross	2025-05-22	2025-05-22	no read audiobook in export; finish date missing/different	title/author	Singularity Sky	Read	Book		446310	2198728	B002V5BFEM		
Iron Sunrise	Charles Stross	2025-05-22	2025-05-22	no read audiobook in export; finish date missing/different	title/author	Iron Sunrise	Read	Book		446311	21717047	B002V1AGCS		
Iron Sunrise	Charles Stross	2025-05-22	2025-05-22	no read audiobook in export; finish date missing/different	title/author	Iron Sunrise	Read	Book		446311	21717047	B002V1AGCS		
Sparrow Hill Road	Seanan McGuire	2025-05-22	2025-05-22	no read audiobook in export; finish date missing/different	title/author	Sparrow Hill Road	Read	Book		437788	26447410	B00JVUA80W		
The Girl in the Green Silk Gown	Seanan McGuire	2025-05-22	2025-05-22	no read audiobook in export; finish date missing/different	title/author	The Girl in the Green Silk Gown	Read	Book		439322	26683663	1541485165		
Angel of the Overpass	Seanan McGuire	2025-05-22	2025-05-22	no read audiobook in export; finish date missing/different	title/author	Angel of the Overpass	Read	Ebook		458750	30584414	1515942341		
Three Mages and a Margarita	Annette Marie	2025-05-22	2025-05-22	no read audiobook in export; finish date missing/different	title/author	Three Mages and a Margarita	Read	Book		459804	30601738	1977330436	9781977330437	
Dark Arts and a Daiquiri	Annette Marie	2025-05-22	2025-05-22	finish date missing/different	identifier	Dark Arts and a Daiquiri	Read	Audio		460331	30397674	1977330444		
Two Witches and a Whiskey	Annette Marie	2025-05-22	2025-05-22	no read audiobook in export; finish date missing/different	title/author	Two Witches and a Whiskey	Read	Book		460329	31687396	1977330452		
Demon Magic and a Martini	Annette Marie	2025-05-22	2025-05-22	finish date missing/different	title/author	Demon Magic and a Martini	Read	Audio		460328	30397584	1977330460		
The Alchemist and an Amaretto	Annette Marie	2025-05-22	2025-05-22	no read audiobook in export; finish date missing/different	title/author	The Alchemist and an Amaretto	Read	Ebook		461291	30585246	1515934047		
Druid Vices and a Vodka	Annette Marie	2025-05-22	2025-05-22	no read audiobook in export; finish date missing/different	title/author	Druid Vices and a Vodka	Read	Book		461290	30562839	1515934055		
Lost Talismans and a Tequila	Annette Marie	2025-05-22	2025-05-22	no read audiobook in export; finish date missing/different	title/author	Lost Talismans and a Tequila	Read	Ebook		461289	30585240	1515934063		
Damned Souls and a Sangria	Annette Marie	2025-05-22	2025-05-22	no read audiobook in export; finish date missing/different	title/author	Damned Souls and a Sangria	Read	Book		460327	30451865	1515934071		
Viridian Gate Online: Firebrand: A litRPG Adventure	James Hunter, J. D. Astra	2025-05-22	2025-05-22	unmatched—review candidates								B07RP3JQ46		Vainglory 3: A LitRPG Adventure / Plum Parrot, Robb Moreira (Narrator) [Read; Audio; book 2489777] | Viridian Gate Online: Path of the Blood Phoenix /  [Read; Book; book 1612274] | Glass Kanin An Isekai LitRPG Adventure / Daniel Henning (Narrator), Kia Leep [Read; Audio; book 2063735]
Viridian Gate Online: Embers of Rebellion	J.D. Astra	2025-05-22	2025-05-22	unmatched—review candidates								B07YF4X8VT		Embers of Rebellion / J.D. Astra, James A. Hunter [Read; Book; book 769833] | Viridian Gate Online: Path of the Blood Phoenix /  [Read; Book; book 1612274] | Ten Incarnations of Rebellion / Vaishnavi Patel [Want to Read; Book; book 1292107]
Dominion of Blades	Matt Dinniman	2025-05-22	2025-05-22	no read audiobook in export; finish date missing/different	title/author	Dominion of Blades	Read	Book		680445	30667875	B072XTFXLG		
The Hobgoblin Riot	Matt Dinniman	2025-05-22	2025-05-22	unmatched—review candidates								B07FCRJFDP		The Hobgoblin Riot: Dominion of Blades Book 2: A LitRPG Adventure / Matt Dinniman [Read; Book; book 770123] | The Eye of the Bedlam Bride / Matt Dinniman [Read; Book; book 818989] | This Inevitable Ruin / Matt Dinniman [Read; Book; book 1464466]
Forever Fantasy Online	Rachel Aaron, Travis Bach	2025-05-22	2025-05-22	no read audiobook in export; finish date missing/different	title/author	Forever Fantasy Online	Read	Book		507292	31088650	B07D3ZGLF9		
Last Bastion	Rachel Aaron, Travis Bach	2025-05-22	2025-05-22	no read audiobook in export; finish date missing/different	title/author	Last Bastion	Read	Book		587479	31141816	B07QR169F7		
The Once King	Rachel Aaron, Travis Bach	2025-05-22	2025-05-22	no read audiobook in export; finish date missing/different	title/author	The Once King	Read	Book		587478	31141803	B08171XVRT		
Master of the Revels	Nicole Galland	2025-05-22	2025-05-22	no read audiobook in export; finish date missing/different	title/author	Master of the Revels	Read	Book		469865	30524580	0063016176		
What Abigail Did That Summer	Ben Aaronovitch	2025-05-22	2025-05-22	no read audiobook in export; finish date missing/different	title/author	What Abigail Did That Summer	Read	Book		468077	31630312	1541489845	9781541489844	
The October Man	Ben Aaronovitch	2025-05-22	2025-05-22	no read audiobook in export; finish date missing/different	title/author	The October Man	Read	Book		432498	30428653	1541489837	9781541489837	
Penric's Fox	Lois McMaster Bujold	2025-05-22	2025-05-22	no read audiobook in export; finish date missing/different	title/author	Penric's Fox	Read	Book		461431	30484209	B078N68JWW		
Masquerade in Lodi	Lois McMaster Bujold	2025-05-22	2025-05-22	no read audiobook in export; finish date missing/different	title/author	Masquerade in Lodi	Read	Book		592004	30559793	1665048964		
Mira's Last Dance	Lois McMaster Bujold	2025-05-22	2025-05-22	no read audiobook in export; finish date missing/different	title/author	Mira's Last Dance	Read	Book		461430	30432951	B0714L6X2T		
The Prisoner of Limnos	Lois McMaster Bujold	2025-05-22	2025-05-22	no read audiobook in export; finish date missing/different	title/author	The Prisoner of Limnos	Read	Book		461432	30432950	B078P1SBF1		
The Orphans of Raspay	Lois McMaster Bujold	2025-05-22	2025-05-22	no read audiobook in export; finish date missing/different	title/author	The Orphans of Raspay	Read	Book		460703	30412131	1094193720		
The Physicians of Vilnoc	Lois McMaster Bujold	2025-05-22	2025-05-22	no read audiobook in export; finish date missing/different	title/author	The Physicians of Vilnoc	Read	Book		461136	30484214	179993943X		
The Assassins of Thasalon	Lois McMaster Bujold	2025-05-22	2025-05-22	no read audiobook in export; finish date missing/different	title/author	The Assassins of Thasalon	Read	Book		626661	30602309	B097HZWVCG		
A Psalm for the Wild-Built	Becky Chambers	2025-05-22	2025-05-22	no read audiobook in export; finish date missing/different	title/author	A Psalm for the Wild-Built	Read	Book		445011	28452919	1250807743		
The Rise and Fall of D.O.D.O.	Neal Stephenson, Nicole Galland	2025-05-22	2025-05-22	finish date missing/different	title/author	The Rise and Fall of D.O.D.O.	Read	Audio		427434	542485	B06Y5SDTGJ		
Project Hail Mary	Andy Weir	2025-05-22	2025-05-22	no read audiobook in export; finish date missing/different	title/author	Project Hail Mary	Read	Book		427578	3274049	B08G9PRS1K		
To Be Taught, If Fortunate	Becky Chambers	2025-05-22	2025-05-22	no read audiobook in export; finish date missing/different	title/author	To Be Taught, If Fortunate	Read	Book		98275	30405524	0062959042		
This Is How You Lose the Time War	Max Gladstone, Amal El-Mohtar	2025-05-22	2025-05-22	no read audiobook in export; finish date missing/different	title/author	This Is How You Lose the Time War	Read	Ebook		249097	26220245	1508287058	9781508287056	
The Galaxy, and the Ground Within	Becky Chambers	2025-05-22	2025-05-22	no read audiobook in export; finish date missing/different	title/author	The Galaxy, and the Ground Within	Read	Book		435198	13560725	1529358957		
The Long Way to a Small, Angry Planet	Becky Chambers	2025-05-22	2025-05-22	no read audiobook in export; finish date missing/different	title/author	The Long Way to a Small, Angry Planet	Read	Book		748620	24681207	0062969536		
The Long Way to a Small, Angry Planet: Booktrack Edition	Becky Chambers	2025-05-22	2025-05-22	no read audiobook in export; finish date missing/different	probable title match—review	The Long Way to a Small, Angry Planet	Read	Book		748620	24681207	B07DFN5FBP		
A Closed and Common Orbit: Booktrack Edition	Becky Chambers	2025-05-22	2025-05-22	no read audiobook in export; finish date missing/different	probable title match—review	A Closed and Common Orbit	Read	Book		325996	5869570	1529330394		
Record of a Spaceborn Few: Booktrack Edition	Becky Chambers	2025-05-22	2025-05-22	no read audiobook in export; finish date missing/different	probable title match—review	Record of a Spaceborn Few	Read	Book		263418	31482854	B07KY5614C		
Black Sun	Rebecca Roanhorse	2025-05-22	2025-05-22	no read audiobook in export; finish date missing/different	title/author	Black Sun	Read	Book		429027	31482868	1508283060		
Trail of Lightning	Rebecca Roanhorse	2025-05-22	2025-05-22	no read audiobook in export; finish date missing/different	title/author	Trail of Lightning	Read	Book		164876	28321739	B07FSRBKNM		
Dreadnought	April Daniels	2025-05-22	2025-05-22	no read audiobook in export; finish date missing/different	title/author	Dreadnought	Read	Book		368509	30403604	B072C3MZ8V		
Sovereign	April Daniels	2025-05-22	2025-05-22	no read audiobook in export; finish date missing/different	title/author	Sovereign	Read	Book		466328	30384011	B0735XJGL4		
Gideon the Ninth	Tamsyn Muir	2025-05-22	2025-05-22	no read audiobook in export; finish date missing/different	title/author	Gideon the Ninth	Read	Book		20941	30399881	1980004900	9781980004905	
Harrow the Ninth	Tamsyn Muir	2025-05-22	2025-05-22	no read audiobook in export; finish date missing/different	title/author	Harrow the Ninth	Read	Book		215901	30399888	1980004935	9781980004936	
House of Earth and Blood	Sarah J. Maas	2025-05-22	2025-05-22	no read audiobook in export; finish date missing/different	title/author	House of Earth and Blood	Read	Book		465201	14974657	B082YHZPTY		
Minimum Wage Magic	Rachel Aaron	2025-05-22	2025-05-22	no read audiobook in export; finish date missing/different	title/author	Minimum Wage Magic	Read	Book		439342	19125588	B07M6RY5PR		
Part-Time Gods	Rachel Aaron	2025-05-22	2025-05-22	no read audiobook in export; finish date missing/different	title/author	Part-Time Gods	Read	Book		468019	30385854	B07TLD2QJ5		
Night Shift Dragons	Rachel Aaron	2025-05-22	2025-05-22	no read audiobook in export; finish date missing/different	title/author	Night Shift Dragons	Read	Book		439349	30490702	B0881Y2LHS		
Once & Future	A. R. Capetta, Cory McCarthy	2025-05-22	2025-05-22	no read audiobook in export; finish date missing/different	title/author	Once & Future	Read	Book		453873	30425178	1549115871		
The Black Prism	Brent Weeks	2025-05-22	2025-05-22	no read audiobook in export; finish date missing/different	title/author	The Black Prism	Read	Book		446963	25267092	B01HZXFARW		
The Blinding Knife: Booktrack Edition	Brent Weeks	2025-05-22	2025-05-22	no read audiobook in export; finish date missing/different	probable title match—review	The Blinding Knife	Read	Book		477964	26322662	1549102818		
The Broken Eye	Brent Weeks	2025-05-22	2025-05-22	no read audiobook in export; finish date missing/different	title/author	The Broken Eye	Read	Book		12127	4220294	B00MJDZYLQ		
The Blood Mirror	Brent Weeks	2025-05-22	2025-05-22	no read audiobook in export; finish date missing/different	title/author	The Blood Mirror	Read	Book		86440	30431967	B01K8S3XDE		
The Burning White	Brent Weeks	2025-05-22	2025-05-22	no read audiobook in export; finish date missing/different	title/author	The Burning White	Read	Book		446514	23500642	147897835X		
Junkyard Cats	Faith Hunter	2025-05-22	2025-05-22	no read audiobook in export; finish date missing/different	title/author	Junkyard Cats	Read	Book		982520	31007356	B082LSC2RR		
A Little Hatred	Joe Abercrombie	2025-05-22	2025-05-22	no read audiobook in export; finish date missing/different	title/author	A Little Hatred	Read	Book		427662	31484700	1478916591		
Feed	Mira Grant	2025-05-22	2025-05-22	no read audiobook in export; finish date missing/different	title/author	Feed	Read	Book		273279	30399911	B003K28EP8		
Deadline	Mira Grant	2025-05-22	2025-05-22	no read audiobook in export; finish date missing/different	title/author	Deadline	Read	Book		439110	12009412	B0053ZWEHO		
Blackout	Mira Grant	2025-05-22	2025-05-22	no read audiobook in export; finish date missing/different	title/author	Blackout	Read	Book		439107	12506872	B0083JNQC4		
Dark Matter (Movie Tie-In)	Blake Crouch	2025-05-22	2025-05-22	unmatched—review candidates								B01CUKULGA	9781101924488	Dark Matter / Blake Crouch [Read; Book; book 57214] | Recursion / Blake Crouch [Read; Book; book 202782] | Good Behavior / Blake Crouch [Read; Book; book 461443]
Recursion	Blake Crouch	2025-05-22	2025-05-22	no read audiobook in export; finish date missing/different	title/author	Recursion	Read	Book		202782	30399466	1984886878	9781984886873	
It's Not What It Looks Like	Molly Burke	2025-05-22	2025-05-22	unmatched—review candidates								B07TVF9RMY		It's All or Nothing, Vale / Andrea Beatriz Arango [Want to Read; Book; book 1734763] | Automatic Noodle / Annalee Newitz, Em Grosland (Narrator) [Want to Read; Audio; book 1598053] | Captain Vorpatril's Alliance / Lois McMaster Bujold [Read; Book; book 106668]
In Other Lands	Sarah Rees Brennan	2025-05-22	2025-05-22	no read audiobook in export; finish date missing/different	title/author	In Other Lands	Read	Book		16459	3262811	B07BNTS8ZQ		
Winter Tide	Ruthanna Emrys	2025-05-22	2025-05-22	no read audiobook in export; finish date missing/different	title/author	Winter Tide	Read	Ebook		167883	17700591	B06XGDG8YR		
The Forgetting Moon	Brian Lee Durfee	2025-05-22	2025-05-22	not marked read; no read audiobook in export; finish date missing/different	title/author	The Forgetting Moon	Want to Read	Book		445546	10712499	1980029768	9781980029762	
The City of Brass	S. A. Chakraborty	2025-05-22	2025-05-22	no read audiobook in export; finish date missing/different	title/author	The City of Brass	Read	Book		379619	30390553	B075KKRQPP		
The Kingdom of Copper	S. A. Chakraborty	2025-05-22	2025-05-22	no read audiobook in export; finish date missing/different	title/author	The Kingdom of Copper	Read	Book		439240	28322953	0062866702		
A Grown-Up Guide to Dinosaurs	Ellie Sans, Clare Chadburn	2025-05-22	2025-05-22	unmatched—review candidates								B08DCJCN6Y		A Grown-Up Guide to Dinosaurs / Ben Garrod [Read; Audio; book 434402] | An Accident of Stars / Foz Meadows [Want to Read; Book; book 327438] | Gone To Soldiers / Marge Piercy [Want to Read; Book; book 442142]
Alien: River of Pain	Christopher Golden, Dirk Maggs	2025-05-22	2025-05-22	no read audiobook in export; finish date missing/different	title/author	Alien: River of Pain	Read	Book		695949	30684529	B06XP18SFZ	9781603933957	
Alien: Sea of Sorrows	Dirk Maggs, James A. Moore	2025-05-22	2025-05-22	unmatched—review candidates								B07B3JVLNC		Alien: Sea of Sorrows / James A. Moore [Read; Book; book 463060] | A Feast for Crows / George R.R. Martin, Roy Dotrice (Narrator) [Read; Audio; book 377011] | Sea of Swords / R. A. Salvatore [Want to Read; Book; book 446028]
Black Leopard, Red Wolf	Marlon James	2025-05-22	2025-05-22	no read audiobook in export; finish date missing/different	title/author	Black Leopard, Red Wolf	Read	Book		432346	30402602	0525526838		
Even Tree Nymphs Get the Blues	Molly Harper	2025-05-22	2025-05-22	unmatched—review candidates								B07QD1ZW5X		Antimatter Blues / Edward Ashton, John Pirhalla (Narrator), Katharine Chin (Narrator) [Want to Read; Audio; book 553755] | Never Shines The Sun / Seanan McGuire [Want to Read; Book; book 995003] | The Tree and the Vine / Lillian Faderman (Afterword), Dola de Jong [Want to Read; Book; book 447548]
You Do You	Nikki Levy, Tan France, Janine Brito, Gigi Gorgeous, Percy Rustomji, Alexandra Billings, Emma Willmann, D.J. “Shangela” Pierce	2025-05-22	2025-05-22	unmatched—review candidates								B07RL4BH8W		What You Do to Me / Rochelle B. Weinstein [Want to Read; Book; book 945860] | You Exist Too Much / Zaina Arafat [Read; Book; book 436333] | Skybound /  [Read; Book; book 1612399]
Iron and Magic	Ilona Andrews	2025-05-22	2025-05-22	unmatched—review candidates								B07FNY3WJQ		Magic Bites / Ilona Andrews [Read; Book; book 1509459] | Magic Binds / Ilona Andrews [Read; Book; book 458537] | Magic Burns / Ilona Andrews [Read; Book; book 65446]
Storm of Locusts	Rebecca Roanhorse	2025-05-22	2025-05-22	no read audiobook in export; finish date missing/different	title/author	Storm of Locusts	Read	Ebook		440045	30447565	B07Q2G1CX3		
Black Crow, White Snow	Michael Livingston	2025-05-22	2025-05-22	finish date missing/different	title/author	Black Crow, White Snow	Read	Audio		434404	30402286	B07QR7FJFP		
Homeland	R. A. Salvatore	2025-05-22	2025-05-22	no read audiobook in export; finish date missing/different	title/author	Homeland	Read	Book		369226	4959462	B00BW5V1FU		
Exile	R. A. Salvatore	2025-05-22	2025-05-22	no read audiobook in export; finish date missing/different	title/author	Exile	Read	Book		446224	31773401	B00BWSI8A8		
Sojourn	R. A. Salvatore	2025-05-22	2025-05-22	no read audiobook in export; finish date missing/different	title/author	Sojourn	Read	Book		15630	29308455	B00BWQUFRE		
The Crystal Shard	R. A. Salvatore	2025-05-22	2025-05-22	no read audiobook in export; finish date missing/different	title/author	The Crystal Shard	Read	Book		28782	10821723	B00BWA4ULM		
Parasite Rex	Carl Zimmer	2025-05-22	2025-05-22	unmatched—review candidates								B07CLNZSBJ		Parasite rex inside the bizarre world of nature's most dangerous creatures / Carl Zimmer [Read; Book; book 9543] | Parasite / Mira Grant [Read; Book; book 439111] | Paradise Rot / Marjam Idriss (Translator), Jenny Hval [Want to Read; Book; book 478736]
Uncanny Collateral	Brian McClellan	2025-05-22	2025-05-22	not marked read; no read audiobook in export; finish date missing/different	title/author	Uncanny Collateral	Want to Read	Book		460264	30411615	B07PXN7N1T		
The Dispatcher	John Scalzi	2025-05-22	2025-05-22	no read audiobook in export; finish date missing/different	title/author	The Dispatcher	Read	Book		427962	30405917	B01KKPH1VA		
The Bride Test	Helen Hoang	2025-05-22	2025-05-22	no read audiobook in export; finish date missing/different	title/author	The Bride Test	Read	Book		434866	30737911	B07L5YJ7VW		
The Kiss Quotient	Helen Hoang	2025-05-22	2025-05-22	no read audiobook in export; finish date missing/different	title/author	The Kiss Quotient	Read	Book		358461	31692566	B07D3B4CSY		
Strange the Dreamer	Laini Taylor	2025-05-22	2025-05-22	no read audiobook in export; finish date missing/different	title/author	Strange the Dreamer	Read	Book		376651	16747880	B01NBW5LNR		
Muse of Nightmares	Laini Taylor	2025-05-22	2025-05-22	no read audiobook in export; finish date missing/different	title/author	Muse of Nightmares	Read	Book		202648	31563579	1549142666		
The Raven Tower	Ann Leckie	2025-05-22	2025-05-22	no read audiobook in export; finish date missing/different	title/author	The Raven Tower	Read	Book		337974	30402240	B07L5Z7N2S		
Believe Me	Eddie Izzard	2025-05-22	2025-05-22	no read audiobook in export; finish date missing/different	probable title match—review	Believe Me: A Memoir of Love, Death, and Jazz Chickens	Read	Book		436227	20416210	B06XWYMP73		
Daughter of Smoke and Bone	Laini Taylor	2025-05-22	2025-05-22	unmatched—review candidates								B005O1Y68C		Daughter of Smoke & Bone / Laini Taylor [Read; Book; book 232764] | Night of Cake & Puppets / Laini Taylor [Read; Book; book 477974] | Daughter of Ruins: A Novel / Yvette Manessis Corporon [Want to Read; Book; book 1648314]
Days of Blood & Starlight	Laini Taylor	2025-05-22	2025-05-22	no read audiobook in export; finish date missing/different	title/author	Days of Blood & Starlight	Read	Book		2127585	5508316	B009LN8EPA		
Dreams of Gods & Monsters	Laini Taylor	2025-05-22	2025-05-22	no read audiobook in export; finish date missing/different	title/author	Dreams of Gods & Monsters	Read	Book		475422	30406604	B00JIYMJZ8		
Night of Cake & Puppets	Laini Taylor	2025-05-22	2025-05-22	no read audiobook in export; finish date missing/different	title/author	Night of Cake & Puppets	Read	Book		477974	9415765	B00H3R2MVI		
Wishful Drinking	Carrie Fisher	2025-05-22	2025-05-22	no read audiobook in export; finish date missing/different	title/author	Wishful Drinking	Read	Book		306828	24075379	B002V5GX0I	9780743583411	
Lucky Suit	Lauren Blakely	2025-05-22	2025-05-22	finish date missing/different	title/author	Lucky Suit	Read	Audio		601482	30571529	B07M79KY6L		
Starless	Jacqueline Carey	2025-05-22	2025-05-22	no read audiobook in export; finish date missing/different	title/author	Starless	Read	Book		448671	5510652	B07DLF47PK		
The Last Days of August	Jon Ronson	2025-05-22	2025-05-22	no read audiobook in export; finish date missing/different	title/author	The Last Days of August	Read	Book		645598	30624674	B07JK61MK3		
Strange Practice	Vivian Shaw	2025-05-22	2025-05-22	no read audiobook in export; finish date missing/different	title/author	Strange Practice	Read	Book		430499	27156242	B074HCGXMR		
Dreadful Company	Vivian Shaw	2025-05-22	2025-05-22	no read audiobook in export; finish date missing/different	title/author	Dreadful Company	Read	Ebook		428779	31802991	B07FP32DJF		
The Blade Itself	Joe Abercrombie	2025-05-22	2025-05-22	no read audiobook in export; finish date missing/different	title/author	The Blade Itself	Read	Book		383404	30652201	B014LL6R5U		
Before They Are Hanged	Joe Abercrombie	2025-05-22	2025-05-22	no read audiobook in export; finish date missing/different	title/author	Before They Are Hanged	Read	Book		434460	30693293	B014LL69TO		
Last Argument of Kings	Joe Abercrombie	2025-05-22	2025-05-22	no read audiobook in export; finish date missing/different	title/author	Last Argument of Kings	Read	Book		433213	30693294	B003NHEU1M		
Last Argument of Kings	Joe Abercrombie	2025-05-22	2025-05-22	no read audiobook in export; finish date missing/different	title/author	Last Argument of Kings	Read	Book		433213	30693294	B014LL6Y4O		
Skyward	Brandon Sanderson	2025-05-22	2025-05-22	no read audiobook in export; finish date missing/different	title/author	Skyward	Read	Book		427749	15451021	B07H7Q5D3M		
The Diary of a Hounslow Girl	Ambreen Razia	2025-05-22	2025-05-22	no read audiobook in export; finish date missing/different	title/author	The Diary of a Hounslow Girl	Read	Book		1134046	31158113	B07KWF6W4M		
Alien: Out of the Shadows	Dirk Maggs, Tim Lebbon	2025-05-22	2025-05-22	unmatched—review candidates								B08GC2361R		Alien: Out of the Shadows / Tim Lebbon [Read; Book; book 1604318] | Knot of Shadows / Lois McMaster Bujold [Read; Book; book 696198] | Heir to the Shadows / Anne Bishop [Read; Book; book 446147]
Falling Free	Lois McMaster Bujold	2025-05-22	2025-05-22	no read audiobook in export; finish date missing/different	title/author	Falling Free	Read	Book		267124	24007057	B002V5IRNY		
Shards of Honor	Lois McMaster Bujold	2025-05-22	2025-05-22	no read audiobook in export; finish date missing/different	title/author	Shards of Honor	Read	Book		474582	32045911	B002V0LTHK		
Barrayar	Lois McMaster Bujold	2025-05-22	2025-05-22	no read audiobook in export; finish date missing/different	title/author	Barrayar	Read	Book		458046	30636645	B00309OTU0		
The Warrior's Apprentice	Lois McMaster Bujold	2025-05-22	2025-05-22	no read audiobook in export; finish date missing/different	title/author	The Warrior's Apprentice	Read	Book		442592	18798853	B0036K2EZK		
The Vor Game	Lois McMaster Bujold	2025-05-22	2025-05-22	no read audiobook in export; finish date missing/different	title/author	The Vor Game	Read	Book		458118	30542058	B002V0GFSS		
Cetaganda	Lois McMaster Bujold	2025-05-22	2025-05-22	no read audiobook in export; finish date missing/different	title/author	Cetaganda	Read	Book		856240	30872035	B0036JUM0A		
Ethan of Athos	Lois McMaster Bujold	2025-05-22	2025-05-22	no read audiobook in export; finish date missing/different	title/author	Ethan of Athos	Read	Book		344286	14535813	B002UZL0U2		
Borders of Infinity	Lois McMaster Bujold	2025-05-22	2025-05-22	finish date missing/different	title/author	Borders of Infinity	Read	Audio		578117	31497175	B003OYGVAC		
Brothers in Arms	Lois McMaster Bujold	2025-05-22	2025-05-22	no read audiobook in export; finish date missing/different	title/author	Brothers in Arms	Read	Book		457553	30433121	B002VACF0U		
Mirror Dance	Lois McMaster Bujold	2025-05-22	2025-05-22	no read audiobook in export; finish date missing/different	title/author	Mirror Dance	Read	Book		442049	3096228	B002V1A7F4		
Memory	Lois McMaster Bujold	2025-05-22	2025-05-22	no read audiobook in export; finish date missing/different	title/author	Memory	Read	Book		856239	30395490	B002V1BM9O		
Komarr	Lois McMaster Bujold	2025-05-22	2025-05-22	no read audiobook in export; finish date missing/different	title/author	Komarr	Read	Book		458044	30433125	B002UZYXVU		
A Civil Campaign	Lois McMaster Bujold	2025-05-22	2025-05-22	finish date missing/different	title/author	A Civil Campaign	Read	Audio		351810	17750559	B002VA374S		
Winterfair Gifts	Lois McMaster Bujold	2025-05-22	2025-05-22	no read audiobook in export; finish date missing/different	title/author	Winterfair Gifts	Read	Book		458963	31687466	B002UZJKTA		
Diplomatic Immunity	Lois McMaster Bujold	2025-05-22	2025-05-22	no read audiobook in export; finish date missing/different	title/author	Diplomatic Immunity	Read	Book		458045	30433111	B002V8LAAI		
The Flowers of Vashnoi	Lois McMaster Bujold	2025-05-22	2025-05-22	no read audiobook in export; finish date missing/different	title/author	The Flowers of Vashnoi	Read	Book		439341	30412127	1982557702		
Captain Vorpatril's Alliance	Lois McMaster Bujold	2025-05-22	2025-05-22	no read audiobook in export; finish date missing/different	title/author	Captain Vorpatril's Alliance	Read	Book		106668	30633337	B009P56HIK		
Cryoburn	Lois McMaster Bujold	2025-05-22	2025-05-22	no read audiobook in export; finish date missing/different	title/author	Cryoburn	Read	Ebook		459626	30794437	B0046CL6HY		
Gentleman Jole and the Red Queen	Lois McMaster Bujold	2025-05-22	2025-05-22	no read audiobook in export; finish date missing/different	title/author	Gentleman Jole and the Red Queen	Read	Book		349418	31450431	B019G0PTD2		
Blood of the Earth	Faith Hunter	2025-05-22	2025-05-22	no read audiobook in export; finish date missing/different	title/author	Blood of the Earth	Read	Book		458610	30398309	B01J4HC0TS		
Curse on the Land	Faith Hunter	2025-05-22	2025-05-22	no read audiobook in export; finish date missing/different	title/author	Curse on the Land	Read	Book		458611	30398265	B01M3UZH89		
Flame in the Dark	Faith Hunter	2025-05-22	2025-05-22	finish date missing/different	title/author	Flame in the Dark	Read	Audio		458612	30398074	B0778Z3GMV		
Twain’s Feast	Audible Originals	2025-05-22	2025-05-22	unmatched—review candidates								B07G1Y861M		The Wise Man's Fear / Patrick Rothfuss [Read; Book; book 381332] | Winter Lost / Patricia Briggs [Read; Audio; book 1097006] | In Sea-Salt Tears / Seanan McGuire [Want to Read; Ebook; book 460943]
Girls & Boys	Dennis Kelly	2025-05-22	2025-05-22	no read audiobook in export; finish date missing/different	title/author	Girls & Boys	Read	Book	2025-12-16	436633	23268097	B07DL1VSHB		
Sins of Empire	Brian McClellan	2025-05-22	2025-05-22	no read audiobook in export; finish date missing/different	probable title match—review	Sins of Empire	Read	Book		467520	30508345	B06WLM8K6B		
Wrath of Empire	Brian McClellan	2025-05-22	2025-05-22	no read audiobook in export; finish date missing/different	title/author	Wrath of Empire	Read	Book		461271	30508296	B07BMH2BGK		
Kill the Farm Boy	Kevin Hearne, Delilah S. Dawson	2025-05-22	2025-05-22	unmatched—review candidates								B079J78HNB	9780525593669	Kill the Farm Boy / Delilah S. Dawson [Read; Book; book 465839] | The Grimoire of the Lamb / Kevin Hearne [Read; Book; book 1612285] | Kaibab Unbound / Kevin Hearne [Read; Book; book 1192413]
Andrea Vernon and the Corporation for UltraHuman Protection	Alexander C. Kane	2025-05-22	2025-05-22	finish date missing/different	title/author	Andrea Vernon and the Corporation for UltraHuman Protection	Read	Audio		439604	13674484	B074GG7MT1		
Mortal Engines	Philip Reeve	2025-05-22	2025-05-22	no read audiobook in export; finish date missing/different	title/author	Mortal Engines	Read	Book		181024	30795015	B076PN6TRH	9781338214321	
October	China Mieville	2025-05-22	2025-05-22	no read audiobook in export; finish date missing/different	probable title match—review	October: The Story of the Russian Revolution	Read	Book		442920	14498809	B06XWG6X42		
We Are Legion (We Are Bob)	Dennis E. Taylor	2025-05-22	2025-05-22	unmatched—review candidates								B01L082HJ2		Not Till We Are Lost / Dennis E. Taylor [Read; Ebook; book 1432670] | For We Are Many / Dennis E. Taylor [Read; Ebook; book 427993] | Heaven's River / Ray Porter (Narrator), Dennis E. Taylor [Read; Audio; book 428002]
For We Are Many	Dennis E. Taylor	2025-05-22	2025-05-22	no read audiobook in export; finish date missing/different	title/author	For We Are Many	Read	Ebook		427993	30407482	B01N17THEO		
Children of Blood and Bone	Tomi Adeyemi	2025-05-22	2025-05-22	no read audiobook in export; finish date missing/different	title/author	Children of Blood and Bone	Read	Book		428314	21244801	B075NSTP58		
Nice Dragons Finish Last	Rachel Aaron	2025-05-22	2025-05-22	finish date missing/different	title/author	Nice Dragons Finish Last	Read	Audio		468038	30385873	B00PQVO914		
One Good Dragon Deserves Another	Rachel Aaron	2025-05-22	2025-05-22	no read audiobook in export; finish date missing/different	title/author	One Good Dragon Deserves Another	Read	Book		468037	30385872	B012EHUVKA		
No Good Dragon Goes Unpunished	Rachel Aaron	2025-05-22	2025-05-22	no read audiobook in export; finish date missing/different	title/author	No Good Dragon Goes Unpunished	Read	Ebook		468035	30385870	B01IWE7UY4		
A Dragon of a Different Color	Rachel Aaron	2025-05-22	2025-05-22	no read audiobook in export; finish date missing/different	title/author	A Dragon of a Different Color	Read	Book		468036	30385871	B075GXN8P2		
Last Dragon Standing	Rachel Aaron	2025-05-22	2025-05-22	no read audiobook in export; finish date missing/different	title/author	Last Dragon Standing	Read	Ebook		468024	30385859	B079NL6P2H		
The Fifth Season	N. K. Jemisin	2025-05-22	2025-05-22	no read audiobook in export; finish date missing/different	title/author	The Fifth Season	Read	Book		427825	20057999	B012HQ7IPY		
The Obelisk Gate	N. K. Jemisin	2025-05-22	2025-05-22	no read audiobook in export; finish date missing/different	title/author	The Obelisk Gate	Read	Book		427868	30390634	B01K5RQ6J6		
The Stone Sky	N. K. Jemisin	2025-05-22	2025-05-22	no read audiobook in export; finish date missing/different	title/author	The Stone Sky	Read	Book		427884	30390649	B07288JYYG		
Every Heart a Doorway	Seanan McGuire	2025-05-22	2025-05-22	no read audiobook in export; finish date missing/different	title/author	Every Heart a Doorway	Read	Book		428383	31482871	B0161TMJ5C		
The Last Wish	Andrzej Sapkowski	2025-05-22	2025-05-22	finish date missing/different	title/author	The Last Wish	Read	Audio		89809	30537933	B00WX7Y0W2		
Clean Sweep	Ilona Andrews	2025-05-22	2025-05-22	unmatched—review candidates								B00ISAC8XG		Magic Slays / Ilona Andrews [Read; Book; book 153028] | Magic Bleeds / Ilona Andrews [Read; Book; book 458556] | Magic Bites / Ilona Andrews [Read; Book; book 1509459]
Clean Sweep (Dramatized Adaptation)	Ilona Andrews	2025-05-22	2025-05-22	unmatched—review candidates								B09QH9LWTJ		A Court of Frost and Starlight [Dramatized Adaptation] / Sarah J. Maas, Colleen Delany (Other), Melody Muze (Narrator), Anthony Palmini (Narrator), Jon Vertullo (Narrator), Amanda Forstrom (Narrator), Shawn K. Jain (Narrator), Nora Achrati (Narrator), Karenna Foley (Narrator), Gabriel Michael (Narrator), Natalie Van Sistine (Narrator), Eva Wilhelm (Narrator), Henry W. Kramer (Narrator) [Want to Read; Audio; book 1715532] | Magic Bleeds / Ilona Andrews [Read; Book; book 458556] | Magic Strikes / Ilona Andrews [Read; Book; book 363828]
A Plague of Giants	Kevin Hearne	2025-05-22	2025-05-22	finish date missing/different	title/author	A Plague of Giants	Read	Audio		446924	20179731	B074F4NQX5	9780804128803	
Artemis	Andy Weir	2025-05-22	2025-05-22	no read audiobook in export; finish date missing/different	title/author	Artemis	Read	Book		99422	30406820	B072R1CY4P		
Oathbringer	Brandon Sanderson	2025-05-22	2025-05-22	no read audiobook in export; finish date missing/different	title/author	Oathbringer	Read	Book		459452	30455612	B0718Z5K4C		
Blood of Elves	Andrzej Sapkowski	2025-05-22	2025-05-22	no read audiobook in export; finish date missing/different	title/author	Blood of Elves	Read	Book		445065	32343691	B00XV1ALO0		
Ninefox Gambit	Yoon Ha Lee	2025-05-22	2025-05-22	no read audiobook in export; finish date missing/different	probable title match—review	Ninefox Gambit	Read	Book		427867	31548915	B01GIOKF3S	9781501919381	
The Family Trade	Charles Stross	2025-05-22	2025-05-22	no read audiobook in export; finish date missing/different	title/author	The Family Trade	Read	Book		441093	30880114	B00UG33W6U		
The Family Trade	Charles Stross	2025-05-22	2025-05-22	no read audiobook in export; finish date missing/different	title/author	The Family Trade	Read	Book		441093	30880114	B00UG33W6U		
The Hidden Family	Charles Stross	2025-05-22	2025-05-22	no read audiobook in export; finish date missing/different	title/author	The Hidden Family	Read	Book		457229	30696347	B00XK3FZF4		
The Hidden Family	Charles Stross	2025-05-22	2025-05-22	no read audiobook in export; finish date missing/different	title/author	The Hidden Family	Read	Book		457229	30696347	B00XK3FZF4		
The Clan Corporate	Charles Stross	2025-05-22	2025-05-22	no read audiobook in export; finish date missing/different	title/author	The Clan Corporate	Read	Book		463499	30381162	B01012V9JW		
The Merchants' War	Charles Stross	2025-05-22	2025-05-22	no read audiobook in export; finish date missing/different	title/author	The Merchants' War	Read	Book		457766	31687455	B014EMLGUM		
The Revolution Business	Charles Stross	2025-05-22	2025-05-22	no read audiobook in export; finish date missing/different	title/author	The Revolution Business	Read	Book		457714	30421008	B0189OKEO0		
The Revolution Business	Charles Stross	2025-05-22	2025-05-22	no read audiobook in export; finish date missing/different	title/author	The Revolution Business	Read	Book		457714	30421008	B0189OKEO0		
The Trade of Queens	Charles Stross	2025-05-22	2025-05-22	no read audiobook in export; finish date missing/different	title/author	The Trade of Queens	Read	Book		89047	31687361	B0195CI1QS		
The Trade of Queens	Charles Stross	2025-05-22	2025-05-22	no read audiobook in export; finish date missing/different	title/author	The Trade of Queens	Read	Book		89047	31687361	B0195CI1QS		
Empire Games	Charles Stross	2025-05-22	2025-05-22	no read audiobook in export; finish date missing/different	title/author	Empire Games	Read	Book		448665	30795277	B01NCWQP6F		
Dark State	Charles Stross	2025-05-22	2025-05-22	no read audiobook in export; finish date missing/different	probable title match—review	Dark State	Read	Book		459046	31157633	B078MR6WQ6		
Invisible Sun	Charles Stross	2025-05-22	2025-05-22	finish date missing/different	title/author	Invisible Sun	Read	Audio		460862	30412312	B09HDBYS33		
Mutineer	Mike Shepherd	2025-05-22	2025-05-22	no read audiobook in export; finish date missing/different	title/author	Mutineer	Read	Book		351855	26230501	B002V8H6V0		
Deserter	Mike Shepherd	2025-05-22	2025-05-22	no read audiobook in export; finish date missing/different	title/author	Deserter	Read	Book		1023700	31048219	B002V0LUOW		
Defiant	Mike Shepherd	2025-05-22	2025-05-22	no read audiobook in export; finish date missing/different	title/author	Defiant	Read	Book		643162	30621960	B002V1NQ66		
Training Daze	Mike Shepherd	2025-05-22	2025-05-22	unmatched—review candidates								B00INB44PA		Mutineer / Mike Shepherd [Read; Book; book 351855] | Intrepid / Mike Shepherd [Read; Book; book 1023702] | The Burning Maze / Rick Riordan, Robbie Daymond (Narrator) [Want to Read; Audio; book 431023]
Resolute	Mike Shepherd	2025-05-22	2025-05-22	no read audiobook in export; finish date missing/different	title/author	Resolute	Read	Book		1023718	31048237	B002V1NQAC		
Audacious	Mike Shepherd	2025-05-22	2025-05-22	no read audiobook in export; finish date missing/different	title/author	Audacious	Read	Book		1023701	31048220	B002V1NQDO		
Intrepid	Mike Shepherd	2025-05-22	2025-05-22	no read audiobook in export; finish date missing/different	title/author	Intrepid	Read	Book		1023702	31048221	B002V0A7AA		
Ancillary Justice	Ann Leckie	2025-05-22	2025-05-22	no read audiobook in export; finish date missing/different	title/author	Ancillary Justice	Read	Book		95034	30629193	1549174908	9781549174902	
Ancillary Sword	Ann Leckie	2025-05-22	2025-05-22	no read audiobook in export; finish date missing/different	title/author	Ancillary Sword	Read	Book		42612	30447521	B00O5GFLRC		
Ancillary Mercy	Ann Leckie	2025-05-22	2025-05-22	no read audiobook in export; finish date missing/different	title/author	Ancillary Mercy	Read	Book		89213	30889924	B014JWUK8Q		
Agent of Hel	Jacqueline Carey	2025-05-22	2025-05-22	unmatched—review candidates								B009UX3BUE		Santa Olivia / Jacqueline Carey [Want to Read; Book; book 198679] | Agents of Dreamland / Caitlín R. Kiernan [Want to Read; Book; book 436911] | Dark Currents / Jacqueline Carey [Read; Book; book 473150]
Autumn Bones	Jacqueline Carey	2025-05-22	2025-05-22	no read audiobook in export; finish date missing/different	title/author	Autumn Bones	Read	Book		461552	30393652	B00FJR96ZE		
Poison Fruit	Jacqueline Carey	2025-05-22	2025-05-22	no read audiobook in export; finish date missing/different	title/author	Poison Fruit	Read	Book		459433	30393654	B00O8IPW3K		
Off to Be the Wizard	Scott Meyer	2025-05-22	2025-05-22	no read audiobook in export; finish date missing/different	title/author	Off to Be the Wizard	Read	Book		427622	12252114	B00IIS32NI		
Ghost Talkers	Mary Robinette Kowal	2025-05-22	2025-05-22	no read audiobook in export; finish date missing/different	title/author	Ghost Talkers	Read	Book		441128	2435539	B01GSJHSS8		
Dead Rising	Debra Dunbar	2025-05-22	2025-05-22	no read audiobook in export; finish date missing/different	title/author	Dead Rising	Read	Book		496530	30444990	B01KU584NE		
Last Breath	Debra Dunbar	2025-05-22	2025-05-22	unmatched—review candidates								B01M1GZW4M		Last Bastion / Travis Bach, Rachel Aaron, Josh Hurley (Reading) [Read; Book; book 587479] | A Suburban Summoning / Debra Dunbar [Want to Read; Book; book 612356] | Juliet Takes a Breath / Gabby Rivera [Want to Read; Book; book 222977]
Bare Bones	Debra Dunbar	2025-05-22	2025-05-22	unmatched—review candidates								B01M5D0DWC		A Demon Bound / Debra Dunbar [Read; Book; book 612355] | A Crown of Imp and Bone / Debra Dunbar, Angela Rysk (Narrator) [Read; Audio; book 1612359] | Angel of Chaos / Debra Dunbar [Read; Book; book 612349]
Indexing	Seanan McGuire	2025-05-22	2025-05-22	no read audiobook in export; finish date missing/different	title/author	Indexing	Read	Book		318992	31600040	B00IK12AZ4		
Indexing: Reflections	Seanan McGuire	2025-05-22	2025-05-22	no read audiobook in export; finish date missing/different	title/author	Indexing: Reflections	Read	Book		995889	31020646	B0198LMI2O		
Shadows of Self	Brandon Sanderson	2025-05-22	2025-05-22	no read audiobook in export; finish date missing/different	title/author	Shadows of Self	Read	Book		135725	30468880	B014LLCT7A		
The Bands of Mourning	Brandon Sanderson	2025-05-22	2025-05-22	no read audiobook in export; finish date missing/different	title/author	The Bands of Mourning	Read	Book		427966	2316588	B0189QQXRA		
The Alloy of Law	Brandon Sanderson	2025-05-22	2025-05-22	no read audiobook in export; finish date missing/different	title/author	The Alloy of Law	Read	Book		330249	30422640	B005ZUI3OA		
The Final Empire	Brandon Sanderson	2025-05-22	2025-05-22	unmatched—review candidates								B002V0QCYU		Mistborn: The Final Empire / Brandon Sanderson [Read; Book; book 369692] | The Original / Mary Robinette Kowal, Julia Whelan (Narrator), Brandon Sanderson [Want to Read; Audio; book 427950] | Oathbringer / Brandon Sanderson [Read; Book; book 459452]
The Well of Ascension	Brandon Sanderson	2025-05-22	2025-05-22	no read audiobook in export; finish date missing/different	title/author	The Well of Ascension	Read	Book		427383	18882062	B002V5GLQ4		
The Hero of Ages	Brandon Sanderson	2025-05-22	2025-05-22	no read audiobook in export; finish date missing/different	title/author	The Hero of Ages	Read	Book		103241	4780391	B002VA9IKK		
Naamah's Kiss	Jacqueline Carey	2025-05-22	2025-05-22	no read audiobook in export; finish date missing/different	title/author	Naamah's Kiss	Read	Ebook		386472	533188	B002VA9N4Q		
Naamah's Curse	Jacqueline Carey	2025-05-22	2025-05-22	no read audiobook in export; finish date missing/different	title/author	Naamah's Curse	Read	Book		93422	19342135	B003R2X1JK		
Naamah's Blessing	Jacqueline Carey	2025-05-22	2025-05-22	no read audiobook in export; finish date missing/different	title/author	Naamah's Blessing	Read	Book		261819	3729310	B0058JNUCS		
Beggars in Spain	Nancy Kress	2025-05-22	2025-05-22	no read audiobook in export; finish date missing/different	title/author	Beggars in Spain	Read	Book		327532	22236020	B002V1JFFC		
Steelheart	Brandon Sanderson	2025-05-22	2025-05-22	no read audiobook in export; finish date missing/different	title/author	Steelheart	Read	Book		39657	30565057	B00ECDZ08I		
Mitosis	Brandon Sanderson	2025-05-22	2025-05-22	no read audiobook in export; finish date missing/different	probable title match—review	Mitosis: A Reckoners Story	Read	Book		427474	30425894	B00LSYYMY2		
Firefight	Brandon Sanderson	2025-05-22	2025-05-22	no read audiobook in export; finish date missing/different	title/author	Firefight	Read	Book	2025-12-16	427458	31563073	B00O3IUEII		
Calamity	Brandon Sanderson	2025-05-22	2025-05-22	no read audiobook in export; finish date missing/different	title/author	Calamity	Read	Book		427477	31687337	B019P7DVPE		
Brilliance of the Moon	Lian Hearn	2025-05-22	2025-05-22	no read audiobook in export; finish date missing/different	title/author	Brilliance of the Moon	Read	Book		229421	15015433	B002V5BU42		
Across the Nightingale Floor	Lian Hearn	2025-05-22	2025-05-22	no read audiobook in export; finish date missing/different	title/author	Across the Nightingale Floor	Read	Book		307890	25369771	B002VAA7UU		
Grass for His Pillow	Lian Hearn	2025-05-22	2025-05-22	no read audiobook in export; finish date missing/different	title/author	Grass for His Pillow	Read	Book		446802	23063169	B002V5CMTO		
Harsh Cry of the Heron	Lian Hearn	2025-05-22	2025-05-22	unmatched—review candidates								B002V0RNHK		Brilliance of the Moon / Lian Hearn [Read; Book; book 229421] | Across the Nightingale Floor / Lian Hearn [Read; Book; book 307890] | Gardens of the Moon / Steven Erikson [Read; Book; book 319998]
The Aeronaut's Windlass	Jim Butcher	2025-05-22	2025-05-22	no read audiobook in export; finish date missing/different	title/author	The Aeronaut's Windlass	Read	Book		458602	6454628	B0143O99FK		
Furies of Calderon	Jim Butcher	2025-05-22	2025-05-22	no read audiobook in export; finish date missing/different	title/author	Furies of Calderon	Read	Book		380212	30504276	B002V8HC7I		
Furies of Calderon	Jim Butcher	2025-05-22	2025-05-22	no read audiobook in export; finish date missing/different	title/author	Furies of Calderon	Read	Book		380212	30504276	B002V8HC7I		
Academ's Fury	Jim Butcher	2025-05-22	2025-05-22	finish date missing/different	title/author	Academ's Fury	Read	Audio		446853	30432187	B002V18EH2		
Cursor's Fury	Jim Butcher	2025-05-22	2025-05-22	no read audiobook in export; finish date missing/different	title/author	Cursor's Fury	Read	Book		437923	30429326	B002V0TG16		
Cursor's Fury	Jim Butcher	2025-05-22	2025-05-22	no read audiobook in export; finish date missing/different	title/author	Cursor's Fury	Read	Book		437923	30429326	B002V0TG16		
Captain's Fury	Jim Butcher	2025-05-22	2025-05-22	no read audiobook in export; finish date missing/different	title/author	Captain's Fury	Read	Book		258514	1948989	B002V5CMK8		
Princeps' Fury	Jim Butcher	2025-05-22	2025-05-22	no read audiobook in export; finish date missing/different	title/author	Princeps' Fury	Read	Book		40860	30919438	B002V0KCYG		
First Lord's Fury	Jim Butcher	2025-05-22	2025-05-22	no read audiobook in export; finish date missing/different	title/author	First Lord's Fury	Read	Book		10095	30492172	B0036NA8QO		
First Lord's Fury	Jim Butcher	2025-05-22	2025-05-22	no read audiobook in export; finish date missing/different	title/author	First Lord's Fury	Read	Book		10095	30492172	B01JZM8RH6		
Insurrection	Thomas M. Reid	2025-05-22	2025-05-22	no read audiobook in export; finish date missing/different	title/author	Insurrection	Read	Ebook		837630	31687437	B00AW2ZHMC		
Insurrection	David Weber, Steve White	2025-05-22	2025-05-22	unmatched—review candidates								B01BO6TDNS		Insurrection / Thomas M. Reid [Read; Ebook; book 837630] | Resurrection /  [Read; Book; book 726991] | Extinction / Lisa Smedman [Read; Book; book 796228]
Dissolution	Richard Lee Byers	2025-05-22	2025-05-22	no read audiobook in export; finish date missing/different	title/author	Dissolution	Read	Ebook		271668	296765	B00AWDA6C2		
Queen of the Darkness	Anne Bishop	2025-05-22	2025-05-22	no read audiobook in export; finish date missing/different	title/author	Queen of the Darkness	Read	Book		275805	1982776	B003RCE1JY		
Daughter of the Blood	Anne Bishop	2025-05-22	2025-05-22	no read audiobook in export; finish date missing/different	title/author	Daughter of the Blood	Read	Book		447718	26484641	B003C28KXM		
Heir to the Shadows	Anne Bishop	2025-05-22	2025-05-22	no read audiobook in export; finish date missing/different	title/author	Heir to the Shadows	Read	Book		446147	30506635	B003LMNK2E		
You Have to F--king Eat	Adam Mansbach	2025-05-22	2025-05-22	finish date missing/different	title/author	You Have to F--king Eat	Read	Audio		948710	30973759	B00P9JHMDK		
Cryptonomicon	Neal Stephenson	2025-05-22	2025-05-22	no read audiobook in export; finish date missing/different	title/author	Cryptonomicon	Read	Book		386719	5310645	B086WMZ9WR		
Kushiel's Dart	Jacqueline Carey	2025-05-22	2025-05-22	no read audiobook in export; finish date missing/different	title/author	Kushiel's Dart	Read	Book		427397	10192683	B002V8HEEE	9781400179497	
Kushiel's Chosen	Jacqueline Carey	2025-05-22	2025-05-22	no read audiobook in export; finish date missing/different	title/author	Kushiel's Chosen	Read	Book		439003	32164650	B002VA8LKS	9781400179503	
Kushiel's Avatar	Jacqueline Carey	2025-05-22	2025-05-22	no read audiobook in export; finish date missing/different	title/author	Kushiel's Avatar	Read	Book		439093	11559033	B002V082MA	9781400179510	
Kushiel's Scion	Jacqueline Carey	2025-05-22	2025-05-22	unmatched—review candidates								B002VAA9S0		Kushiel's Chosen / Jacqueline Carey [Read; Book; book 439003] | Kushiel's Mercy / Jacqueline Carey, Simon Vance [Read; Book; book 338270] | Kushiel's Dart / Jacqueline Carey [Read; Book; book 427397]
Kushiel's Justice	Jacqueline Carey	2025-05-22	2025-05-22	no read audiobook in export; finish date missing/different	probable title match—review	Kushiel's Justice	Read	Book		380013	31687460	B002V5GZQK		
Kushiel's Mercy	Jacqueline Carey	2025-05-22	2025-05-22	no read audiobook in export; finish date missing/different	title/author	Kushiel's Mercy	Read	Book		338270	31687318	B002V0TG4I		
The Hallowed Hunt	Lois McMaster Bujold	2025-05-22	2025-05-22	no read audiobook in export; finish date missing/different	title/author	The Hallowed Hunt	Read	Ebook		383394	30436804	B002V0QHSG		
Penric and the Shaman	Lois McMaster Bujold	2025-05-22	2025-05-22	no read audiobook in export; finish date missing/different	title/author	Penric and the Shaman	Read	Book		461429	30432952	B01NACOKLN		
Penric's Mission: A Novella in the World of the Five Gods	Lois McMaster Bujold	2025-05-22	2025-05-22	no read audiobook in export; finish date missing/different	probable title match—review	Penric's Mission	Read	Book		489681	30436805	B01MUCWLLY		
The Curse of Chalion	Lois McMaster Bujold	2025-05-22	2025-05-22	no read audiobook in export; finish date missing/different	title/author	The Curse of Chalion	Read	Book		146704	22817578	B002V0M5FU		
Paladin of Souls	Lois McMaster Bujold	2025-05-22	2025-05-22	no read audiobook in export; finish date missing/different	title/author	Paladin of Souls	Read	Book		381205	20163176	B002UZLB92		
Machine Man	Max Barry	2025-05-22	2025-05-22	no read audiobook in export; finish date missing/different	title/author	Machine Man 	Read	Book		333174	5030319	B005FMYOIC		
Snow Crash	Neal Stephenson	2025-05-22	2025-05-22	no read audiobook in export; finish date missing/different	title/author	Snow Crash	Read	Book		92854	6323255	B002UUKWCY		
Snow Crash	Neal Stephenson	2025-05-22	2025-05-22	no read audiobook in export; finish date missing/different	title/author	Snow Crash	Read	Book		92854	6323255	B002UUKWCY		
Bellwether	Connie Willis	2025-05-22	2025-05-22	no read audiobook in export; finish date missing/different	title/author	Bellwether	Read	Book		107801	16610886	B002V1BMW6		
1Q84	Haruki Murakami, Jay Rubin - translator, Philip Gabriel - translator	2025-05-22	2025-05-22	no read audiobook in export; finish date missing/different	title/author	1Q84	Read	Book		427687	28550547	B005XZM7R6		
Hard-Boiled Wonderland and the End of the World	Haruki Murakami	2025-05-22	2025-05-22	no read audiobook in export; finish date missing/different	title/author	Hard-Boiled Wonderland and the End of the World	Read	Book		430705	20105775	B07DFM7Y68		
Storm Front	Jim Butcher	2025-05-22	2025-05-22	unmatched—review candidates								B002V8KYMI		First Lord's Fury / Jim Butcher [Read; Book; book 10095] | Cursor's Fury / Jim Butcher [Read; Book; book 437923] | Furies of Calderon / Jim Butcher [Read; Book; book 380212]
Fool Moon	Jim Butcher	2025-05-22	2025-05-22	no read audiobook in export; finish date missing/different	title/author	Fool Moon	Read	Book		183010	19170037	B002V1BII4		
Grave Peril	Jim Butcher	2025-05-22	2025-05-22	no read audiobook in export; finish date missing/different	title/author	Grave Peril	Read	Book		309362	30117722	B002V8MMPU		
Death Masks	Jim Butcher	2025-05-22	2025-05-22	no read audiobook in export; finish date missing/different	title/author	Death Masks	Read	Book		1244	19221704	B002V9ZE4A		
Turn Coat	Jim Butcher	2025-05-22	2025-05-22	no read audiobook in export; finish date missing/different	title/author	Turn Coat	Read	Book		187503	17446455	B002V0M1R2		
Changes: The Dresden Files, Book 12	Jim Butcher	2025-05-22	2025-05-22	unmatched—review candidates								B003DORDUU		Changes / Jim Butcher [Read; Book; book 252854] | Side Jobs: Stories from The Dresden Files / Jim Butcher [Read; Book; book 445869] | Shadowed Souls / Jim Butcher (Editor), Kerrie L. Hughes (Editor) [Want to Read; Book; book 458616]
Side Jobs	Jim Butcher	2025-05-22	2025-05-22	no read audiobook in export; finish date missing/different	probable title match—review	Side Jobs: Stories from The Dresden Files	Read	Book		445869	30430493	B004708FYW		
Ghost Story	Jim Butcher	2025-05-22	2025-05-22	no read audiobook in export; finish date missing/different	title/author	Ghost Story	Read	Book		333169	30446743	B00UVR0LWY		
Go the F--k to Sleep	Adam Mansbach, Ricardo Cortes - illustrator	2025-05-22	2025-05-22	unmatched—review candidates								B00551W570		Go the Fuck to Sleep / Ricardo Cortés (Illustrator), Adam Mansbach [Read; Book; book 799532] | The Golem of Brooklyn / Adam Mansbach [Want to Read; Book; book 1010090] | The Seep / Chana Porter, Shakina Nayfack (Narrator) [Read; Audio; book 452807]
The Name of the Wind	Patrick Rothfuss	2025-05-22	2025-05-22	no read audiobook in export; finish date missing/different	title/author	The Name of the Wind	Read	Book		379217	19454574	B002UZMLXM		
The Wise Man's Fear	Patrick Rothfuss	2025-05-22	2025-05-22	no read audiobook in export; finish date missing/different	title/author	The Wise Man's Fear	Read	Book		381332	31488150	B007Q37QD8		
Bad Habit	Alana S. Portero, Mara Faye Lethem - translator	2025-05-22	2025-05-22	no read audiobook in export	probable title match—review	Bad Habit	Read	Book	2025-05-22	1204816	32164695	B0CCW3TN5J		
The Sword of Kaigen: A Theonite War Story	M. L. Wang	2025-05-23	2025-05-22	no read audiobook in export	probable title match—review	The Sword of Kaigen	Read	Book	2025-05-23	445706	30396833	B08GGD1BH1		
The Book Eaters	Sunyi Dean	2025-05-24	2025-05-23		title/author	The Book Eaters	Read	Audio	2025-05-24	465119	30382792	B09GH8QVT4		
Wrath Goddess Sing	Maya Deane	2025-05-25	2025-05-24	no read audiobook in export	probable title match—review	Wrath Goddess Sing	Read	Book	2025-05-25	455447	31668545	B09JXLRPMQ		
Raven Stratagem	Yoon Ha Lee	2025-05-25	2025-05-25	not marked read; no read audiobook in export; finish date missing/different	title/author	Raven Stratagem	Want to Read	Book		430697	31534766	B072JV8KMX		
Revenant Gun	Yoon Ha Lee	2025-05-25	2025-05-25	not marked read; no read audiobook in export; finish date missing/different	title/author	Revenant Gun	Want to Read	Book		459138	30400629	B07DLGK6LR		
Hexarchate Stories	Yoon Ha Lee	2025-05-25	2025-05-25	not marked read; no read audiobook in export; finish date missing/different	title/author	Hexarchate Stories	Want to Read	Book		459137	30567068	198000661X		
Compass Rose	Anna Burke	2025-05-26	2025-05-25	no read audiobook in export	title/author	Compass Rose	Read	Book	2025-05-26	439105	12372412	B07VKF2R57		
Moonstone: The Boy Who Never Was	Sjon, Victoria Cribb - translator	2025-05-26	2025-05-26	no read audiobook in export	title/author	Moonstone: The Boy Who Never Was	Read	Book	2025-05-26	1222850	31247898	B01IIPG43U		
Knot of Shadows	Lois McMaster Bujold	2025-05-26	2025-05-26	no read audiobook in export; finish date missing/different	title/author	Knot of Shadows	Read	Book		696198	30684850	B09MR6VNJD		
A Discovery of Witches	Deborah Harkness	2025-05-26	2025-05-26	unmatched—review candidates								B004MNLNX4		Sisters of the Snake / Sasha Nanua, Sarena Nanua [Want to Read; Book; book 735327] | Sisters of the Snake / Sarena Nanua, Sasha Nanua, Soneela Nankani [Read; Audio; book 455815] | Overgrowth / Mira Grant [Want to Read; Ebook; book 1634509]
Time's Convert	Deborah Harkness	2025-05-26	2025-05-26	unmatched—review candidates								B07DKK2CV6		The Convert / Stefan Hertmans, Nicholas Guy Smith (Narrator) [Read; Audio; book 553242] | The Time of Contempt / Andrzej Sapkowski, Peter Kenny (Narrator), David   French (Translator) [Want to Read; Audio; book 1408508] | This Poison Heart / Kalynn  Bayron [Want to Read; Book; book 465278]
Heroes Die	Matthew Stover	2025-05-26	2025-05-26	unmatched—review candidates								B006X6EQAK		Heroes Die / Matthew Woodring Stover [Read; Book; book 78154] | Where Echoes Die / Courtney Gould [Want to Read; Book; book 504000] | Here Lies Olive / Kate Anderson [Want to Read; Book; book 1377219]
Blade of Tyshalle	Matthew Stover	2025-05-26	2025-05-26	unmatched—review candidates								B006MXKPUE		Parable of the Talents / Octavia E. Butler, Patricia R. Floyd (Narrator), Peter Jay Fernandez (Narrator), Sisi Aisha Johnson (Narrator) [Want to Read; Audio; book 150915] | The Lady of the Lake / Jean Menzies [Want to Read; Book; book 1996709] | The Lady of the Lake / Andrzej Sapkowski, David   French (Translator), Peter Kenny (Narrator) [Want to Read; Audio; book 445169]
Caine Black Knife	Matthew Stover	2025-05-26	2025-05-26	unmatched—review candidates								B006P47V0M		Rainbow Black / Maggie Thrash [Want to Read; Ebook; book 975349] | Caine's law / Matthew Woodring Stover [Read; Book; book 459283] | The Subtle Knife / Philip Pullman [Read; Audio; book 198704]
Caine’s Law	Matthew Stover	2025-05-26	2025-05-26	unmatched—review candidates								B007MF0I2G		Caine's law / Matthew Woodring Stover [Read; Book; book 459283] | Charon's Claw / R. A. Salvatore [Want to Read; Book; book 446779] | Changes / Jim Butcher [Read; Book; book 252854]
Shadow of Night	Deborah Harkness	2025-05-26	2025-05-26	unmatched—review candidates								B008EYO88O		Our Share of Night / Mariana Enriquez, Pablo Gerardo Camacho (Illustrator), Megan McDowell (Translator) [Want to Read; Book; book 513142] | Shadow Rites / Faith Hunter [Read; Book; book 461186] | Shadow Baron / Davinia Evans [Want to Read; Book; book 1109219]
The Book of Life	Deborah Harkness	2025-05-27	2025-05-27	unmatched—review candidates								B00K8F6KQA		A Book of Life / Rabbi Michael Strassfeld [Want to Read; Book; book 1480436] | The Book of All Skies / Greg Egan [Want to Read; Book; book 658093] | The Book of Lights / Chaim Potok [Want to Read; Book; book 941628]
One More Last Time	Eric Ugland	2025-05-27	2025-05-27	no read audiobook in export; finish date missing/different	title/author	One More Last Time	Read	Book		497387	30446039	1541404467	9781541404465	
Heir Today, Pawn Tomorrow: A LitRPG/GameLit Novel	Eric Ugland	2025-05-27	2025-05-27	no read audiobook in export; finish date missing/different	probable title match—review	Heir Today, Pawn Tomorrow	Read	Book		637923	30615792	1541404475	9781541404472	
Dungeon Mauling	Eric Ugland	2025-05-27	2025-05-27	no read audiobook in export; finish date missing/different	title/author	Dungeon Mauling	Read	Ebook		637922	30615791	1541404548	9781541404540	
Four: The Loot: A LitRPG/GameLit Novel	Eric Ugland	2025-05-27	2025-05-27	finish date missing/different	identifier	Four: The Loot	Read	Audio		637917	32316451	1541404556	9781541404557	
Dukes and Ladders: A LitRPG/Gamelit Adventure	Eric Ugland	2025-05-27	2025-05-27	no read audiobook in export; finish date missing/different	probable title match—review	Dukes and Ladders	Read	Book		637921	30615790	1515942457	9781515942450	
Home, Siege Home: A LitRPG/GameLit Novel	Eric Ugland	2025-05-27	2025-05-27	no read audiobook in export; finish date missing/different	probable title match—review	Home, Siege Home	Read	Book		637920	30615789	1515942465	9781515942467	
The Bare Hunt	Eric Ugland	2025-05-27	2025-05-27	no read audiobook in export; finish date missing/different	title/author	The Bare Hunt	Read	Book		637919	30615788	1494548682	9781494548681	
Eastbound and Town	Eric Ugland	2025-05-27	2025-05-27	no read audiobook in export; finish date missing/different	title/author	Eastbound and Town	Read	Book		637918	30615787	1977300502	9781977300508	
Four Beheadings and a Funeral	Eric Ugland	2025-05-27	2025-05-27	no read audiobook in export; finish date missing/different	title/author	Four Beheadings and a Funeral	Read	Ebook		995399	31020151	1494548690	9781494548698	
Eat, Slay, Love	Eric Ugland	2025-05-27	2025-05-27	no read audiobook in export; finish date missing/different	title/author	Eat, Slay, Love	Read	Book		637916	30615785	1705267920	9781705267929	
Killing Them Awfully	Eric Ugland	2025-05-27	2025-05-27	no read audiobook in export; finish date missing/different	title/author	Killing Them Awfully	Read	Book		637915	30615784	1705267947	9781705267943	
Wild Wild Quest	Eric Ugland	2025-05-27	2025-05-27	no read audiobook in export; finish date missing/different	title/author	Wild Wild Quest	Read	Ebook		637911	30615780	B09N9ZGVD6	9781705267967	
Flex in the City	Eric Ugland	2025-05-27	2025-05-27	no read audiobook in export; finish date missing/different	title/author	Flex in the City	Read	Book		637822	30615691	B0BH6Z68LZ	9781666176186	
Bad to the Throne	Eric Ugland	2025-05-27	2025-05-27	no read audiobook in export; finish date missing/different	title/author	Bad to the Throne	Read	Book		1077660	31101719	B0DC74YPT3		
He Who Fights with Monsters: A LitRPG Adventure	Shirtaloon, Travis Deverell	2025-05-27	2025-05-27	no read audiobook in export; finish date missing/different	probable title match—review	He Who Fights with Monsters	Read	Book		2371526	31147086	1774248182		
He Who Fights with Monsters 2	Shirtaloon, Travis Deverell	2025-05-27	2025-05-27	no read audiobook in export; finish date missing/different	title/author	He Who Fights with Monsters 2	Read	Book		587448	30554099	1774249162		
He Who Fights with Monsters 3	Shirtaloon, Travis Deverell	2025-05-27	2025-05-27	finish date missing/different	identifier	He Who Fights with Monsters 3: A LitRPG Adventure (He Who Fights with Monsters, Book 3)	Read	Audio		567926	30529439	1039400205		
He Who Fights with Monsters 4	Shirtaloon, Travis Deverell	2025-05-27	2025-05-27	unmatched—review candidates								B09GHD1R2R		He Who Fights with Monsters / Shirtaloon, Travis Deverell [Read; Book; book 2371526] | He Who Fights With Monsters 6 / Shirtaloon, Travis Deverell [Read; Book; book 587441] | He Who Fights with Monsters 7 / Shirtaloon, Travis Deverell [Read; Ebook; book 567927]
He Who Fights with Monsters 5	Shirtaloon, Travis Deverell	2025-05-27	2025-05-27	no read audiobook in export; finish date missing/different	title/author	He Who Fights with Monsters 5	Read	Ebook		587442	31230441	B09PSSTFP3		
He Who Fights with Monsters 6	Shirtaloon, Travis Deverell	2025-05-27	2025-05-27	no read audiobook in export; finish date missing/different	title/author	He Who Fights With Monsters 6	Read	Book		587441	31230443	B09WB2V33H		
He Who Fights with Monsters 7	Shirtaloon, Travis Deverell	2025-05-27	2025-05-27	no read audiobook in export; finish date missing/different	title/author	He Who Fights with Monsters 7	Read	Ebook		567927	31019901	B0B5HY4BM7		
He Who Fights with Monsters 8	Shirtaloon, Travis Deverell	2025-05-27	2025-05-27	no read audiobook in export; finish date missing/different	title/author	He Who Fights With Monsters 8	Read	Ebook		638211	31230445	B0BDMQN3S8	9781039410008	
He Who Fights with Monsters 9	Shirtaloon, Travis Deverell	2025-05-27	2025-05-27	finish date missing/different	identifier	He Who Fights with Monsters 9: A LitRPG Adventure (He Who Fights with Monsters, Book 9)	Read	Audio		638210	30616095	B0BMCNHHWN	9781039418776	
He Who Fights with Monsters 10	Shirtaloon, Travis Deverell	2025-05-27	2025-05-27	no read audiobook in export; finish date missing/different	title/author	He Who Fights with Monsters 10	Read	Ebook		856789	31230447	B0C1PV6Q7C		
He Who Fights with Monsters 11: A LitRPG Adventure	Shirtaloon, Travis Deverell	2025-05-27	2025-05-27	no read audiobook in export; finish date missing/different	probable title match—review	He Who Fights with Monsters 11	Read	Ebook		1205399	31230448	B0D1DPR1X3		
Feet of Clay	Terry Pratchett	2025-05-27	2025-05-27	finish date missing/different	title/author	Feet of Clay	Read	Audio		446079	31195776	B09M8Y536Y		
Jingo	Terry Pratchett	2025-05-27	2025-05-27	unmatched—review candidates								B09M8YBLKH		Raising Steam / Terry Pratchett, Stephen Briggs (Narrator) [Want to Read; Audio; book 463511] | Vainglory / Plum Parrot, Robb Moreira (Narrator) [Read; Audio; book 1823410] | Saving Noah / Lucinda Berry [Want to Read; Book; book 559646]
The Fifth Elephant	Terry Pratchett	2025-05-27	2025-05-27	no read audiobook in export; finish date missing/different	title/author	The Fifth Elephant	Read	Book		152389	30417874	B09M8X6H8X		
The Truth	Terry Pratchett	2025-05-27	2025-05-27	unmatched—review candidates								B09MDMFFQN		The Truth of Valor / Tanya Huff [Read; Book; book 283569] | The Truth About Keeping Secrets / Savannah Brown [Want to Read; Book; book 467996] | The Brutal Truth / Lee Winter [Want to Read; Book; book 519873]
Roseland: Volume 2	Eric Ugland	2025-05-27	2025-05-27	unmatched—review candidates								1774244055		Skull and Thrones / Eric Ugland [Read; Ebook; book 638177] | Of Slicing Men / Eric Ugland [Read; Ebook; book 995394] | Dukes and Ladders / Eric Ugland [Read; Book; book 637921]
Roseland: Volume 3	Eric Ugland	2025-05-27	2025-05-27	unmatched—review candidates								1774244136		Skull and Thrones / Eric Ugland [Read; Ebook; book 638177] | Of Slicing Men / Eric Ugland [Read; Ebook; book 995394] | Dukes and Ladders / Eric Ugland [Read; Book; book 637921]
Reaper Man	Terry Pratchett	2025-05-27	2025-05-27	unmatched—review candidates								B09LZ43N8W		Men at Arms / Terry Pratchett [Read; Book; book 446110] | Weatherman / Lois McMaster Bujold [Read; Book; book 468419] | Reaper's Gale / Steven Erikson [Read; Book; book 236602]
The Galaxy, and the Ground Within	Becky Chambers	2025-05-27	2025-05-27	no read audiobook in export; finish date missing/different	title/author	The Galaxy, and the Ground Within	Read	Book		435198	13560725	0063069199		
Night Watch	Terry Pratchett	2025-05-27	2025-05-27	unmatched—review candidates								B09M8XH27V		The Night Watchman / Louise Erdrich (Narrator), Louise Erdrich [Want to Read; Audio; book 432398] | Night / George Guidall (Narrator), Marion Wiesel (Translator), Elie Wiesel [Read; Audio; book 35078] | Raising Steam / Terry Pratchett, Stephen Briggs (Narrator) [Want to Read; Audio; book 463511]
Hogfather	Terry Pratchett	2025-05-27	2025-05-27	unmatched—review candidates								B09LVLY9DC		A Slip of the Keyboard / Terry Pratchett, Michael Fenton Stevens (Narrator) [Want to Read; Audio; book 710285] | Men at Arms / Terry Pratchett [Read; Book; book 446110] | Off the Grid /  [Want to Read; Book; book 476393]
Girls of Paper and Fire	James Patterson - foreword, Natasha Ngan	2025-05-27	2025-05-26	unmatched—review candidates								B07HM79VPL		Girls of Paper and Fire / Allison Hiroto (Narrator), Natasha Ngan [Read; Audio; book 14918] | Girls of Fate and Fury / Natasha Ngan [Read; Audio; book 526659] | Girls on Fire / Robin Wasserman [Want to Read; Book; book 519883]
The Unkindest Tide	Seanan McGuire	2025-05-27	2025-05-27	no read audiobook in export; finish date missing/different	title/author	The Unkindest Tide	Read	Book		476457	30397845	B07Z9KFK8L		
Winter Lost	Patricia Briggs	2025-05-27	2025-05-27	finish date missing/different	title/author	Winter Lost	Read	Audio	2024-12-18	1097006	31629718	B0CMKG5KDY		
Demon Daughter	Lois McMaster Bujold	2025-05-27	2025-05-27	no read audiobook in export; finish date missing/different	title/author	Demon Daughter	Read	Book		1109443	31133464	B0CT45TLCQ		
Asunder	Kerstin Hall	2025-05-28	2025-05-27		title/author	Asunder	Read	Audio	2025-05-28	1168749	31529620	B0CSZR1K2S		
Cantoras	Carolina De Robertis	2025-05-29	2025-05-29	finish date missing/different	identifier	Cantoras	Read	Audio	2025-05-30	451262	32164643	0593148991		
Never Anyone but You	Rupert Thomson	2025-05-30	2025-05-29	no read audiobook in export	title/author	Never Anyone But You	Read	Book	2025-05-30	514038	32164652	B07BC67TVF		
Fall on Your Knees	Ann-Marie MacDonald	2025-06-01	2025-05-30		identifier	Fall on Your Knees	Read	Audio	2025-06-01	435648	32043023	B09FYMT8MM		
Penric and the Bandit	Lois McMaster Bujold	2025-06-01	2025-06-01	finish date missing/different	title/author	Penric and the Bandit	Read	Audio	2025-06-02	1447020	31487831	B0D9ZQJJ94		
Alien: Covenant Origins	Alan Dean Foster	2025-06-02	2025-06-01	no read audiobook in export	title/author	Alien: Covenant Origins	Read	Book	2025-06-02	782567	31668727	B0752RX6NJ		
Grave Importance	Vivian Shaw	2025-06-03	2025-06-02	no read audiobook in export	title/author	Grave Importance	Read	Book	2025-06-03	468160	30385995	1478945176		
Circle of the Moon	Faith Hunter	2025-06-04	2025-06-03		title/author	Circle of the Moon	Read	Audio	2025-06-04	461183	30398094	B07NP7CS2Q		
Spells for the Dead	Faith Hunter	2025-06-05	2025-06-04	finish date missing/different	title/author	Spells for the Dead	Read	Audio	2025-06-06	461182	30397955	B08DHJJPQ3		
Rift in the Soul	Faith Hunter	2025-06-06	2025-06-06	finish date missing/different	title/author	Rift in the soul	Read	Audio	2025-06-07	563737	32053825	B0D2LRPMTS		
He Who Fights with Monsters 12: A LitRPG Adventure	Travis Deverell Shirtaloon	2025-06-08	2025-06-06		probable title match—review	He Who Fights with Monsters 12	Read	Audio	2025-06-08	1781745	31894855	B0DWZYWQTB		
When Dusk Comes	J.J. Arias	2025-06-09	2025-06-08	no read audiobook in export	title/author	When Dusk Comes	Read	Ebook	2025-06-09	514852	30467386	B0F2GJ3NP1		
Sunset Fallen	J.J. Arias	2025-06-10	2025-06-09	no read audiobook in export; finish date missing/different	title/author	Sunset Fallen	Read	Book	2025-06-11	1183048	31207750	B0F2BBK1LL		
New Day Rising	J.J. Arias	2025-06-11	2025-06-11	no read audiobook in export	title/author	New Day Rising	Read	Book	2025-06-11	1182475	31207178	B0F71TXB9P		
Split Tooth	Tanya Tagaq	2025-06-12	2025-06-11	no read audiobook in export	title/author	Split Tooth	Read	Book	2025-06-12	448581	9653241	073523745X		
Sheepfarmer's Daughter	Elizabeth Moon	2025-06-13	2025-06-12	no read audiobook in export	title/author	Sheepfarmer's Daughter	Read	Book	2025-06-13	441105	6376275	B003C26RG4		
Oath of Gold	Elizabeth Moon	2025-06-14	2025-06-13	no read audiobook in export; finish date missing/different	title/author	Oath Of Gold	Read	Book	2025-06-15	457203	30603848	B003BATFV6		
All Systems Red	Martha Wells	2025-06-14	2025-05-22	no read audiobook in export; finish date missing/different	title/author	All Systems Red	Read	Book	2025-06-15	427971	31608045	B076XSGP65	9781501977824	
Rogue Protocol	Martha Wells	2025-06-15	2025-05-22	finish date missing/different	identifier	Rogue Protocol	Read	Audio	2025-06-08	427560	30615281	B07D9RHRH5		
Exit Strategy	Martha Wells	2025-06-15	2025-05-22	no read audiobook in export	title/author	Exit Strategy	Read	Book	2025-06-15	432448	30401469	B07FF9TJ2K	9781501999994	
Network Effect	Martha Wells	2025-06-15	2025-05-22		identifier	Network Effect	Read	Audio	2025-06-15	440171	30663334	1980021716	9781980021711	
Divided Allegiance	Elizabeth Moon	2025-06-15	2025-06-13	no read audiobook in export; finish date missing/different	title/author	Divided Allegiance	Read	Book	2025-06-14	468576	31097376	B003C1Z4NC		
Fugitive Telemetry	Martha Wells	2025-06-15	2025-05-22		identifier	Fugitive Telemetry	Read	Audio	2025-06-15	435167	30404883	1980080631		
System Collapse	Martha Wells	2025-06-15	2025-05-22		identifier	System Collapse	Read	Audio	2025-06-15	462038	31516617	B0C5N9FNB4		
This Rebel Heart	Katherine Locke	2025-06-16	2025-06-15	finish date missing/different	identifier	This Rebel Heart	Read	Audio	2025-06-17	454891	30746767	0593506537		
System Collapse (Dramatized Adaptation)	Martha Wells	2025-06-17	2025-06-17	unmatched—review candidates								B0CXJVVGQQ		System Collapse / Martha Wells, Kevin R. Free (Narrator), Jaime Jones (Cover Artist) [Read; Audio; book 462038] | All Systems Red / Martha Wells [Read; Book; book 427971] | Artificial Condition / Martha Wells [Read; Book; book 427537]
The Tombs of Atuan	Ursula K. Le Guin	2025-06-19	2025-06-18	no read audiobook in export	title/author	The Tombs of Atuan	Read	Ebook	2025-06-19	37746	28306385	1473228700		
A Wizard of Earthsea	Ursula K. Le Guin	2025-06-19	2025-06-18		title/author	A Wizard of Earthsea	Read	Audio	2025-06-19	427401	31747954	B07KRJXQ8G		
The Farthest Shore	Ursula K. Le Guin	2025-06-19	2025-06-19	no read audiobook in export	title/author	The Farthest Shore	Read	Book	2025-06-19	6524	1500515	1473228719		
A Wizard of Earthsea	Ursula K. Le Guin	2025-06-19	2025-06-19		title/author	A Wizard of Earthsea	Read	Audio	2025-06-19	427401	31747954	B002VA3CDO	9781436143837	
The Tombs of Atuan	Ursula K. Le Guin	2025-06-19	2025-06-19	no read audiobook in export	title/author	The Tombs of Atuan	Read	Ebook	2025-06-19	37746	28306385	B003U6SERW	9781449840839	
The Farthest Shore	Ursula K. Le Guin	2025-06-19	2025-06-19	no read audiobook in export	title/author	The Farthest Shore	Read	Book	2025-06-19	6524	1500515	B003U70Z5K		
I Feed Her to the Beast and the Beast Is Me	Jamison Shea	2025-06-20	2025-06-20	no read audiobook in export; finish date missing/different	title/author	I Feed Her to the Beast and the Beast Is Me	Read	Ebook	2025-01-20	835496	30848200	B0BWFVYGLF		
Evocation	S.T. Gibson	2025-06-21	2025-06-21	finish date missing/different	title/author	Evocation	Read	Audio	2025-06-22	969063	31629709	B0CZBWRRNY		
Deathless	Catherynne M. Valente	2025-06-22	2025-06-21		title/author	Deathless	Read	Audio	2025-06-22	430240	32164690	B0054KEUZ2		
Something New Under the Sun	Alexandra Kleeman	2025-06-22	2025-06-22	no read audiobook in export	title/author	Something New Under the Sun	Read	Book	2025-06-22	445449	30407117	0593410556		
The Bone Shard Daughter	Andrea Stewart	2025-06-23	2025-06-22		title/author	The Bone Shard Daughter	Read	Audio	2025-06-23	428780	32164714	1549104691		
The Bone Shard Emperor	Andrea Stewart	2025-06-23	2025-06-23	no read audiobook in export	title/author	The Bone Shard Emperor	Read	Book	2025-06-23	465197	30382870	B09L54VXRL		
A Whisper of Solace	Milena McKay	2025-06-24	2025-06-24	unmatched—review candidates								B0BFJTWJZM		The Headmistress / Milena McKay [Want to Read; Ebook; book 1225206] | Reverence / Milena McKay, Abby Craden (Narrator) [Want to Read; Audio; book 1659337] | Winter Solstice / Andrea Parsneau (Narrator), pirateaba [Read; Audio; book 446666]
Two Ravens and One Crow	Kevin Hearne	2025-06-24	2025-06-24	no read audiobook in export; finish date missing/different	title/author	Two Ravens and One Crow	Read	Book		429336	31129712	B0094JO09K		
The Bone Shard War	Andrea Stewart	2025-06-24	2025-06-24	no read audiobook in export	title/author	The Bone Shard War	Read	Book	2025-06-24	465105	30382778	B0BBYR5GRX		
The Death of Vivek Oji	Akwaeke Emezi	2025-06-24	2025-06-24	finish date missing/different	title/author	The Death of Vivek Oji	Read	Audio	2025-01-22	434871	31812897	0571363490	9780571363490	
Dream On, Ramona Riley	Ashley Herring Blake	2025-06-25	2025-06-24	no read audiobook in export	probable title match—review	Dream On, Ramona Riley	Read	Book	2025-06-25	1376948	32164713	B0DDCVMW7H		
Equal Rites	Terry Pratchett	2025-06-25	2025-06-25	no read audiobook in export	title/author	Equal Rites	Read	Book	2025-06-25	434155	30414541	B09LYYDBYH		
Junkyard Bargain	Faith Hunter	2025-06-26	2025-06-26		title/author	Junkyard Bargain	Read	Audio	2025-06-26	476409	30397792	B08QW714NC		
Junkyard War	Faith Hunter	2025-06-27	2025-06-26		identifier	Junkyard War	Read	Audio	2025-06-27	1107799	31131820	B0BNLPR9QH		
Silver in the Wood & Drowned Country	Emily Tesh	2025-06-27	2025-06-27	unmatched—review candidates								1705235506		Silver in the Wood / Emily Tesh [Read; Book; book 448971] | Drowned Country / Emily Tesh [Read; Book; book 461995] | Some Desperate Glory / Emily Tesh [Read; Book; book 465106]
All-Night Pharmacy	Ruth Madievsky	2025-06-27	2025-06-27	no read audiobook in export; finish date missing/different	identifier	All-Night Pharmacy	Read	Book	2025-06-18	791556	30796893	B0C9VXVSGG	9781696612791	
The Hollow Heart	Marie Rutkoski	2025-06-27	2025-06-27	no read audiobook in export; finish date missing/different	title/author	The Hollow Heart	Read	Book	2025-06-18	462531	32164685	1250815525		
A Mind Spread Out on the Ground	Alicia Elliott	2025-06-27	2025-06-27	finish date missing/different	identifier	A Mind Spread Out on the Ground	Read	Audio	2025-07-28	435928	31995048	0385693370	9780385693370	
Tales from the Folly	Charlaine Harris - introduction, Ben Aaronovitch	2025-06-27	2025-06-27	unmatched—review candidates								1705269524		Tales from the Folly: A Rivers of London Short Story Collection / Ben Aaronovitch [Read; Book; book 476538] | Tales from Earthsea / Ursula K. Le Guin [Read; Book; book 457055] | Thorns From The Fall / Allie Shae (Narrator), Robert Hatchet (Narrator), Jess Wisecup [Read; Audio; book 2177336]
Roseland, Volume 1	Eric Ugland	2025-06-27	2025-06-27	unmatched—review candidates								1774243997		Skull and Thrones / Eric Ugland [Read; Ebook; book 638177] | Of Slicing Men / Eric Ugland [Read; Ebook; book 995394] | Dukes and Ladders / Eric Ugland [Read; Book; book 637921]
Forge of Destiny: Volume 2	Yrsillar	2025-06-27	2025-06-27	unmatched—review candidates								1039402305	9781039402300	Sword of Destiny / Peter Kenny (Narrator), David   French (Translator), Andrzej Sapkowski [Want to Read; Audio; book 445143] | Vigor Mortis: Volume 2 / Jessica Almasy (Narrator), Natalie Maher, Thundamoo [Read; Audio; book 917433] | Vigor Mortis: Volume 3 / Jessica Almasy (Narrator), Natalie Maher, Thundamoo [Read; Audio; book 769307]
The Unfinished Line	Jen Lyon	2025-06-27	2025-06-27	no read audiobook in export; finish date missing/different	title/author	The Unfinished Line	Read	Book	2025-01-24	1600212	31672894	B0DP5GZJ8W		
Native American DNA	Kim TallBear	2025-06-27	2025-06-27	finish date missing/different	probable title match—review	Native American DNA: Tribal Belonging and the False Promise of Genetic Science	Read	Audio	2025-08-10	1187438	32406913	1630157821		
The Monster Baru Cormorant	Seth Dickinson	2025-06-27	2025-06-27	no read audiobook in export; finish date missing/different	title/author	The Monster Baru Cormorant	Read	Book	2025-02-05	118479	30405457	125031092X	9781250310927	
The Midnight Lie	Marie Rutkoski	2025-06-27	2025-06-27	no read audiobook in export; finish date missing/different	title/author	The Midnight Lie	Read	Book	2025-06-17	1377481	31402555	1529336066		
The House in the Cerulean Sea	Tj Klune	2025-06-27	2025-06-27	no read audiobook in export	title/author	The House in the Cerulean Sea	Read	Ebook	2025-06-27	436805	30391814	1250264294		
Fair Game	Patricia Briggs	2025-06-27	2025-06-27	no read audiobook in export; finish date missing/different	title/author	Fair Game	Read	Ebook		11787	30520096	B007A4LT90		
Cry Wolf	Patricia Briggs	2025-06-27	2025-06-27	no read audiobook in export; finish date missing/different	title/author	Cry Wolf	Read	Book		467013	30537530	B002V1NIAU		
Wild Sign	Patricia Briggs	2025-06-27	2025-06-27	no read audiobook in export; finish date missing/different	title/author	Wild Sign	Read	Book		459301	30391998	0593347307		
A World Between	Emily Hashimoto	2025-06-27	2025-06-27	no read audiobook in export; finish date missing/different	probable title match—review	A World Between	Read	Book	2025-01-18	450562	31913591	B092G8K83C		
Alpha and Omega	Patricia Briggs	2025-06-27	2025-06-27	not marked read; no read audiobook in export; finish date missing/different	title/author	Alpha and Omega	Want to Read	Audio		467501	31020290	B00B0Z8HCW		
House of Hunger	Alexis Henderson	2025-06-27	2025-06-27	no read audiobook in export; finish date missing/different	title/author	House of Hunger	Read	Book	2025-05-10	512884	30465236	B09RXSYLRV		
The Skin and Its Girl	Sarah Cypher	2025-06-28	2025-06-28	no read audiobook in export; finish date missing/different	title/author	The Skin and Its Girl	Read	Book	2025-01-20	742497	30739721	B0B9TNJP3F	9780593668856	
Last Night at the Telegraph Club	Malinda Lo	2025-06-28	2025-06-28	finish date missing/different	title/author	Last Night at the Telegraph Club	Read	Audio	2025-04-05	444262	30768018	0593341643		
Night's Edge	Liz Kerin	2025-06-28	2025-06-28	finish date missing/different	identifier	Night's Edge	Read	Audio	2025-01-20	655488	31780608	B0BGMKKKBJ	9781250901149	
Working God's Mischief	Glen Cook	2025-06-28	2025-06-28	no read audiobook in export; finish date missing/different	title/author	Working God's Mischief	Read	Book		458782	30553035	B00IUQCU0O		
Junkyard Roadhouse	Faith Hunter	2025-06-28	2025-06-28	unmatched—review candidates								B0D6HCRSK1		Junkyard Cats / Faith Hunter, Khristine Hvam [Read; Book; book 982520] | Junkyard War / Faith Hunter, Khristine Hvam (Narrator) [Read; Audio; book 1107799] | Junkyard Bargain / Faith Hunter [Read; Audio; book 476409]
The Ghosts of Rose Hill	R. M. Romero	2025-06-28	2025-06-28	no read audiobook in export; finish date missing/different	title/author	The Ghosts of Rose Hill	Read	Ebook	2025-05-03	479575	30663294	B09LK5SNXQ		
The Tyranny of the Night	Glen Cook	2025-06-28	2025-06-28	unmatched—review candidates								B007RQ1SMO		The Tyranny of the Night / Lord of the Silent Kingdom / Surrender to the Will of the Night / Working God's Mischief / Glen Cook [Read; Book; book 457608] | Surrender to the Will of the Night / Glen Cook [Read; Book; book 459511] | The White Rose / Keith Berdak (Cover Artist), Glen Cook [Read; Book; book 446115]
Lord of the Silent Kingdom	Glen Cook	2025-06-28	2025-06-28	no read audiobook in export; finish date missing/different	title/author	Lord of the Silent Kingdom	Read	Book		70040	11058679	B007TNLSTS		
Surrender to the Will of the Night	Glen Cook	2025-06-28	2025-06-28	no read audiobook in export; finish date missing/different	title/author	Surrender to the Will of the Night	Read	Book		459511	31615332	B007TANUB0		
The Masquerades of Spring	Ben Aaronovitch	2025-06-28	2025-06-28	not marked read; no read audiobook in export; finish date missing/different	title/author	The Masquerades of Spring	Want to Read	Book		1316100	31658021	B0DF84PR9C	9781541489868	
Winter's Gifts	Ben Aaronovitch	2025-06-28	2025-06-28	no read audiobook in export; finish date missing/different	title/author	Winter's Gifts	Read	Book		799921	30806977	B0BNLHC43Y		
Wild Geese	Soula Emmanuel	2025-06-28	2025-06-27	unmatched—review candidates								B0CGVPG4D2		Wild Things /  [Want to Read; Book; book 1545363] | Willa & Hesper / Amy Feltman [Read; Book; book 449682] | Wilder Girls / Rory Power [Want to Read; Book; book 368716]
The Last Graduate	Naomi Novik	2025-06-29	2025-06-29	no read audiobook in export	title/author	The Last Graduate	Read	Book	2025-06-29	441044	30396979	0593287436		
Strange New World	Vivian Shaw	2025-06-29	2025-06-29	no read audiobook in export; finish date missing/different	identifier	Strange New World	Read	Book	2025-06-26	1788250	32164628	B0DJN6BFT5	9781668650219	
Bitter Waters	Vivian Shaw	2025-06-29	2025-06-29	no read audiobook in export; finish date missing/different	title/author	Bitter Waters	Read	Book	2025-06-25	1432040	31468589	B0CKNMFN4S	9781668642191	
Of Monsters and Mainframes	Barbara Truelove	2025-06-29	2025-06-29	finish date missing/different	identifier	Of Monsters and Mainframes	Read	Audio	2025-06-21	1661241	32164667	B0DT7MXLZG	9781666692570	
The Last One	Fatima Daas	2025-06-29	2025-06-29	unmatched—review candidates								B09W5Z2RWF	9798200998043	The Last Nude / Ellis Avery [Want to Read; Book; book 35315] | The Stone Sky / N. K. Jemisin [Read; Book; book 427884] | The Last Unicorn / Patrick Rothfuss (Introduction), Peter S. Beagle [Want to Read; Book; book 427357]
The Golden Enclaves	Naomi Novik	2025-06-30	2025-06-29	no read audiobook in export	title/author	The Golden Enclaves	Read	Book	2025-06-30	459821	30391820	B09NQKQRWL		
A Deadly Education	Naomi Novik	2025-06-30	2025-06-30	finish date missing/different	identifier	A Deadly Education	Read	Audio	2024-12-03	427507	30663285	059328741X		
Night Owls	A. R. Vishny	2025-06-30	2025-06-30	no read audiobook in export; finish date missing/different	identifier	Night Owls	Read	Book	2025-01-03	1194231	31913640	B0CQYWVVKK	9780063327337	
He Who Drowned the World	Shelley Parker-Chan	2025-06-30	2025-06-30	no read audiobook in export; finish date missing/different	title/author	He Who Drowned the World	Read	Book	2025-03-16	1029526	31053978	B0BXQ7L7G6	9781529043471	
Fire logic	Laurie J. Marks	2025-06-30	2025-06-30	no read audiobook in export; finish date missing/different	title/author	Fire Logic	Read	Book	2025-03-21	101571	17323921			
VenCo	Cherie Dimaline	2025-06-30	2025-06-30	no read audiobook in export; finish date missing/different	title/author	VenCo	Read	Book	2025-02-08	555833	30515005	B09ZYPVFBS		
The Goblin Emperor	Katherine Addison	2025-06-30	2025-06-30	finish date missing/different	identifier	The Goblin Emperor	Read	Audio	2025-07-01	11855	30633338	1250812429	9781250812421	
The Witness for the Dead	Katherine Addison	2025-07-01	2025-06-30		identifier	The Witness for the Dead	Read	Audio	2025-07-01	461466	30569800	1250807891	9781250807892	
Port of Shadows	Glen Cook	2025-07-01	2025-07-01	unmatched—review candidates								B07CZ16R7N		Shadow Games / Glen Cook, Keith Berdak (Cover Artist) [Read; Book; book 445955] | Knot of Shadows / Lois McMaster Bujold [Read; Book; book 696198] | Shadows Linger / Glen Cook, Keith Berdak (Cover Artist) [Read; Book; book 446111]
The Black Company	Glen Cook	2025-07-01	2025-07-01	no read audiobook in export; finish date missing/different	title/author	The Black Company	Read	Ebook		445457	9166836	B003T1LJ70		
Shadows Linger	Glen Cook	2025-07-01	2025-07-01	no read audiobook in export; finish date missing/different	title/author	Shadows Linger	Read	Book		446111	9758404	B003XX5CCM		
The White Rose	Glen Cook	2025-07-01	2025-07-01	no read audiobook in export; finish date missing/different	title/author	The White Rose	Read	Book		446115	2598901	B003XWTMNI		
The Silver Spike	Glen Cook	2025-07-01	2025-07-01	unmatched—review candidates								B003VW2Z5M		The White Rose / Keith Berdak (Cover Artist), Glen Cook [Read; Book; book 446115] | Soldiers Live / Glen Cook, Nicholas Jainschigg (Cover Artist) [Read; Book; book 446113] | The Dragon Never Sleeps / Glen Cook [Read; Book; book 551540]
Shadow Games	Glen Cook	2025-07-01	2025-07-01	no read audiobook in export; finish date missing/different	title/author	Shadow Games	Read	Book		445955	28650479	B003UCLS4C		
Dreams of Steel	Glen Cook	2025-07-01	2025-07-01	no read audiobook in export; finish date missing/different	title/author	Dreams of Steel	Read	Book		446114	10757786	B003VWI3D0		
Bleak Seasons	Glen Cook	2025-07-01	2025-07-01	no read audiobook in export; finish date missing/different	title/author	Bleak Seasons	Read	Book		1465317	13952788	B003XS5K7O		
She Is the Darkness	Glen Cook	2025-07-01	2025-07-01	no read audiobook in export; finish date missing/different	title/author	She Is the Darkness	Read	Book		446112	16847443	B00419VFSC		
Water Sleeps	Glen Cook	2025-07-01	2025-07-01	no read audiobook in export; finish date missing/different	title/author	Water Sleeps	Read	Book		446081	590859	B003XSSV0M		
Soldiers Live	Glen Cook	2025-07-01	2025-07-01	no read audiobook in export; finish date missing/different	title/author	Soldiers Live	Read	Book		446113	2600138	B0041HJKKY		
The Final Girl Support Group	Grady Hendrix	2025-07-01	2025-07-01	no read audiobook in export; finish date missing/different	title/author	The Final Girl Support Group	Read	Ebook	2025-02-19	436462	30404198	0593410033		
Perdido Street Station	China Mieville	2025-07-01	2025-07-01	unmatched—review candidates								B002V1O2OG		October: The Story of the Russian Revolution / China Miéville [Read; Book; book 442920] | Distortion / K.T. Hanna, Andrea Parsneau (Narrator) [Read; Audio; book 769458] | The City & The City / China Miéville, John Lee (Narrator) [Want to Read; Audio; book 438690]
The Scar	China Mieville	2025-07-01	2025-07-01	no read audiobook in export; finish date missing/different	title/author	The Scar	Read	Book		268734	7947248	B00OYRN3TU		
Artemis	Andy Weir / cte Tereza Dockalova	2025-07-01	2025-07-01	unmatched—review candidates										Artemis / Andy Weir [Read; Book; book 99422] | Artemis Fowl / Eoin Colfer, Nathaniel Parker (Narrator) [Want to Read; Audio; book 430949] | Earthlings / Ginny Tapley Takemori (Translator), Sayaka Murata [Want to Read; Book; book 428541]
The Atrocity Archives	Charles Stross	2025-07-01	2025-05-22	no read audiobook in export; finish date missing/different	title/author	The Atrocity Archives	Read	Ebook		21233	30809890	B00DUDO1RM		
The Fuller Memorandum	Charles Stross	2025-07-01	2025-05-22	no read audiobook in export; finish date missing/different	title/author	The Fuller Memorandum	Read	Book		459379	30809891	B004V4O9W6		
The Apocalypse Codex	Charles Stross	2025-07-01	2025-05-22	finish date missing/different	title/author	The Apocalypse Codex	Read	Audio		38183	30412424	B008OJXM8Q		
The Rhesus Chart	Charles Stross	2025-07-01	2025-05-22	no read audiobook in export; finish date missing/different	title/author	The Rhesus Chart	Read	Book		459296	30809892	B00LFVN2SA		
The Annihilation Score	Charles Stross	2025-07-01	2025-05-22	no read audiobook in export; finish date missing/different	title/author	The Annihilation Score	Read	Ebook		351361	30786517	B0155E4902		
The Nightmare Stacks	Charles Stross	2025-07-01	2025-05-22	no read audiobook in export; finish date missing/different	title/author	The Nightmare Stacks	Read	Book		463508	30381171	B01GEZP5LI		
The Delirium Brief	Charles Stross	2025-07-01	2025-05-22	no read audiobook in export; finish date missing/different	title/author	The Delirium Brief	Read	Book		461496	31687465	B06Y6FMZ94		
The Labyrinth Index	Charles Stross	2025-07-01	2025-05-22	no read audiobook in export; finish date missing/different	title/author	The Labyrinth Index	Read	Book		461481	31687432	1501999737	9781501999734	
Dead Lies Dreaming	Charles Stross	2025-07-01	2025-05-22	unmatched—review candidates								198009876X		Dead Rising / Debra Dunbar [Read; Book; book 496530] | Deadstream / Mar Romasco-Moore [Want to Read; Book; book 1479276] | The Annihilation Score / Charles Stross [Read; Ebook; book 351361]
Quantum of Nightmares	Charles Stross	2025-07-01	2025-05-22	unmatched—review candidates								B09CBRBZHT		The Nightmare Stacks / Charles Stross [Read; Book; book 463508] | The Atrocity Archives / Charles Stross [Read; Ebook; book 21233] | Muse of Nightmares / Laini Taylor [Read; Book; book 202648]
Season of Skulls	Charles Stross	2025-07-01	2025-05-22	unmatched—review candidates								B0BZ956S3Z		Season of Storms / Andrzej Sapkowski, David French (Translator), Peter Kenny (Narrator) [Want to Read; Audio; book 461967] | Season of Love / Helena Greer [Want to Read; Book; book 503759] | A Conventional Boy / Charles Stross [Read; Book; book 1612299]
The Grief of Stones	Katherine Addison	2025-07-01	2025-07-01	no read audiobook in export	identifier	The Grief of Stones	Read	Book	2025-07-01	465135	30382808	B09GGZJQL2	9781250856616	
Fantasy Swap Online, Book 1	Alyson Belle	2025-07-01	2025-07-01	unmatched—review candidates								B079P6CMG7		Forever Fantasy Online / Rachel Aaron, Travis Bach [Read; Book; book 507292] | Water Kanin: Glass Kanin, Book 3 / Kia Leep, Daniel Henning (Narrator) [Read; Audio; book 2187574] | Splinter Angel: Book 1 / AvaritiaBona, Jessica Threet (Narrator) [Read; Audio; book 2065615]
The Tomb of Dragons	Katherine Addison	2025-07-02	2025-07-01		identifier	The Tomb of Dragons	Read	Audio	2025-07-02	748543	31927455	B0D3QZTHRK	9781250386069	
Southern Lights	Liz Arncliffe	2025-07-02	2025-07-02	no read audiobook in export; finish date missing/different	title/author	Southern Lights	Read	Book	2025-07-03	1670494	32164699	B0DZZHQM1J	9798855569605	
The Dispossessed	Ursula K. Le Guin	2025-07-03	2025-07-02	no read audiobook in export	title/author	The Dispossessed	Read	Book	2025-07-03	267204	4417592	B0041PD25K		
The Left Hand of Darkness	Ursula K. Le Guin	2025-07-03	2025-07-03	no read audiobook in export; finish date missing/different	title/author	The Left Hand of Darkness	Read	Book	2025-07-04	377842	9212187	B01NH0D987		
Unworthy	J.A. Vodvarka	2025-07-04	2025-07-04	unmatched—review candidates								B0DT2BVPHV	9798895398265	Unworthy: The Blacksea Odyssey Book 1 / J.A. Vodvarka [Read; Ebook; book 1190851] | The Unworthy / Agustina Bazterrica, Sarah Moses (Translator) [Want to Read; Book; book 1477434] | Unyielding / J.A. Vodvarka, Paige Reisenfeld (Narrator), Wayne Mitchell (Narrator) [Read; Audio; book 1777137]
Queen of Teeth	Hailey Piper	2025-07-04	2025-07-03		title/author	Queen of Teeth	Read	Audio	2025-07-04	513688	31924380	B0BQZHYDR3		
Sea Wolf	Anna Burke	2025-07-04	2025-07-04	no read audiobook in export	title/author	Sea Wolf	Read	Book	2025-07-04	465274	30382948	B0BC2J19P6		
Forever Is Now	Mariama J. Lockington	2025-07-04	2025-07-04	finish date missing/different	title/author	Forever Is Now	Read	Audio	2025-01-18	742454	31913549	B0BHBYGD44		
The Grief Keeper	Alexandra Villasante	2025-07-04	2025-07-04	no read audiobook in export; finish date missing/different	title/author	The Grief Keeper	Read	Ebook	2025-04-28	521655	30474996	0593151046		
The Stars and the Blackness Between Them	Junauda Petrus	2025-07-04	2025-07-04	no read audiobook in export; finish date missing/different	title/author	The Stars and the Blackness Between Them	Read	Book	2025-02-13	444281	31913637	0593106032		
The Lily and the Crown	Roslyn Sinclair	2025-07-05	2025-07-04	no read audiobook in export	title/author	The Lily and the Crown	Read	Book	2025-07-05	590051	30557343	B08WJHFQ29		
The Knight and the Moth	Rachel Gillig	2025-07-06	2025-07-05	no read audiobook in export	identifier	The Knight and the Moth	Read	Book	2025-07-06	1120724	32164710	B0DJPSYMN1	9781668647776	
The Warden	Daniel M. Ford	2025-07-07	2025-06-24	no read audiobook in export	title/author	The Warden	Read	Ebook	2025-07-07	555810	30514981	B0D7MX5YRY		
Necrobane	Daniel M. Ford	2025-07-07	2025-07-07		title/author	Necrobane	Read	Audio	2025-07-07	897571	32011980	B0DDQNZ1SP		
Advocate	Daniel M. Ford	2025-07-08	2025-07-07	no read audiobook in export	title/author	Advocate	Read	Book	2025-07-08	1707845	31803327	B0DWCPX3VL	9781666694857	
The Buffalo Hunter Hunter	Stephen Graham Jones	2025-07-09	2025-07-08	no read audiobook in export; finish date missing/different	title/author	The Buffalo Hunter Hunter	Read	Book	2025-07-10	1437438	31475163	B0DD52VDNL	9781668117323	
Black Water Sister	Zen Cho	2025-07-10	2025-07-09	no read audiobook in export	title/author	Black Water Sister	Read	Book	2025-07-10	429064	23510890	1980036039		
Unbound	J.A. Vodvarka	2025-07-11	2025-07-10	unmatched—review candidates								B0F2GFXHX2	9798895398272	Unbound: The Blacksea Odyssey Book 2 / J.A. Vodvarka, Paige Reisenfeld (Narrator), Wayne Mitchell (Narrator) [Read; Audio; book 1726601] | Sunburn / Chloe Michelle Howarth, Toni O'Rourke (Narrator) [Read; Audio; book 876729] | Rebound / K.T. Hanna, Andrea Parsneau (Narrator) [Read; Audio; book 1806683]
Unyielding	J.A. Vodvarka	2025-07-12	2025-07-11		title/author	Unyielding	Read	Audio	2025-07-12	1777137	32115332	B0F7W8D6T5	9798895398289	
Girls Girls Girls	Shoshana von Blanckensee	2025-07-13	2025-07-12	no read audiobook in export	probable title match—review	Girls Girls Girls	Read	Book	2025-07-13	1906014	32164687	B0DJH8S2BK	9798217076680	
Ascension	S.T. Gibson	2025-07-13	2025-07-13	finish date missing/different	title/author	Ascension	Read	Audio	2025-07-13,2025-07-13	1718243	32117319	B0DVHYM418	9798350896121	
The Scourge Between Stars	Ness Brown	2025-07-13	2025-07-13	finish date missing/different	identifier	The Scourge Between Stars	Read	Audio	2025-07-14	696070	31891240	B0BRNZFG1X	9781667076089	
The Salt Grows Heavy	Cassandra Khaw	2025-07-13	2025-07-13		title/author	The Salt Grows Heavy	Read	Audio	2025-07-13	686050	30673351	B0BFGFMN82	9781250900876	
Bury Our Bones in the Midnight Soil	V. E. Schwab	2025-07-14	2025-07-14	no read audiobook in export; finish date missing/different	title/author	Bury Our Bones in the Midnight Soil	Read	Book	2025-07-06	1396631	31603931	B0D74FY9CG	9781035064687	
Blood on Her Tongue	Johanna Van Veen	2025-07-14	2025-07-13	no read audiobook in export	title/author	Blood on Her Tongue	Read	Book	2025-07-14	1373576	31398629	B0DPLGMPVL	9781004185221	
The Echo Wife	Sarah Gailey	2025-07-14	2025-07-14	no read audiobook in export	title/author	The Echo Wife	Read	Book	2025-07-14	427729	13438092	1250755131		
Sisters of the Vast Black	Lina Rather	2025-07-14	2025-07-14	finish date missing/different	identifier	Sisters of the Vast Black	Read	Audio	2025-07-15	451676	32164644	1980096813		
Sisters of the Forsaken Stars	Lina Rather	2025-07-15	2025-07-14		title/author	Sisters of the Forsaken Stars	Read	Audio	2025-07-15	465155	32164636	B09JYFX1ZR		
Somewhere Beyond the Sea	TJ Klune	2025-07-15	2025-07-15	no read audiobook in export	title/author	Somewhere Beyond the Sea	Read	Book	2025-07-15	994867	31019620	B0CKWP6FM1		
A Conventional Boy	Charles Stross	2025-07-15	2025-07-15	no read audiobook in export; finish date missing/different	title/author	A Conventional Boy	Read	Book	2025-07-16	1612299	31687317	B0DMTK2X56	9781405564083	
Elatsoe	Darcie Little Badger	2025-07-16	2025-07-15	no read audiobook in export	title/author	Elatsoe	Read	Book	2025-07-16	432278	24927818	1662039034		
Night Owls	A.R. Vishny	2025-07-17	2025-07-17	no read audiobook in export; finish date missing/different	probable title match—review	Night Owls	Read	Book	2025-01-03	1194231	31913640	B0CQYWVVKK		
Godly Heathens	H.E. Edgmon	2025-07-17	2025-07-16	no read audiobook in export	title/author	Godly Heathens	Read	Book	2025-07-17	511752	30464002	B0BVKXC723	9781250290489	
Providence Girls	Morgan Dante	2025-07-18	2025-07-17	no read audiobook in export	title/author	Providence Girls	Read	Book	2025-07-18	1217569	31242640	B0DVB4TJL9		
Magica Riot (Maidensong Magica Book 1)	Kara  Buchanan	2025-07-18	2025-07-18	unmatched—review candidates									9798218520090	Magica Riot / Kara  Buchanan, Emma Martello (Narrator) [Read; Audio; book 1644317] | Magic for Nothing / Seanan McGuire [Read; Ebook; book 461498] | Magical Girl Mechanical Heart: Volume 1 / Natalie Maher, Marissa Parness (Narrator) [Read; Audio; book 1947394]
The Rust Maidens	Gwendolyn Kiste	2025-07-19	2025-07-18	no read audiobook in export	title/author	The Rust Maidens	Read	Book	2025-07-19	450636	22903964	B07XPFS61J		
Stone and Sky	Ben Aaronovitch	2025-07-20	2025-07-19		title/author	Stone and Sky	Read	Audio	2025-07-20	1710693	32164715	B0DNRBC3QG	9781409188940	
The Phoenix Peaks	Selkie Myth	2025-07-21	2025-07-20		title/author	The Phoenix Peaks	Read	Audio	2025-07-21	1202804	32140821	B0DJTYK4H6		
Moonfall	Selkie Myth	2025-07-21	2025-07-21		title/author	Moonfall	Read	Audio	2025-07-21	1576140	32142533	B0DRMK6KBV		
The Assassin's Blade	Sarah J. Maas	2025-07-21	2025-07-21	unmatched—review candidates								1547608781	9781547608782	The Assassins of Altis / Jack Campbell [Want to Read; Book; book 606651] | The Silent Blade / R. A. Salvatore [Want to Read; Book; book 446027] | Throne of Glass / Sarah J. Maas [Read; Book; book 39629]
Crown of Midnight	Sarah J. Maas	2025-07-21	2025-07-21	no read audiobook in export; finish date missing/different	title/author	Crown of Midnight	Read	Book		283659	30809252	1547607556	9781547607556	
Deep Roots	Ruthanna Emrys	2025-07-21	2025-07-21	no read audiobook in export; finish date missing/different	title/author	Deep Roots	Read	Book	2025-07-22	31121	30404539	B07F7CGTXY		
Tehanu	Ursula K. Le Guin	2025-07-22	2025-07-21	no read audiobook in export	title/author	Tehanu	Read	Book	2025-07-22	439834	29142357	B01G9EPERE		
The Furthest Station	Ben Aaronovitch	2025-07-22	2025-07-22	no read audiobook in export; finish date missing/different	title/author	The Furthest Station	Read	Book		432530	30517254	B06XPX5B47	9781473222458	
Tales from Earthsea	Ursula K. Le Guin	2025-07-22	2025-07-22	no read audiobook in export	title/author	Tales from Earthsea	Read	Book	2025-07-22	457055	22687041	B01KOTMZFE	9781501926655	
Light from Uncommon Stars	Ryka Aoki	2025-07-22	2025-07-22	finish date missing/different	identifier	Light From Uncommon Stars	Read	Audio	2025-01-09	449040	30805972	1250824478		
His Dark Materials: The Golden Compass	Philip Pullman	2025-07-22	2025-07-22	unmatched—review candidates								B0D9C9BMTW		The Golden Compass / Philip Pullman [Read; Book; book 355708] | The Amber Spyglass / Philip Pullman, Christopher Wormell (Illustrator) [Read; Book; book 477834] | The Subtle Knife / Philip Pullman [Read; Audio; book 198704]
The Subtle Knife	Philip Pullman	2025-07-22	2025-07-22	finish date missing/different	title/author	The Subtle Knife	Read	Audio		198704	23053099	B0D9C7W53H	9780593950500	
The Amber Spyglass	Philip Pullman	2025-07-22	2025-07-22	no read audiobook in export; finish date missing/different	title/author	The Amber Spyglass	Read	Book		477834	30553765	0241548713		
The Sharing Knife, Volume 1	Lois McMaster Bujold	2025-07-22	2025-07-22	unmatched—review candidates								B002V8KZAE	9781624608247	The Sharing Knife / Beguilement and Legacy / Lois McMaster Bujold [Read; Book; book 1612318] | The Spirit Ring / Lois McMaster Bujold [Read; Book; book 326787] | The Vor Game / Lois McMaster Bujold [Read; Book; book 458118]
The Sharing Knife, Volume 2	Lois McMaster Bujold	2025-07-22	2025-07-22	unmatched—review candidates								B002VA9SVO		The Sharing Knife / Beguilement and Legacy / Lois McMaster Bujold [Read; Book; book 1612318] | The Spirit Ring / Lois McMaster Bujold [Read; Book; book 326787] | The Vor Game / Lois McMaster Bujold [Read; Book; book 458118]
The Sharing Knife, Volume 3	Lois McMaster Bujold	2025-07-22	2025-07-22	unmatched—review candidates								B002VA8X3I		The Sharing Knife / Beguilement and Legacy / Lois McMaster Bujold [Read; Book; book 1612318] | The Spirit Ring / Lois McMaster Bujold [Read; Book; book 326787] | The Vor Game / Lois McMaster Bujold [Read; Book; book 458118]
The Sharing Knife, Vol. 4: Horizon	Lois McMaster Bujold	2025-07-22	2025-07-22	unmatched—review candidates								B002V9XB6I		The Sharing Knife / Beguilement and Legacy / Lois McMaster Bujold [Read; Book; book 1612318] | Horizon / Lois McMaster Bujold [Read; Book; book 182034] | The Curse of Chalion / Lois McMaster Bujold [Read; Book; book 146704]
Knife Children	Lois McMaster Bujold	2025-07-22	2025-07-22	no read audiobook in export; finish date missing/different	title/author	Knife Children	Read	Ebook		461428	30569294	1982699787		
The Spirit Ring	Lois McMaster Bujold	2025-07-22	2025-07-22	no read audiobook in export; finish date missing/different	title/author	The Spirit Ring	Read	Book		326787	15365286	1982692839		
Kraken	China Mieville	2025-07-22	2025-07-22	not marked read; no read audiobook in export; finish date missing/different	title/author	Kraken	Want to Read	Audio		295020	31094917	B003TPS0ZU		
A Wizard of Earthsea	Ursula K. Le Guin	2025-07-22	2025-07-22	finish date missing/different	title/author	A Wizard of Earthsea	Read	Audio	2025-06-19	427401	31747954	B002V0M76W		
The Hunger Games	Suzanne Collins	2025-07-22	2025-07-22	no read audiobook in export; finish date missing/different	title/author	The Hunger Games	Read	Book		88639	1589497	B07HHH7L77		
Catching Fire	Suzanne Collins	2025-07-22	2025-07-22	no read audiobook in export; finish date missing/different	title/author	Catching Fire	Read	Book		175780	7988314	1338589016		
Mockingjay	Suzanne Collins	2025-07-22	2025-07-22	no read audiobook in export; finish date missing/different	title/author	Mockingjay	Read	Book		463683	27387551	1338589040		
Certain Dark Things	Silvia Moreno-Garcia	2025-07-22	2025-07-22	no read audiobook in export; finish date missing/different	title/author	Certain Dark Things	Read	Book	2024-12-29	449038	12613281	1250808278		
Bitter	Akwaeke Emezi	2025-07-22	2025-07-22	no read audiobook in export; finish date missing/different	title/author	Bitter	Read	Book	2025-02-12	444483	30906437	B09C9VYVC4		
The Other Wind	Ursula K. Le Guin	2025-07-22	2025-07-22	no read audiobook in export	title/author	The Other Wind	Read	Book	2025-07-22	445966	7084723	B071KLHTRV		
Sword in the Stars	A. R. Capetta, Cory McCarthy	2025-07-22	2025-07-22	no read audiobook in export; finish date missing/different	title/author	Sword in the Stars	Read	Book	2025-07-23	465332	32164678	1549152483		
Nona the Ninth	Tamsyn Muir	2025-07-23	2025-07-22	no read audiobook in export	title/author	Nona the Ninth	Read	Book	2025-07-23	462513	30413195	B0B1QVZKZG		
A Prayer for the Crown-Shy	Becky Chambers	2025-07-23	2025-07-23		title/author	A Prayer for the Crown-Shy	Read	Audio	2025-07-23	460092	30768109	B09K9C2X3J		
Rocannon's World	Ursula K. Le Guin	2025-07-23	2025-07-23	no read audiobook in export	title/author	Rocannon's World	Read	Book	2025-07-23	1134855	31158925	B0CTCX2PM8		
Planet of Exile	Ursula K. Le Guin	2025-07-23	2025-07-23	no read audiobook in export	title/author	Planet of Exile	Read	Book	2025-07-23	443913	32164627	B0DN3P46N9		
City of Illusions	Ursula K. Le Guin	2025-07-24	2025-07-23	no read audiobook in export	title/author	City of Illusions	Read	Book	2025-07-24	441798	16548591	B0DT4QPM4V		
The Word for World Is Forest	Ursula K. Le Guin	2025-07-24	2025-07-24		title/author	The Word for World Is Forest	Read	Audio	2025-07-24	441886	32164712	B0CMZ17B99		
Four Ways to Forgiveness	Ursula K. Le Guin	2025-07-24	2025-07-24	no read audiobook in export	title/author	Four Ways to Forgiveness	Read	Book	2025-07-24	230886	28164019			
The Telling	Ursula K. Le Guin	2025-07-24	2025-07-24	no read audiobook in export	title/author	The Telling	Read	Book	2025-07-24	458012	21297089	B0CQQ7QHS7		
Viridian Gate Online: Path of the Blood Phoenix	J.D. Astra, James A. Hunter	2025-07-25	2025-07-24	no read audiobook in export; finish date missing/different	probable title match—review	Viridian Gate Online: Path of the Blood Phoenix	Read	Book		1612274	31687283	B0F8KSPJ3W		
Girls of Storm and Shadow	Natasha Ngan	2025-07-25	2025-07-25	no read audiobook in export	identifier	Girls of Storm and Shadow	Read	Book	2025-07-25	507104	32164697	1549118781		
Girls of Fate and Fury	Natasha Ngan	2025-07-26	2025-07-25		title/author	Girls of Fate and Fury	Read	Audio	2025-07-26	526659	32164642	B09K8PC3KN		
City of Lust	Debra Dunbar	2025-07-26	2025-07-26	unmatched—review candidates								B07M95LN7L		City of Laughter /  [Read; Book; book 1061514] | Kingdom of Lies / Debra Dunbar [Read; Book; book 612350] | City of Illusions / Ursula K. Le Guin [Read; Book; book 441798]
A Crown of Imp and Bone	Debra Dunbar	2025-07-26	2025-07-26		title/author	A Crown of Imp and Bone	Read	Audio	2025-07-26	1612359	32149386	B0D74T8S84		
The Black Bird Oracle	Deborah Harkness	2025-07-26	2025-07-26	no read audiobook in export	title/author	The Black Bird Oracle	Read	Ebook	2025-07-26	1108774	31726306	B0CPYZ6RPY	9780593909232	
The Martian Contingency	Mary Robinette Kowal	2025-07-27	2025-07-26		title/author	The Martian Contingency	Read	Audio	2025-07-27	460075	31937837	B0DJFYCM2Z		
Tidal Creatures	Seanan McGuire	2025-07-27	2025-07-27		title/author	Tidal Creatures	Read	Audio	2025-07-27	1199824	32164646	B0CHSYY1D9		
Beggars Ride	Nancy Kress	2025-07-28	2025-07-27	no read audiobook in export; finish date missing/different	probable title match—review	Beggars Ride	Read	Book	2025-07-29	69945	32164662	B002VAA7XC		
Beggars and Choosers	Nancy Kress	2025-07-28	2025-07-28	finish date missing/different	title/author	Beggars and Choosers	Read	Audio	2025-07-27	474399	32164664	B002V1BORO		
Abhorsen	Garth Nix	2025-07-29	2025-07-28	no read audiobook in export	title/author	Abhorsen	Read	Book	2025-07-29	40324	21055481	B002V5GY0M	9780807205655	
Clariel: The Lost Abhorsen	Garth Nix	2025-07-30	2025-07-29		probable title match—review	Clariel	Read	Audio	2025-07-30	436344	32164631	B00O2GWNEO		
Goldenhand	Garth Nix	2025-07-31	2025-07-30		title/author	Goldenhand	Read	Audio	2025-07-31	461487	31901809	B01M16DDG0	9780739368350	
Terciel & Elinor	Garth Nix	2025-07-31	2025-07-31	unmatched—review candidates								0593555287		Terciel and Elinor / Garth Nix [Read; Book; book 445758] | Sabriel / Garth Nix [Read; Book; book 118111] | Clariel / Garth Nix, Graeme Malcolm (Reading) [Read; Audio; book 436344]
You Made a Fool of Death with Your Beauty	Akwaeke Emezi	2025-08-01	2025-08-01	finish date missing/different	title/author	You Made a Fool of Death with Your Beauty	Read	Audio	2025-02-12	455786	30659400	B09KYJY3WQ		
Little Rot	Akwaeke Emezi	2025-08-01	2025-08-01	no read audiobook in export; finish date missing/different	probable title match—review	Little Rot	Read	Book	2025-02-11	1157860	31913651	B0CNQRX82H	9780593867617	
Feet of Clay	Terry Pratchett	2025-08-01	2025-08-01	finish date missing/different	identifier	Feet of Clay	Read	Audio		446079	31195776	B09M8Y536Y	9781473588639	
To Hold the Bridge	Garth Nix	2025-08-01	2025-07-31	no read audiobook in export	title/author	To Hold the Bridge	Read	Book	2025-08-01	458374	32176289	B00UU4DBFW	9780062398123	
Such Lovely Skin	Tatiana Schlote-Bonne	2025-08-01	2025-08-01	no read audiobook in export	title/author	Such Lovely Skin	Read	Book	2025-08-01	1195062	31219870	B0D2FV6VDD	9798217020935	
I Was a Teenage Slasher	Stephen Graham Jones	2025-08-02	2025-08-01	no read audiobook in export	title/author	I Was a Teenage Slasher	Read	Book	2025-08-02	1084092	31108128	B0CLGXGPLT	9781797175966	
Children of Virtue and Vengeance	Tomi Adeyemi	2025-08-02	2025-08-02	no read audiobook in export	title/author	Children of Virtue and Vengeance	Read	Book	2025-08-02	432216	30402308	B07DF31P87	9781250309907	
Children of Anguish and Anarchy	Tomi Adeyemi	2025-08-03	2025-08-02	no read audiobook in export	identifier	Children of Anguish and Anarchy	Read	Book	2025-08-03	620126	31756391	B0CJG2BBNF	9781250247858	
All These Worlds	Dennis E. Taylor	2025-08-03	2025-08-03	no read audiobook in export	title/author	All These Worlds	Read	Book	2025-08-03	427990	28912712	B07341FZDC		
Heaven's River	Dennis E. Taylor	2025-08-04	2025-08-03		title/author	Heaven's River	Read	Audio	2025-08-04	428002	30404045	B088C4DBYP		
Not Till We Are Lost	Dennis E. Taylor	2025-08-04	2025-08-04	no read audiobook in export	title/author	Not Till We Are Lost	Read	Ebook	2025-08-04	1432670	31469389	B0CW23CC7L		
The War of the Noobs	Ryan Rimmel	2025-08-04	2025-08-04	no read audiobook in export	title/author	The War of the Noobs	Read	Ebook	2025-08-04	1575192	31640713	B0DM6RRPSW		
The Empire of Gold: A Novel	S. A. Chakraborty	2025-08-05	2025-08-04	no read audiobook in export	probable title match—review	The Empire of Gold	Read	Book	2025-08-05	441041	30405487	0062984772		
The Society of Starry Eyes	Acaswell	2025-08-05	2025-08-05	finish date missing/different	title/author	The Society of Starry Eyes	Read	Audio	2025-08-06	1459837	31967002	B0CQMRJ4HT		
Demon's Bluff	Kim Harrison	2025-08-06	2025-08-05	no read audiobook in export	title/author	Demon's Bluff	Read	Book	2025-08-06	1219065	32365010	B0CTNT9XWX		
The Turn	Kim Harrison	2025-08-06	2025-08-06	finish date missing/different	title/author	The Turn	Read	Audio	2025-08-07	503503	32202288	B01N4TH0ZA		
Andrea Vernon and the Superhero-Industrial Complex	Alexander C. Kane	2025-08-07	2025-08-06	no read audiobook in export	title/author	Andrea Vernon and the Superhero-Industrial Complex	Read	Book	2025-08-07	672286	30658143	B07NP61PHX		
Andrea Vernon and The Big Axe Acquisition	Alexander C. Kane	2025-08-07	2025-08-07		title/author	Andrea Vernon and the Big Axe Acquisition	Read	Audio	2025-08-07	1160727	31184947	B09452NNLC		
House of Sky and Breath	Sarah J. Maas	2025-08-07	2025-08-07	no read audiobook in export	title/author	House of Sky and Breath	Read	Ebook	2025-08-07	429093	30401166	B09MZPZ1WG		
House of Sky and Breath (Part 1 of 2) (Dramatized Adaptation)	Sarah J. Maas	2025-08-07	2025-08-07	unmatched—review candidates								B0D3R2WQQ1	9798890551993	House of Sky and Breath / Elizabeth Evans (Narrator), Sarah J. Maas [Read; Ebook; book 429093] | A Court of Frost and Starlight [Dramatized Adaptation] / Sarah J. Maas, Colleen Delany (Other), Melody Muze (Narrator), Anthony Palmini (Narrator), Jon Vertullo (Narrator), Amanda Forstrom (Narrator), Shawn K. Jain (Narrator), Nora Achrati (Narrator), Karenna Foley (Narrator), Gabriel Michael (Narrator), Natalie Van Sistine (Narrator), Eva Wilhelm (Narrator), Henry W. Kramer (Narrator) [Want to Read; Audio; book 1715532] | House of Flame and Shadow / Elizabeth Evans (Narrator), Sarah J. Maas [Read; Audio; book 746152]
House of Sky and Breath (Part 2 of 2) (Dramatized Adaptation)	Sarah J. Maas	2025-08-07	2025-08-07	unmatched—review candidates								B0D9PG137D	9798890552716	House of Sky and Breath / Elizabeth Evans (Narrator), Sarah J. Maas [Read; Ebook; book 429093] | A Court of Frost and Starlight [Dramatized Adaptation] / Sarah J. Maas, Colleen Delany (Other), Melody Muze (Narrator), Anthony Palmini (Narrator), Jon Vertullo (Narrator), Amanda Forstrom (Narrator), Shawn K. Jain (Narrator), Nora Achrati (Narrator), Karenna Foley (Narrator), Gabriel Michael (Narrator), Natalie Van Sistine (Narrator), Eva Wilhelm (Narrator), Henry W. Kramer (Narrator) [Want to Read; Audio; book 1715532] | House of Flame and Shadow / Elizabeth Evans (Narrator), Sarah J. Maas [Read; Audio; book 746152]
Lunar Interlude: A Dystopian Sci-Fi Adventure	Plum Parrot	2025-08-07	2025-08-07	finish date missing/different	identifier	Lunar Interlude: A Dystopian Sci-Fi Adventure	Read	Audio	2025-08-08	1612360	31864725	B0DDM1B8NS		
Azarinth Healer: Book One: A LitRPG Adventure	Rhaegar	2025-08-07	2025-08-07	unmatched—review candidates								B0BLZNZ47B		Azarinth Healer: Book One / Rhaegar [Read; Book; book 638219] | Azarinth Healer: Book Four / Rhaegar [Read; Ebook; book 1458149] | Azarinth Healer: Book Five / Rhaegar, Andrea Parsneau (Narrator) [Read; Audio; book 1844380]
Azarinth Healer: Book Two	Rhaegar	2025-08-07	2025-08-07	no read audiobook in export; finish date missing/different	title/author	Azarinth Healer: Book Two	Read	Ebook		917368	31438282	B0C2QQNGWT		
On a Throne of Lies	Eric Ugland	2025-08-07	2025-08-07	no read audiobook in export; finish date missing/different	title/author	On a Throne of Lies	Read	Ebook		1076311	31100376	B0CJG27S9V		
Fate's Reckoning: A Dystopian Sci-Fi Adventure	Plum Parrot	2025-08-08	2025-08-07		identifier	Fate's Reckoning	Read	Audio	2025-08-08	1758334	31947763	B0DRM4ST6K		
Azarinth Healer, Book Three	Rhaegar	2025-08-08	2025-08-08	no read audiobook in export; finish date missing/different	title/author	Azarinth Healer: Book Three	Read	Ebook		1074916	31098981	B0CPQ4Y33K		
Azarinth Healer: Book Four	Rhaegar	2025-08-09	2025-08-08	no read audiobook in export	title/author	Azarinth Healer: Book Four	Read	Ebook	2025-08-09	1458149	31500760	B0DMQ2WP9F		
Azarinth Healer, Book Five	Rhaegar	2025-08-10	2025-08-09		title/author	Azarinth Healer: Book Five	Read	Audio	2025-08-10	1844380	31994745	B0F2TRCNNC		
Sojourner: A LitRPG Progression Fantasy	Plum Parrot	2025-08-11	2025-08-10		probable title match—review	Sojourner	Read	Audio	2025-08-11	1612376	31947394	B0DYBBBPLD	9781039452626	
Revelation: A LitRPG Adventure	V.A. Lewis	2025-08-11	2025-08-11	no read audiobook in export	probable title match—review	Revelation	Read	Ebook	2025-08-11	1760730	31867649	B0CP8G5SX6		
Beast: A LitRPG Adventure	V.A. Lewis	2025-08-11	2025-08-11	no read audiobook in export	probable title match—review	Beast	Read	Ebook	2025-08-11	1760732	31867651	B0CWHWZZTQ		
The Child Monster	V.A. Lewis	2025-08-12	2025-08-11	no read audiobook in export	title/author	The Child Monster	Read	Ebook	2025-08-12	1760733	31867652	B0D5S7T1T7		
A Gathering of Shadows	V. E. Schwab	2025-08-13	2025-08-12		title/author	A Gathering of Shadows	Read	Audio	2025-08-13	358274	30590479	B01BKXMZ8K		
A Conjuring of Light	V. E. Schwab	2025-08-14	2025-08-13		title/author	A Conjuring of Light	Read	Audio	2025-08-14	10411	30552337	B01N9V499O		
Freehaven Online: Lady Thunderlord, Into Hades	Jun Prince	2025-08-14	2025-08-14	unmatched—review candidates								B07N6JX8L6		Lady Thunderlord, Into Hades / Jun Prince, Amy Landon (Narrator) [Read; Audio; book 1853291] | Winter Dungeonland / Jun Prince, Amy Landon (Narrator) [Read; Audio; book 1853294] | Burning Girls and Other Stories / Veronica Schanoes, Cassandra Campbell (Narrator) [Read; Audio; book 449036]
Freehaven Online: Winter Dungeonland	Jun Prince	2025-08-15	2025-08-15	unmatched—review candidates								B087T4S9C2		Winter Dungeonland / Jun Prince, Amy Landon (Narrator) [Read; Audio; book 1853294] | Even Though I Knew the End / January LaVoy (Narrator), C.L. Polk [Read; Audio; book 455003] | Lady Thunderlord, Into Hades / Jun Prince, Amy Landon (Narrator) [Read; Audio; book 1853291]
Stray Cat Strut 6: A Cyberpunk LitRPG	RavensDagger	2025-08-16	2025-08-16		probable title match—review	Stray Cat Strut 6	Read	Audio	2025-08-16	1802084	32202281	B0F3RPJRHQ	9781039487192	
Garden of Sanctuary	Pirateaba	2025-08-17	2025-08-16	no read audiobook in export	title/author	Garden of Sanctuary	Read	Ebook	2025-08-17	1772046	31882154	B0DRLJZX5G		
City of Laughter	Temim Fruchter	2025-08-17	2025-08-17	no read audiobook in export	probable title match—review	City of Laughter	Read	Book	2025-08-17	1061514	32364994	B0CPGVP7KY		
The Daughter of Danray	Natalia Hernandez	2025-08-18	2025-08-17	no read audiobook in export	title/author	The Daughter of Danray	Read	Book	2025-08-18	1986859	32152723	B0DWTVL32Y		
A Vicious Game	Kyla Garcia	2025-08-18	2025-08-18	no read audiobook in export	probable title match—review	A Vicious Game	Read	Book	2025-08-18	943245	31981743	B0CNF4WVFD		
An Honored Vow	Melissa Blair	2025-08-18	2025-08-18	no read audiobook in export	title/author	An Honored Vow	Read	Ebook	2025-08-18	1376955	31402024	B0DFDQL8FB	9798228017832	
Immortal War	Selkie Myth	2025-08-19	2025-08-18	no read audiobook in export	title/author	Immortal War	Read	Ebook	2025-08-19	1768268	31877472	B0F9GTMTCL	9781039476295	
Installment Immortality	Seanan McGuire	2025-08-19	2025-08-19	no read audiobook in export	title/author	Installment Immortality	Read	Book	2025-08-19	1564841	31629729	B0F6YZHLTY	9781250431028	
The Primal Hunter 12	Zogarth	2025-08-20	2025-08-19	no read audiobook in export	title/author	The Primal Hunter 12	Read	Ebook	2025-08-20	1662572	31749662	B0F8P6X1KR		
Carl's Doomsday Scenario	Matt Dinniman	2025-08-20	2025-08-20	no read audiobook in export	title/author	Carl's Doomsday Scenario	Read	Book	2025-08-20	446680	30407787	B0934GTSGT		
The Dungeon Anarchist's Cookbook	Matt Dinniman	2025-08-21	2025-08-20	no read audiobook in export; finish date missing/different	title/author	The Dungeon Anarchist's Cookbook	Read	Book	2025-08-22	446730	31716214	B094XCNV6G		
The Gate of the Feral Gods	Matt Dinniman	2025-08-21	2025-08-21	finish date missing/different	title/author	The Gate of the Feral Gods	Read	Audio	2025-08-22	446722	30407840	B09GCYRZRQ		
The Butcher's Masquerade	Matt Dinniman	2025-08-22	2025-08-21	no read audiobook in export	title/author	The Butcher's Masquerade	Read	Book	2025-08-22	637867	32004303	B09ZJ82C7Y		
The Eye of the Bedlam Bride	Matt Dinniman	2025-08-23	2025-08-22	no read audiobook in export	title/author	The Eye of the Bedlam Bride	Read	Book	2025-08-23	818989	30829594	B0CDXWSS5D		
This Inevitable Ruin	Matt Dinniman	2025-08-24	2025-08-23	no read audiobook in export	title/author	This Inevitable Ruin	Read	Book	2025-08-24	1464466	31509005	B0DK282SYV		
The Jasmine Throne	Tasha Suri	2025-08-25	2025-02-23	finish date missing/different	title/author	The Jasmine Throne	Read	Audio	2025-02-26,2025-08-25	429097	30570622	154910487X		
The Oleander Sword	Tasha Suri	2025-08-26	2025-08-25	unmatched—review candidates								B09SBRW7GK		Oleander Sword / Shiromi Arserio (narrator), Tasha Suri [Read; Audio; book 459832] | The Isle in the Silver Sea / Tasha Suri [Read; Audio; book 1686291] | The Lotus Empire / Tasha Suri, Shiromi Arserio (narrator) [Read; Book; book 1184306]
The Lotus Empire	Tasha Suri	2025-08-28	2025-08-26	no read audiobook in export	title/author	The Lotus Empire	Read	Book	2025-08-28	1184306	32320887	B0CSLR8PDW		
The Imposition of Unnecessary Obstacles	Malka Older	2025-08-28	2025-08-28	no read audiobook in export	probable title match—review	The Imposition of Unnecessary Obstacles	Read	Book	2025-08-28	717828	32365003	B0CZ7PXSXZ	9798892741439	
The Potency of Ungovernable Impulses	Malka Older	2025-08-29	2025-08-28		identifier	The Potency of Ungovernable Impulses	Read	Audio	2025-08-29	1556842	32058576	B0F2W8XYXH	9798896799436	
Bared Before the Gods	Alyson Belle	2025-08-29	2025-08-29	unmatched—review candidates								B07L6VPG6G		Before I Let Go / Marieke Nijkamp [Want to Read; Book; book 364254] | Before They Are Hanged / Joe Abercrombie [Read; Book; book 434460] | A Prayer for the Crown-Shy / Em Grosland (Narrator), Becky Chambers [Read; Audio; book 460092]
Becoming Hers	Alyson Belle	2025-08-29	2025-08-29	unmatched—review candidates								B07HXT1V54		Wrath Becomes Her / Aden Polydoros [Want to Read; Book; book 746658] | Crownchasers / Rebecca Coffindaffer [Want to Read; Book; book 448077] | The Midnight Girls / Alicia Jasinska [Want to Read; Book; book 450328]
Pleasure Bound	Alyson Belle	2025-08-29	2025-08-29	unmatched—review candidates								B07BDM2VFV		Rebound / K.T. Hanna, Andrea Parsneau (Narrator) [Read; Audio; book 1806683] | Faebound / Saara El-Arifi [Read; Book; book 969050] | Spell Bound / F. T. Lukens [Want to Read; Book; book 456267]
Dragon Lady: A Gender Swapped LitRPG Adventure	Alyson Belle	2025-08-29	2025-08-29	unmatched—review candidates								B07CMJWV6Z		Andy in the Apocalypse 2: A LitRPG Adventure / Plum Parrot, J.S. Arquin (Narrator) [Read; Audio; book 2873940] | Damaged: A Magical Library LitRPG Adventure / K.T. Hanna [Read; Audio; book 1688382] | Glass Kanin An Isekai LitRPG Adventure / Daniel Henning (Narrator), Kia Leep [Read; Audio; book 2063735]
Ghostsong	Pirateaba	2025-08-30	2025-08-29		title/author	Ghostsong	Read	Audio	2025-08-30	1877019	32058347	B0DWZM98R9		
Spook Country	William Gibson	2025-08-30	2025-08-30	no read audiobook in export; finish date missing/different	title/author	Spook Country	Read	Book	2025-08-31	385388	11697347	1004045107	9781004045105	
Zero History	William Gibson	2025-08-31	2025-08-30	no read audiobook in export	identifier	Zero History	Read	Book	2025-08-31	343283	32365043	1004054351	9781004054350	
House of Flame and Shadow	Sarah J. Maas	2025-09-01	2025-08-31		title/author	House of Flame and Shadow	Read	Audio	2025-09-01	746152	30868430	B0CGSXFQYY		
House of Flame and Shadow (Part 2 of 2) (Dramatized Adaptation)	Sarah J. Maas	2025-09-01	2025-09-01	unmatched—review candidates								B0DT1MBTXC	9798890556240	House of Flame and Shadow / Elizabeth Evans (Narrator), Sarah J. Maas [Read; Audio; book 746152] | A Court of Frost and Starlight [Dramatized Adaptation] / Sarah J. Maas, Colleen Delany (Other), Melody Muze (Narrator), Anthony Palmini (Narrator), Jon Vertullo (Narrator), Amanda Forstrom (Narrator), Shawn K. Jain (Narrator), Nora Achrati (Narrator), Karenna Foley (Narrator), Gabriel Michael (Narrator), Natalie Van Sistine (Narrator), Eva Wilhelm (Narrator), Henry W. Kramer (Narrator) [Want to Read; Audio; book 1715532] | House of Sky and Breath / Elizabeth Evans (Narrator), Sarah J. Maas [Read; Ebook; book 429093]
House of Flame and Shadow (Part 1 of 2) (Dramatized Adaptation)	Sarah J. Maas	2025-09-01	2025-09-01	unmatched—review candidates								B0DJN2L3DC	9798890553218	House of Flame and Shadow / Elizabeth Evans (Narrator), Sarah J. Maas [Read; Audio; book 746152] | A Court of Frost and Starlight [Dramatized Adaptation] / Sarah J. Maas, Colleen Delany (Other), Melody Muze (Narrator), Anthony Palmini (Narrator), Jon Vertullo (Narrator), Amanda Forstrom (Narrator), Shawn K. Jain (Narrator), Nora Achrati (Narrator), Karenna Foley (Narrator), Gabriel Michael (Narrator), Natalie Van Sistine (Narrator), Eva Wilhelm (Narrator), Henry W. Kramer (Narrator) [Want to Read; Audio; book 1715532] | House of Sky and Breath / Elizabeth Evans (Narrator), Sarah J. Maas [Read; Ebook; book 429093]
The Fallen City of Lescado	Draith	2025-09-01	2025-09-01	no read audiobook in export; finish date missing/different	title/author	The Fallen City of Lescado	Read	Ebook	2025-09-05	1182422	31207125	B0CFRJK8GM		
To Pierce the Heart	Draith	2025-09-03	2025-09-01	no read audiobook in export; finish date missing/different	title/author	To Pierce The Heart	Read	Ebook	2025-09-05	1225100	31250145	B0CKJ8NTDY		
The Western Shores	Draith	2025-09-04	2025-09-03	no read audiobook in export; finish date missing/different	title/author	The Western Shores	Read	Ebook	2025-09-05	1409367	31441605	B0CNKZM2X9		
To Stand Between Sea and Sky	Draith	2025-09-05	2025-09-04	no read audiobook in export	title/author	To Stand Between Sea and Sky	Read	Ebook	2025-09-05	1409368	31441607	B0CRLKLBCY		
The Temporal Tides	Draith	2025-09-06	2025-09-02	no read audiobook in export	title/author	The Temporal Tides	Read	Ebook	2025-09-06	1409369	31441609	B0CWPQL428		
Tuesday	Draith	2025-09-06	2025-09-06	no read audiobook in export	title/author	Tuesday	Read	Ebook	2025-09-06	1409370	31441611	B0D4SDWRBM		
Medusa of the Roses	Navid Sinaki	2025-09-06	2025-09-06	no read audiobook in export; finish date missing/different	title/author	Medusa of the Roses	Read	Book	2025-09-07	1189837	31214624	B0D81CK725	9798892749329	
The Year of the Witching	Alexis Henderson	2025-09-07	2025-09-06		title/author	The Year of the Witching	Read	Audio	2025-09-07	438559	8233924	059321370X		
The Assassin's Guide to Babysitting	Natalie C. Parker	2025-09-07	2025-09-07		title/author	The Assassin's Guide to Babysitting	Read	Audio	2025-09-07	1663440	31952811	B0DLHNSXSF		
Wandering Stars	Tommy Orange	2025-09-08	2025-09-07	no read audiobook in export	title/author	Wandering Stars	Read	Book	2025-09-08	1084145	31108181	B0CBCW3DCX	9780593824542	
The Mirror Empire	Kameron Hurley	2025-09-09	2025-09-08	no read audiobook in export	title/author	The Mirror Empire	Read	Book	2025-09-09	441159	8826189	B00OL59OKC		
Loose Kanin	Kia Leep	2025-09-10	2025-09-10	unmatched—review candidates								B0DX3ZLKTF	9781039490765	Loose Kanin: Book 2 of Glass Kanin / Daniel Henning (Narrator), Kia Leep [Read; Audio; book 2063952] | Water Kanin: Glass Kanin, Book 3 / Kia Leep, Daniel Henning (Narrator) [Read; Audio; book 2187574] | Glass Kanin An Isekai LitRPG Adventure / Daniel Henning (Narrator), Kia Leep [Read; Audio; book 2063735]
Glass Kanin: An Isekai LitRPG Adventure	Kia Leep	2025-09-10	2025-09-10		title/author	Glass Kanin An Isekai LitRPG Adventure	Read	Audio	2025-09-10	2063735	32248962	B0DSCHC78D	9781039490758	
The Last Soul Among Wolves	Melissa Caruso	2025-09-12	2025-09-10	no read audiobook in export; finish date missing/different	identifier	The Last Soul Among Wolves	Read	Book	2025-09-13	1765473	32365017	B0DPLGPDT2	9781668650226	
The Midnight Shift	Seon-Ran Cheon, Gene Png - translator	2025-09-12	2025-09-12	unmatched—review candidates								B0F4KWNV6Y	9781639735983	The Midnight Shift / Cheon Seon-ran, Gene Png (Translator) [Read; Ebook; book 1813562] | The Midnight Lie / Marie Rutkoski [Read; Book; book 1377481] | The Midnight Girls / Alicia Jasinska [Want to Read; Book; book 450328]
The Rivals	Jane Pek	2025-09-13	2025-09-12		identifier	The Rivals	Read	Audio	2025-09-13	585429	31505387	B0D1HJNKGH	9780593947234	
Empty Heaven	Freddie Kölsch	2025-09-13	2025-09-13	no read audiobook in export	identifier	Empty Heaven	Read	Book	2025-09-13	2014474	32364995	B0F8P9LLTZ	9798349100109	
Bloom Town: Genesis	Ally North	2025-09-13	2025-09-13	finish date missing/different	title/author	Bloom Town: Genesis	Read	Audio	2025-09-22	1547853	32270819	B0FH5HDBC2	9798347009671	
The Taste of Women	Cyan LeBlanc	2025-09-14	2025-09-13	unmatched—review candidates								B0CJXD13KN		The Stars Too Fondly / Emily Hamilton [Want to Read; Book; book 1217626] | The Taste of Her Silence / Quinn  Riley (Narrator), Sara   Scott [Read; Audio; book 1827820] | The Trade of Queens / Charles Stross [Read; Book; book 89047]
Pennyblade	J.L. Worrad	2025-09-15	2025-09-14	no read audiobook in export; finish date missing/different	probable title match—review	Pennyblade	Read	Book	2025-09-22	465152	32364997	B09WBDL4QG		
Confessions of the Fox	Jordy Rosenberg	2025-09-16	2025-09-15	finish date missing/different	title/author	Confessions of the Fox	Read	Audio	2025-09-22	434557	32364992	B07F9ZGWV8		
The Girl Without a Voice	Sandra J. Paul	2025-09-16	2025-09-16	no read audiobook in export; finish date missing/different	identifier	The Girl Without a Voice	Read	Book	2025-09-22	2013637	32365025	B0FJZV8YQ4	9798855578683	
What We Devour	Linsey Miller	2025-09-17	2025-09-16	no read audiobook in export; finish date missing/different	identifier	What We Devour	Read	Book	2025-09-22	465280	32365019	1705038522		
When the Museum Is Closed	Emi Yagi, Yuki Tejima - translation	2025-09-17	2025-09-17	finish date missing/different	identifier	When the Museum is Closed	Read	Audio	2025-09-22	1906009	32270826	B0DWQLMV5Y	9781529946468	
Are You Even Human: Volume 1	Natalie Maher	2025-09-19	2025-09-19	no read audiobook in export; finish date missing/different	title/author	Are You Even Human: Volume 1	Read	Ebook	2025-09-22	1545260	31605017	B0F6VTP839	9798347004744	
Bioshifter: Volume 1	Natalie Maher, Thundamoo	2025-09-19	2025-09-19	finish date missing/different	title/author	Bioshifter: Volume 1	Read	Audio	2025-09-22	917367	32270832	B0CD86F9CC		
Bioshifter: Volume 2	Natalie Maher, Thundamoo	2025-09-20	2025-09-19	finish date missing/different	title/author	Bioshifter: Volume 2	Read	Audio	2025-09-22	1947420	32270833	B0CKJB2F4N		
Bioshifter: Volume 3	Thundamoo, Natalie Maher	2025-09-20	2025-09-20	unmatched—review candidates								B0DFDXKSZH		Bioshifter: Volume 1 / Natalie  Maher, Thundamoo, Sarah Beth Pfeifer [Read; Audio; book 917367] | Bioshifter: Volume 2 / Natalie Maher, Thundamoo, Sarah Beth Pfeifer [Read; Audio; book 1947420] | Vigor Mortis: Volume 3 / Jessica Almasy (Narrator), Natalie Maher, Thundamoo [Read; Audio; book 769307]
Vigor Mortis: Volume 1	Natalie Maher, Thundamoo	2025-09-21	2025-09-20	unmatched—review candidates								B09HL9HBB7		Vigor Mortis: Volume 2 / Jessica Almasy (Narrator), Natalie Maher, Thundamoo [Read; Audio; book 917433] | Vigor Mortis: Volume 3 / Jessica Almasy (Narrator), Natalie Maher, Thundamoo [Read; Audio; book 769307] | Vigor Mortis: Volume 4 / Helen Laser (Narrator), Natalie Maher, Thundamoo [Read; Audio; book 1459831]
Vigor Mortis: Volume 2	Natalie Maher, Thundamoo	2025-09-21	2025-09-21	finish date missing/different	title/author	Vigor Mortis: Volume 2	Read	Audio	2025-09-22	917433	32270836	B09MV75F1D		
Vigor Mortis: Volume 3	Natalie Maher, Thundamoo	2025-09-22	2025-09-21		title/author	Vigor Mortis: Volume 3	Read	Audio	2025-09-22	769307	32270837	B0BL6BQ81D		
Vigor Mortis: Volume 4	Natalie Maher, Thundamoo	2025-09-23	2025-09-22		title/author	Vigor Mortis: Volume 4	Read	Audio	2025-09-23	1459831	32270838	B0CWHK6GB1		
The Faceless Thing We Adore	Hester Steel	2025-09-23	2025-09-23	no read audiobook in export; finish date missing/different	title/author	The Faceless Thing We Adore	Read	Book	2025-09-24	1905974	32052364	B0F2WBZ2YJ	9798896798033	
Inanna	Emily H. Wilson	2025-09-24	2025-09-23	no read audiobook in export	probable title match—review	Inanna	Read	Book	2025-09-24	824769	32365022	B0D3JLF784	9798855515527	
The Dragon Never Sleeps	Glen Cook	2025-09-24	2025-09-24	no read audiobook in export; finish date missing/different	title/author	The Dragon Never Sleeps	Read	Book		551540	30509734	B00MYJ8L60		
Gender Swapped in Space	Alyson Belle	2025-09-24	2025-09-24	unmatched—review candidates								B07BLQ2V6M		Gunner's Apprentice / Brent Weeks [Want to Read; Ebook; book 460837] | Tender Points / Amy Berkowitz [Want to Read; Book; book 51423] | Ender's Game / Orson Scott Card [Read; Ebook; book 158268]
The Floating World	Axie Oh	2025-09-24	2025-09-24	finish date missing/different	identifier	The Floating World	Read	Audio	2025-09-30	1356719	32103983	B0DGVTLSHD	9781666681154	
The Service	Frankie Miren	2025-09-24	2025-09-24	no read audiobook in export	title/author	The Service	Read	Book	2025-09-24	514269	30466745	B097HQVPVY		
Hell Followed with Us	Andrew Joseph White	2025-09-25	2025-09-24	no read audiobook in export	title/author	Hell Followed with Us	Read	Book	2025-09-25	454825	30409320	B09LKGZ6GD	9780593558799	
What Moves the Dead	T. Kingfisher	2025-09-26	2025-09-25		title/author	What Moves the Dead	Read	Audio	2025-09-26	482831	31547412	B0BH9B2573		
What Feasts at Night	T. Kingfisher	2025-09-26	2025-09-26		title/author	What Feasts at Night	Read	Audio	2025-09-26	746640	31177285	B0C3NVFJ24		
No Shelter but the Stars	Virginia Black	2025-09-26	2025-09-26		title/author	No Shelter But the Stars	Read	Audio	2025-09-26	1441670	32098373	B0D96R2KCP		
Bright Young Women	Jessica Knoll	2025-09-27	2025-09-26	no read audiobook in export	title/author	Bright Young Women	Read	Book	2025-09-27	876726	30894955	B0BW1TRR1T		
Cuckoo Song	Frances Hardinge	2025-09-27	2025-09-27	no read audiobook in export	title/author	Cuckoo Song	Read	Book	2025-09-27	448249	32365050	1094085960		
Such Sharp Teeth	Rachel Harrison	2025-09-27	2025-09-27		title/author	Such Sharp Teeth	Read	Audio	2025-09-27	512100	30906452	B09S2GCPZC		
The Gone World	Tom Sweterlitsch	2025-09-28	2025-09-28	no read audiobook in export	title/author	The Gone World	Read	Ebook	2025-09-28	47278	30404856	B075F8K8B8	9780525497769	
The Changeling	Victor LaValle	2025-09-29	2025-09-28		title/author	The Changeling	Read	Audio	2025-09-29	428223	31767074	B071JSJD1P	9781524722555	
This Delicious Death	Kayla Cottingham	2025-09-29	2025-09-29	no read audiobook in export	title/author	This Delicious Death	Read	Book	2025-09-29	565969	30527021	B0BZ9C5JRP	9798889563754	
Manhunt	Gretchen Felker-Martin	2025-09-30	2025-09-29	no read audiobook in export; finish date missing/different	title/author	Manhunt	Read	Book	2025-10-06	473624	30394666	B09S421K5N		
River of Teeth	Sarah Gailey	2025-10-03	2025-10-02	no read audiobook in export	identifier	River of Teeth	Read	Book	2025-10-03	430494	30404518	B074SWSH7M	9781541482463	
Taste of Marrow	Sarah Gailey	2025-10-03	2025-10-03	no read audiobook in export	identifier	Taste of Marrow	Read	Book	2025-10-03	465705	31535524	B0759QTZ9L	9781541482470	
The Three Lives of Cate Kay	Kate Fagan	2025-10-03	2025-10-03	no read audiobook in export	title/author	The Three Lives of Cate Kay	Read	Book	2025-10-03	1603888	31677474	B0D689JC2D	9781668118993	
Eat the Ones You Love	Sarah Maria Griffin	2025-10-04	2025-10-03	no read audiobook in export	identifier	Eat the Ones You Love	Read	Book	2025-10-04	1195072	32196388	B0CW3W1QL9	9781250353320	
Lillith of Endings: An Epic Portal Fantasy	Dreamer's Riot	2025-10-04	2025-10-04		title/author	Lillith of Endings: An Epic Portal Fantasy	Read	Audio	2025-10-04	1947399	32302445	B0DQRFKK4L	9781039485785	
The Mage of Mourning: An Epic Portal Fantasy	Dreamer's Riot	2025-10-05	2025-10-04		title/author	The Mage of Mourning: An Epic Portal Fantasy	Read	Audio	2025-10-05	1947393	32302448	B0DSGJFX2X	9781039485815	
Suffer No Kings: An Epic Portal Fantasy	Dreamer's Riot	2025-10-05	2025-10-05		title/author	Suffer No Kings: An Epic Portal Fantasy	Read	Audio	2025-10-05	1947395	32302450	B0F7TD2CS3	9781039485846	
Silver and Lead	Seanan McGuire	2025-10-05	2025-10-05	no read audiobook in export; finish date missing/different	identifier	Silver and Lead	Read	Book	2025-10-14	1830360	32364991	B0DRMVY8W7	9781250418227	
Goddess Charging	Rain Harlow	2025-10-06	2025-10-05		title/author	Goddess Charging	Read	Audio	2025-10-06	1686900	32302455	B0DM2MRVGW		
Goddess Expansion	Rain Harlow	2025-10-07	2025-10-06		probable title match—review	Goddess Expansion: An Isekai LitRPG Fantasy	Read	Audio	2025-10-07	1686901	32302457	B0DWY37RMX		
Anomaly	K.T. Hanna	2025-10-07	2025-10-07		title/author	Anomaly	Read	Audio	2025-10-07	687391	32302458	B07HXSC492		
Fragments	K.T. Hanna	2025-10-08	2025-10-07	no read audiobook in export	title/author	Fragments	Read	Book	2025-10-08	769460	30771146	B07MKLM1PD		
Dissonance	K. T. Hanna	2025-10-09	2025-10-08		title/author	Dissonance	Read	Audio	2025-10-09	769457	32302461	B07QGH19HD		
Distortion	K.T. Hanna	2025-10-09	2025-10-09		title/author	Distortion	Read	Audio	2025-10-09	769458	32302462	B081T8L1HX		
Fusion	K T Hanna	2025-10-10	2025-10-09		title/author	Fusion	Read	Audio	2025-10-10	769456	32302463	B08LP5DMWL		
Synergy	K.T. Hanna	2025-10-10	2025-10-10		title/author	Synergy	Read	Audio	2025-10-10	769455	32302464	B098KNM9LZ		
Bloom Town: Exodus	Ally North	2025-10-11	2025-10-10		title/author	Bloom Town: Exodus	Read	Audio	2025-10-11	1687801	32302465	B0FP3PLJQH	9798347009688	
Make Room for Love	Darcy Liao	2025-10-11	2025-10-11	no read audiobook in export; finish date missing/different	title/author	Make Room for Love	Read	Book	2025-10-14	1558415	31621453	B0FK6STJ1W		
Her Majesty's Royal Coven	Juno Dawson	2025-10-12	2025-10-11	no read audiobook in export	title/author	Her Majesty's Royal Coven	Read	Book	2025-10-12	465137	30570025	B09HSRMS1F	9780593588475	
The Shadow Cabinet	Juno Dawson	2025-10-12	2025-10-12	no read audiobook in export	probable title match—review	The Shadow Cabinet	Read	Book	2025-10-12	558734	32320844	B0B88W3SK1	9780008478582	
Human Rites: A Novel	Juno Dawson	2025-10-13	2025-10-12	no read audiobook in export	probable title match—review	Human Rites	Read	Book	2025-10-13	1510024	31563778	B0DNGLV1W3	9798217071616	
Queen B	Juno Dawson	2025-10-13	2025-10-13	no read audiobook in export	identifier	Queen B: The Story of Anne Boleyn, Witch Queen	Read	Book	2025-10-13	1214976	32365027	B0CMK54RRZ	9780593907702	
Delilah Green Doesn't Care	Ashley Herring Blake	2025-10-14	2025-10-13	no read audiobook in export	identifier	Delilah Green Doesn't Care	Read	Book	2025-10-14	455707	31972268	0593551699		
Astrid Parker Doesn't Fail	Ashley Herring Blake	2025-10-14	2025-10-14		title/author	Astrid Parker Doesn't Fail	Read	Audio	2025-10-14	503986	31275188	B09V1XGT73		
Iris Kelly Doesn't Date	Ashley Herring Blake	2025-10-14	2025-10-14		title/author	Iris Kelly Doesn't Date	Read	Audio	2025-10-14	572594	31275186	B0BTV2K24L		
The Incandescent	Emily Tesh	2025-10-14	2025-10-14	no read audiobook in export; finish date missing/different	probable title match—review	The Incandescent	Read	Book	2025-08-02	1545311	32164634	B0DFQX9N3V		
The Light of the Midnight Stars	Rena Rossner	2025-10-14	2025-10-14	finish date missing/different	title/author	The Light of the Midnight Stars	Read	Audio	2024-12-07	455908	31913619	154912420X		
The Poison Court	Amanda Downum	2025-10-14	2025-10-14	no read audiobook in export; finish date missing/different	title/author	The Poison Court	Read	Book		1254181	31279242	1980061904		
The Verifiers	Jane Pek	2025-10-14	2025-10-14	finish date missing/different	title/author	The Verifiers	Read	Audio	2025-01-04	504014	31720846	0593554906		
I Keep My Exoskeletons to Myself	Marisa Crane	2025-10-14	2025-10-14	unmatched—review candidates								B0BHNSTYMZ		I Keep My Exoskeletons to Myself / Mac Crane [Read; Book; book 652427] | Skeleton Song / Seanan McGuire [Want to Read; Ebook; book 584756] | You Belong to Me / Hayley Krischer [Want to Read; Book; book 1479231]
A Study in Honor	Claire O'Dell	2025-10-14	2025-10-14	unmatched—review candidates								B07DDM46S1		A Study in Honor (The Janet Watson Chronicles, #1) / Claire O'Dell [Read; Book; book 450857] | A Study in Drowning / Saskia Maarleveld (Narrator), Ava Reid [Want to Read; Audio; book 503761] | Ashes of Honor / Seanan McGuire [Read; Ebook; book 461561]
Gorgeous Gruesome Faces	Linda Cheng	2025-10-15	2025-10-14		title/author	Gorgeous Gruesome Faces	Read	Audio	2025-10-15	735274	32326512	B0BSP2ZXL3		
The Perfect Crimes of Marian Hayes	Cat Sebastian	2025-10-15	2025-10-15	no read audiobook in export; finish date missing/different	title/author	The Perfect Crimes of Marian Hayes	Read	Ebook	2025-10-16	484660	30425319	B09HLB7LHF		
Bat Eater and Other Names for Cora Zeng	Kylie Lee Baker	2025-10-15	2025-10-15	unmatched—review candidates								B0D3RBN58J		Bat eater / Kylie Lee Baker [Read; Book; book 2356653] | Japanese Gothic / Kylie Lee Baker, Natalie Naudus (Narrator) [Read; Audio; book 2101034] | Harry Potter and the Prisoner of Azkaban / J.K. Rowling [Read; Book; book 376219]
We Came to Welcome You	Vincent Tirado	2025-10-16	2025-10-15		identifier	We Came to Welcome You	Read	Audio	2025-10-16	1196061	31849055	B0CQ3636SY	9780063383210	
The Only Good Indians	Stephen Graham Jones	2025-10-16	2025-10-16		title/author	The Only Good Indians	Read	Audio	2025-10-16	434939	2085990	1797105558		
Library at Mount Char	Scott Hawkins	2025-10-17	2025-10-16	unmatched—review candidates								B00XV1B3CY	9781622317738	The Library at Mount Char / Scott Hawkins, Hillary Huber (Narrator) [Read; Audio; book 376472] | The Library at Hellebore / Cassandra Khaw [Currently Reading; Book; book 1562198] | Barbary Station / R.E. Stearns [Want to Read; Book; book 469536]
Atomic Anna	Rachel Barenbaum	2025-10-17	2025-10-17	no read audiobook in export	title/author	Atomic Anna	Read	Book	2025-10-17	513646	32365016	B09S1FVWL3		
Awakened	A.E. Osworth	2025-10-18	2025-10-17		title/author	Awakened	Read	Audio	2025-10-18	1775528	32341803	B0DD8BZXY8		
Nowhere	Allison Gunn	2025-10-18	2025-10-18		title/author	Nowhere	Read	Audio	2025-10-18	1581308	32251033	B0D67FDDZ6		
A House with Good Bones	T. Kingfisher	2025-10-18	2025-10-18		identifier	A House With Good Bones	Read	Audio	2025-10-18	512318	31532246	B0BVBYL523	9781004116553	
PERfunctory afFECTION	Kim Harrison	2025-10-18	2025-10-18	unmatched—review candidates								1977389201		A Perfect Blood / Kim Harrison [Read; Book; book 103773] | For a Few Demons More / Kim Harrison [Read; Book; book 37732] | American Demon / Kim Harrison [Want to Read; Book; book 459465]
My Darling Dreadful Thing	Johanna van Veen	2025-10-18	2025-10-18	not marked read; no read audiobook in export; finish date missing/different	title/author	My Darling Dreadful Thing	Want to Read	Book		1049045	32089459	B0D6NKHWY2	9798765083529	
Pretty When She Dies	Rhiannon Frater	2025-10-19	2025-10-18		title/author	Pretty When She Dies	Read	Audio	2025-10-19	1247346	32312516	B00915F61S		
Pretty When She Kills	Rhiannon Frater	2025-10-19	2025-10-19		title/author	Pretty When She Kills	Read	Audio	2025-10-19	2113680	32312517	B00A8PH5PU		
Pretty When She Destroys	Rhiannon Frater	2025-10-20	2025-10-19		title/author	Pretty When She Destroys	Read	Audio	2025-10-20	2113682	32312521	B00OG1PNHO		
The Default World	Naomi Kanakia	2025-10-20	2025-10-20	no read audiobook in export	title/author	The Default World	Read	Ebook	2025-10-20	1292748	31317854	B0F978VTDT	9798855592405	
Salvaged	Madeleine Roux	2025-10-21	2025-10-20	no read audiobook in export	identifier	Salvaged	Read	Book	2025-10-21	448416	32365028	059315147X		
This World Is Not Yours	Kemi Ashing-Giwa	2025-10-21	2025-10-21	no read audiobook in export	probable title match—review	This World Is Not Yours	Read	Book	2025-10-21	1476223	32364974	B0DDZXJW2Q		
Tell Me I'm Worthless	Alison Rumfitt	2025-10-22	2025-10-21	no read audiobook in export	title/author	Tell Me I'm Worthless	Read	Book	2025-10-22	482844	30423142	B0B1JMBQDM		
Sundial	Catriona Ward	2025-10-22	2025-10-22	no read audiobook in export	title/author	Sundial	Read	Book	2025-10-22	473732	30394784	1250841194		
The Fervor	Alma Katsu	2025-10-23	2025-10-22	no read audiobook in export	title/author	The Fervor	Read	Book	2025-10-23	512552	32365032	B09FVXVXHF		
Silver Nitrate	Silvia Moreno-Garcia	2025-10-24	2025-10-23	no read audiobook in export	title/author	Silver Nitrate	Read	Ebook	2025-10-24	626730	30602385	B0BL8NK7TP		
Mexican Gothic	Silvia Moreno-Garcia	2025-10-24	2025-10-24	no read audiobook in export	title/author	Mexican Gothic	Read	Ebook	2025-10-24	428353	30404138	0593213866	9780593213865	
Jackal	Erin E. Adams	2025-10-24	2025-10-24	no read audiobook in export	title/author	Jackal	Read	Book	2025-10-24	511512	30463730	B09SNHB1QP		
Bad Cree	Jessica Johns	2025-10-25	2025-10-24	no read audiobook in export	probable title match—review	Bad Cree	Read	Book	2025-10-25	603189	32196470	B09YKRSDHT		
Bad Creek	Peyton June	2025-10-25	2025-10-25	no read audiobook in export	title/author	Bad Creek	Read	Book	2025-10-25	1775794	31886825	B0F2W5DZWK	9798897560875	
Sordidez	E.G. Condé	2025-10-26	2025-10-25	no read audiobook in export	identifier	Sordidez	Read	Ebook	2025-10-26	1149883	32066023	B0CXYNXF4M	9798875111020	
The Sovereign	C. L. Clark	2025-10-27	2025-10-26	no read audiobook in export	identifier	The Sovereign	Read	Book	2025-10-27	824788	32320838	B0DTRM2YZL	9781668642177	
The Mean Ones	Tatiana Schlote-Bonne	2025-10-28	2025-10-28	no read audiobook in export	identifier	The Mean Ones	Read	Book	2025-10-28	1996725	32364972	B0FNRZB6S8	9798349108259	
I Am the Dark That Answers When You Call	Jamison Shea	2025-10-29	2025-10-28	no read audiobook in export	identifier	I Am the Dark That Answers When You Call	Read	Book	2025-10-29	1042661	32365018	B0CNFHVPKN	9781250363152	
Sisters of the Lost Nation	Nick Medina	2025-10-30	2025-10-29		title/author	Sisters of the Lost Nation	Read	Audio	2025-10-30	684957	31476346	B0B8TF3155	9780593675533	
The Starving Saints	Caitlin Starling	2025-10-31	2025-10-30		identifier	The Starving Saints	Read	Audio	2025-10-31	1522096	32256453	B0DF826BNR	9780063418844	
Cackle	Rachel Harrison	2025-11-01	2025-10-31	no read audiobook in export	title/author	Cackle	Read	Book	2025-11-01	454999	31132237	0593456866		
Rules for Ghosting	Shelly Jay Shore	2025-11-01	2025-11-01	no read audiobook in export	identifier	Rules for Ghosting	Read	Book	2025-11-01	1295104	32365013	B0CT73WR71	9780593948118	
Feast While You Can	Mikaella Clements, Onjuli Datta	2025-11-02	2025-11-01		identifier	Feast While You Can	Read	Audio	2025-11-02	1309558	32182902	B0CWC96C5Y	9781668643778	
I Will Never Leave You	Kara A. Kennedy	2025-11-02	2025-11-02	no read audiobook in export	identifier	I Will Never Leave You	Read	Book	2025-11-02	1083050	32365015	B0CLYPM756	9780593866047	
Woven from Clay	Jenny Birch	2025-11-03	2025-11-02		probable title match—review	Woven from Clay: A Novel	Read	Audio	2025-11-03	2136277	32341268	B0DJTDYMFJ	9781250407535	
The Salvage	Anbara Salam	2025-11-04	2025-11-03		probable title match—review	The Salvage: A Novel	Read	Audio	2025-11-04	1939850	32341269	B0FQG1K98B	9798217346219	
You Weren't Meant to Be Human	Andrew Joseph White	2025-11-04	2025-11-02		identifier	You Weren't Meant to Be Human	Read	Audio	2025-11-04	1291949	32248279	B0F3B63SYT	9781797189895	
Champion: A LitRPG Progression Fantasy	Plum Parrot	2025-11-05	2025-11-04		probable title match—review	Champion	Read	Audio	2025-11-05	1822495	32348447	B0FFCW139V	9781039488403	
Vainglory	Plum Parrot	2025-11-06	2025-11-05		title/author	Vainglory	Read	Audio	2025-11-06	1823410	32348449	B0FDLDTHT7		
Vainglory 2	Plum Parrot	2025-11-06	2025-11-06		title/author	Vainglory 2	Read	Audio	2025-11-06	1823420	32348717	B0FVG88WHH		
The Touch of Her Voice	Sara Scott	2025-11-07	2025-11-06		title/author	The Touch of Her Voice	Read	Audio	2025-11-07	1827822	32349737	B0DTX1RB1J		
The Sound of Her Smile	Sara Scott	2025-11-07	2025-11-07		title/author	The Sound of Her Smile	Read	Audio	2025-11-07	1827821	32350651	B0F812K9K2		
The Taste of Her Silence	Sara Scott	2025-11-07	2025-11-07		title/author	The Taste of Her Silence	Read	Audio	2025-11-07	1827820	32350650	B0FK62QG5B		
Son of the Morning	Akwaeke Emezi	2025-11-08	2025-11-07	no read audiobook in export	probable title match—review	Son of the Morning	Read	Book	2025-11-08	1309659	32364979	B0DWNJWT78	9780063323216	
Complementary Colors	Kate Evans	2025-11-08	2025-11-08		title/author	Complementary Colors	Read	Audio	2025-11-08	2147218	32354485	9198695797		
The Macabre	Kosoko Jackson	2025-11-08	2025-11-08	no read audiobook in export	title/author	The Macabre	Read	Book	2025-11-08	1906178	32365041	B0DQF1T9R4	9780063394506	
A Twist of Fate	Se-Ah Jang, S. L. Park	2025-11-08	2025-11-08		title/author	A Twist of Fate	Read	Audio	2025-11-08	1890362	32354490	B0D8M6C7YY	9798217020478	
The Whistler	Nick Medina	2025-11-09	2025-11-08	no read audiobook in export	probable title match—review	The Whistler	Read	Book	2025-11-09	1906176	32364975		9780593820407	
Daughters of the Nile	Zahra Barri	2025-11-09	2025-11-09		title/author	Daughters of the Nile	Read	Audio	2025-11-09	2150127	32358099	B0D9HXCZKJ	9781004160952	
Killer Potential	Hannah Deitch	2025-11-10	2025-11-09	no read audiobook in export	title/author	Killer Potential	Read	Book	2025-11-10	1675540	31765613	B0D7WDBRV3	9780063356535	
Cry, Voidbringer	Elaine Ho	2025-11-11	2025-11-10	no read audiobook in export	identifier	Cry, Voidbringer	Read	Book	2025-11-11	1897662	32365029	B0FSN95FPL	9798347023646	
Green Fuse Burning	Tiffany Morris	2025-11-11	2025-11-11		title/author	Green Fuse Burning	Read	Audio	2025-11-11	1080651	32361640	B0DW1M8BT1	9781778092688	
The Reformatory	Tananarive Due	2025-11-13	2025-11-11		identifier	The Reformatory	Read	Audio	2025-11-13	965944	31806929	B0BRNWPR9F	9781797160139	
House of Monstrous Women	Daphne Fama	2025-11-15	2025-11-15	not marked read; no read audiobook in export; finish date missing/different	title/author	House of Monstrous Women	Want to Read	Book		1718141	31816288	B0DNLK64NY	9798217074853	
Wayward: Running: An Isekai LitRPG	T. A. Star	2025-11-16	2025-11-15	finish date missing/different	probable title match—review	Wayward: Falling: An Isekai LitRPG	Read	Audio	2026-04-03	2526744	32822088	B0FF5R8K2P	9781039494152	
Breaking Through	Lykanthropy	2025-11-16	2025-11-16		title/author	Breaking Through	Read	Audio	2025-11-16	1486545	32250481	B0CZ2KFPD6	9781039467705	
Suiting Up	Lykanthropy	2025-11-17	2025-11-16		title/author	Suiting Up	Read	Audio	2025-11-17	1486559	32250673	B0D7X4TLMS	9781039467712	
Making a Name	Lykanthropy	2025-11-18	2025-11-17		title/author	Making a Name	Read	Audio	2025-11-18	1486560	32250687	B0DP3KLCMC	9781039467729	
Water Kanin	Kia Leep	2025-11-19	2025-11-18	unmatched—review candidates								B0FYQXWSNM	9781039490772	Water Kanin: Glass Kanin, Book 3 / Kia Leep, Daniel Henning (Narrator) [Read; Audio; book 2187574] | Weatherman / Lois McMaster Bujold [Read; Book; book 468419] | Fate's Reckoning / Plum Parrot, Suzy Jackson (narrator) [Read; Audio; book 1758334]
Terror at the Gates	Scarlett St. Clair	2025-11-19	2025-11-13	finish date missing/different	title/author	Terror at the Gates	Read	Audio	2025-11-15	1581199	32264090	B0FBSBDLYQ	9798331967888	
Amber the Cursed Berserker: Book 1	Azrie, V.A. Lewis	2025-11-20	2025-11-19		identifier	Amber the Cursed Berserker Book 1	Read	Audio	2025-11-20	1890318	32031377	B0F1QDH8FC	9798350430493	
Rise from the Ashes	Selkie Myth	2025-11-20	2025-11-20		title/author	Rise from the Ashes	Read	Audio	2025-11-20	2019999	32383777	B0FXNLX9GY	9781039476301	
The Adventure of the Demonic Ox	Lois McMaster Bujold	2025-11-21	2025-11-20		title/author	The Adventure of the Demonic Ox	Read	Audio	2025-11-21	1957437	32406914	B0FLKJQZXH	9798228648609	
Amber the Cursed Berserker: Book 2	V.A. Lewis, Azrie	2025-11-22	2025-11-21		identifier	Amber the Cursed Berserker Book 2	Read	Audio	2025-11-22	1969916	32038099	B0F56QC6KW		
Amber the Cursed Berserker: Book 3	V.A. Lewis, Azrie	2025-11-22	2025-11-22		title/author	Amber the Cursed Berserker Book 3	Read	Audio	2025-11-22	1975707	32270792	B0FHKYX9FX	9798350432046	
Brigands & Breadknives	Travis Baldree	2025-11-23	2025-11-22		identifier	Brigands & Breadknives	Read	Audio	2025-11-23	1670203	32358524	B0DVBMNB9H	9781250402950	
Valencia	Maggie Nelson -foreword, Michelle Tea	2025-11-23	2025-11-23	unmatched—review candidates								B0F4SVFWYP	9781668652978	Valencia / Michelle Tea, Abby Craden (Narrator), Maggie Nelson (Narrator) [Read; Audio; book 652587] | VenCo / Cherie Dimaline [Read; Book; book 555833] | Balance / Seanan McGuire [Want to Read; Book; book 995808]
The Dawnhounds	Sascha Stronach	2025-11-25	2025-11-23		identifier	The Dawnhounds	Read	Audio	2025-11-25	465136	31891178	B09KYKXWMT	9781797141237	
Veal	Mackenzie Nolan	2025-11-26	2025-11-25	no read audiobook in export	title/author	Veal	Read	Book	2025-11-26	1906033	32052435	B0FR6MJK3Z	9798347021437	
Legends & Lattes	Travis Baldree	2025-11-26	2025-11-26	finish date missing/different	title/author	Legends & Lattes	Read	Audio	2024-12-20	475214	31897722	B0B3GB64T1	9781250889652	
Bookshops & Bonedust	Travis Baldree	2025-11-26	2025-11-26	no read audiobook in export; finish date missing/different	title/author	Bookshops & Bonedust	Read	Book	2024-11-30	624232	30599331	B0BVKTF9XG	9781250910776	
The Sentence	Louise Erdrich	2025-11-26	2025-11-26		title/author	The Sentence	Read	Audio	2025-11-26	450843	32406919	0063144859		
They Called Me Number One	Bev Sellars	2025-11-27	2025-11-26		title/author	They Called Me Number One	Read	Audio	2025-11-27	517047	32406920	B071WQMGMP		
Empire of Wild	Cherie Dimaline	2025-11-27	2025-11-27		identifier	Empire of Wild	Read	Audio	2025-11-27	432834	31876277	0063015935		
Pages for You	Sylvia Brownrigg	2025-11-27	2025-11-27		title/author	Pages for You	Read	Audio	2025-11-27	1239220	32406922	B0845YCRMS		
The Stars Are Legion	Kameron Hurley	2025-11-28	2025-11-27		title/author	The Stars Are Legion	Read	Audio	2025-11-28	441064	32406924	B06XSKNWYQ		
Adrift in Starlight	Mindi Briar	2025-11-28	2025-11-28		title/author	Adrift in Starlight	Read	Audio	2025-11-28	465102	32406926	B0C8QVC37S	9798212617406	
Carrion Crow	Heather Parry	2025-11-29	2025-11-28		title/author	Carrion Crow	Read	Audio	2025-11-29	1584936	32061330		9781804995488	
The Silent Patient	Alex Michaelides	2025-11-29	2025-11-29		title/author	The Silent Patient	Read	Audio	2025-11-29	187993	6458884	1250317533	9781250317537	
Passing Through a Prairie Country	Dennis E. Staples	2025-11-29	2025-11-29		title/author	Passing Through a Prairie Country	Read	Audio	2025-11-29	1734824	32251091	B0F1H9NC9K	9781696618090	
Hole in the Sky	Daniel H. Wilson	2025-11-30	2025-11-30		title/author	Hole in the Sky	Read	Audio	2025-11-30	1900794	32407007		9798217169108	
A Long Time Dead	Samara Breger	2025-12-01	2025-11-29		title/author	A Long Time Dead	Read	Audio	2025-12-01	1108046	32407011	B0D7DTLD5L	9781039479937	
With a Flip of the Coin	Steven Jay Howe Jr.	2025-12-02	2025-12-02	unmatched—review candidates								B0FHBK1N7K		The Fifth Season / N. K. Jemisin [Read; Book; book 427825] | The Angel of the Crows / Katherine Addison [Want to Read; Book; book 448672] | The Name of the Wind / Patrick Rothfuss [Read; Book; book 379217]
Love Is for Losers	Wibke Brueggemann	2025-12-02	2025-12-02		title/author	Love Is for Losers	Read	Audio	2025-12-02	428975	32407014	B0CYVJ52MM	9781004148103	
Feathers from the Sky	Jess Wisecup	2025-12-04	2025-12-02		probable title match—review	Feathers From The Sky: A Dark Paranormal Romance	Read	Audio	2025-12-04	1452345	32407016	B0CQNQM1BX	9781039464964	
Thorns from the Fall	Jess Wisecup	2025-12-04	2025-12-04		title/author	Thorns From The Fall	Read	Audio	2025-12-04	2177336	32407018	B0FSM88NR3	9781039464971	
Vampires of El Norte	Isabel Cañas	2025-12-05	2025-12-04		identifier	Vampires of El Norte	Read	Audio	2025-12-05	677907	31670085	B0BNQYM228	9780593684283	
Shy Trans Banshee	Tony Santorella	2025-12-05	2025-12-05		title/author	Shy Trans Banshee	Read	Audio	2025-12-05	2187649	32407021	B0FGKF39TG	9781004212729	
Black Mass	Lykanthropy	2025-12-06	2025-12-05		title/author	Black Mass	Read	Audio	2025-12-06	1947387	32406883	B0FXNJCFPZ	9798347022113	
A Legacy of Blood and Bone	Millie Abecassis	2025-12-07	2025-12-06		title/author	A Legacy of Blood and Bone	Read	Audio	2025-12-07	2143986	32407022	B0FZDCNSDC	9798318469282	
The Knowing	Emma Hinds	2025-12-07	2025-12-07		title/author	The Knowing	Read	Audio	2025-12-07	1151695	32407023	B004QDQKNI	9781915798145	
Wayward: Fighting: An Isekai LitRPG	T. A. Star	2025-12-08	2025-12-08	finish date missing/different	probable title match—review	Wayward: Falling: An Isekai LitRPG	Read	Audio	2026-04-03	2526744	32822088	B0FNFHV62C	9781039494183	
The Convert	Stefan Hertmans	2025-12-09	2025-12-08		title/author	The Convert	Read	Audio	2025-12-09	553242	32409962	059317027X	9780593170274	
All the Rivers	Dorit Rabinyan	2025-12-09	2025-12-09		title/author	All the Rivers	Read	Audio	2025-12-09	465973	32412507	B06XPWLQPY	9781524778712	
One Man's Laughter	Eric Ugland	2025-12-10	2025-12-09	finish date missing/different	title/author	One Man's Laughter	Read	Audio		1981769	32412508	B0G4N8XTS7	9798855553246	
Whistleblower	Jen Lyon	2025-12-11	2025-12-10		title/author	Whistleblower	Read	Audio	2025-12-11	1264956	31822993	B0CZFHLCZN		
Even Though I Knew the End	C.L. Polk	2025-12-11	2025-12-11		title/author	Even Though I Knew the End	Read	Audio	2025-12-11	455003	31113542	B0B8PTQHZV		
The Last Jews of Kerala	Edna Fernandes	2025-12-12	2025-12-11	unmatched—review candidates								B00B8ACIBK		The Last Jews of Kerala: The 2,000 Year History of India's Forgotten Jewish Community / Edna Fernandes, Leslie Bellair (Narrator) [Read; Audio; book 1557376] | The Last Jew of Treblinka / Chil Rajchman [Want to Read; Book; book 799494] | The Last Threshold / R. A. Salvatore [Want to Read; Book; book 446745]
People Love Dead Jews	Dara Horn	2025-12-12	2025-12-12		probable title match—review	People Love Dead Jews: Reports from a Haunted Present	Read	Audio	2025-12-12	751050	32419683	B09CFZVZFQ		
Pages for Her	Sylvia Brownrigg	2025-12-12	2025-12-12		title/author	Pages for Her	Read	Audio	2025-12-12	176505	32419685	B0845Z3MYT		
One Life	Megan Rapinoe, Emma Brockes	2025-12-13	2025-12-12		title/author	One Life	Read	Audio	2025-12-13	428307	32419686	0593288904		
Fingersmith	Sarah Waters	2025-12-14	2025-12-13		title/author	Fingersmith	Read	Audio	2025-12-14	385240	32424100	B0051VVMXM		
Kantika	Elizabeth Graver	2025-12-14	2025-12-14	finish date missing/different	title/author	Kantika	Read	Audio	2025-12-16	766927	32424268	B0BQPNMB31		
The Ghosts of Gwendolyn Montgomery	Clarence A. Haynes	2025-12-15	2025-12-14		probable title match—review	The Ghosts of Gwendolyn Montgomery: A Novel	Read	Audio	2025-12-15	1825671	32426114	B0DKG5VW8B	9781668650097	
A Master of Djinn	P. Djèlí Clark	2025-12-16	2025-12-15		title/author	A Master of Djinn	Read	Audio	2025-12-16	440947	31908725	1250807735		
Your Driver Is Waiting	Priya Guns	2025-12-16	2025-12-16		title/author	Your Driver Is Waiting	Read	Audio	2025-12-16	652413	32437787	B0B63XPL9Y		
Faebound	Saara El-Arifi	2025-12-17	2025-12-16	no read audiobook in export	title/author	Faebound	Read	Book	2025-12-17	969050	31477425	B0C6YNVJJG	9780593823873	
To Shape a Dragon's Breath	Moniquill Blackgoose	2025-12-18	2025-12-17	finish date missing/different	title/author	To Shape a Dragon's Breath	Read	Audio	2025-12-19	555865	31670084	B0B9T8WN4Y		
Greta & Valdin	Rebecca K Reilly	2025-12-19	2025-12-18		identifier	Greta & Valdin	Read	Audio	2025-12-19	605930	31786057	B0C87FXRH4	9781797170503	
The Prey of Gods	Nicky Drayden	2025-12-20	2025-12-19		title/author	The Prey of Gods	Read	Audio	2025-12-20	440196	31913519	B0773TG34V		
Fleabag 2: A Monster Evolution LitRPG	SomeoneToForget	2025-12-20	2025-12-20		title/author	Fleabag 2: A Monster Evolution LitRPG	Read	Audio	2025-12-20	2224716	32456241	B0G21GT5WJ	9781039442665	
Elastic Habits	Stephen Guise	2025-12-21	2025-12-20		probable title match—review	Elastic Habits: Good Habits That Adapt to Your Day	Read	Audio	2025-12-21	529348	31169270	B082VLQCDS		
Atomic Habits	James Clear	2025-12-21	2025-12-21		identifier	Atomic habits: An Easy & Proven Way to Build Good Habits & Break Bad Ones	Read	Audio	2025-12-21	428023	30401466	1524779261	9781524779269	
Pages for Her	Sylvia Brownrigg	2025-12-22	2025-12-22	finish date missing/different	title/author	Pages for Her	Read	Audio	2025-12-12	176505	32419685	B0845Z3MYT		
Testimony of Mute Things	Lois McMaster Bujold	2025-12-22	2025-12-22	already corrected after export								B0G2DZ4YFZ	9798228749696	The Mountains of Mourning / Lois McMaster Bujold [Read; Ebook; book 643640] | The Physicians of Vilnoc / Lois McMaster Bujold [Read; Book; book 461136] | Demon Daughter / Lois McMaster Bujold [Read; Book; book 1109443]
Being You	Anil Seth	2025-12-23	2025-12-21		probable title match—review	Being You: A New Science of Consciousness	Read	Audio	2025-12-23	1218545	32468635	0593211219	9780593211212	
Lady of Fire	Pirateaba	2025-12-25	2025-12-22		title/author	Lady of Fire	Read	Audio	2025-12-25	2079053	32436324	B0FMTCZ1HM	9781039448285	
A Mind of Its Own	Cordelia Fine	2025-12-25	2025-12-25	finish date missing/different	probable title match—review	A Mind of Its Own: How Your Brain Distorts and Deceives	Read	Audio	2025-12-26	506871	32486288	B00B2BSSJQ		
The Brain That Changes Itself	Norman Doidge M.D.	2025-12-26	2025-12-25	unmatched—review candidates								0593293983	9780593293980	The Brain That Changes Itself: Stories of Personal Triumph from the Frontiers of Brain Science / Jim Bond (Narrator), Norman Doidge [Read; Audio; book 87297] | The Blade Itself / Joe Abercrombie [Read; Book; book 383404] | The Mermaid, the Witch, and the Sea / Maggie Tokuda-Hall [Read; Book; book 111330]
Livewired	David Eagleman	2025-12-26	2025-12-26		probable title match—review	Livewired: The Inside Story of the Ever-Changing Brain	Read	Audio	2025-12-26	443363	32486335	0553550977	9780553550979	
Altered Traits: Science Reveals How Meditation Changes Your Mind, Brain, and Body	Daniel Goleman, Richard Davidson	2025-12-26	2025-12-26		title/author	Altered Traits: Science Reveals How Meditation Changes Your Mind, Brain, and Body	Read	Audio	2025-12-26	379993	32486337	B075M5HNFK		
King of Duels	Pirateaba	2025-12-29	2025-12-27		title/author	King of Duels	Read	Audio	2025-12-29	1959180	32162620	B0F6VVC8QX	9781039448278	
Hardwiring Happiness	Rick Hanson PhD	2025-12-29	2025-12-26	unmatched—review candidates								B00EZ5NS28	9780804128148	Hardwiring Happiness: The New Brain Science of Contentment, Calm, and Confidence / Rick Hanson (Narrator), Rick Hanson [Read; Audio; book 464922] | The Carrying: Poems / Ada Limón [Want to Read; Book; book 711500] | The Starving Saints / Caitlin  Starling [Read; Audio; book 1522096]
Rewire Your Brain 2.0 (2nd Edition)	John B. Arden PhD ABPP	2025-12-30	2025-12-27	unmatched—review candidates								B0BZFHPVNF		Rewire Your Brain 2.0 / John B. Arden, Paul Heitsch (Narrator) [Read; Audio; book 854737] | Fluent Forever (Revised Edition) / Gabriel Wyner [Read; Ebook; book 1796533] | Prelude to Foundation / Isaac Asimov, Scott Brick (Narrator) [Want to Read; Audio; book 435146]
Good Habits, Bad Habits	Wendy Wood	2025-12-30	2025-12-30	finish date missing/different	probable title match—review	Good Habits, Bad Habits: The Science of Making Positive Changes That Stick	Read	Audio	2025-12-31	1157515	32502316	1250241782	9781250241788	
Lies Weeping	Glen Cook	2026-01-01	2025-12-30		probable title match—review	Lies Weeping: A Chronicle of the Black Company: The First Book of a Pitiless Rain	Read	Audio	2026-01-01	1746111	32342962	B0FRPQ82GB		
A Dead Djinn in Cairo	P. Djèlí Clark	2026-01-01	2026-01-01		title/author	A Dead Djinn in Cairo	Read	Audio	2026-01-01	439076	32528353	1250624460		
The Haunting of Tram Car 015	P. Djeli Clark	2026-01-01	2026-01-01		identifier	The Haunting of Tram Car 015	Read	Audio	2026-01-01	465714	30383392	1980032041	9781980032045	
We Are the Match	Mary E. Roach	2026-01-02	2026-01-01		title/author	We Are the Match	Read	Audio	2026-01-02	1699089	32528368	B0DV1XWLSJ	9781511351706	
Markless	C.G. Malburi	2026-01-04	2026-01-02		title/author	Markless	Read	Audio	2026-01-04	1141154	32534969	B0CQQFFN95		
A Banh Mi for Two	Trinity Nguyen	2026-01-04	2026-01-04		title/author	A Banh Mi for Two	Read	Audio	2026-01-04	1080621	32541516	B0CQDPPNWY		
Model Home	Rivers Solomon	2026-01-05	2026-01-04	finish date missing/different	title/author	Model Home	Read	Audio	2026-01-11	1249719	32031494	B0CWC2N8VL		
Hazelthorn	CG Drews	2026-01-07	2026-01-05		title/author	Hazelthorn	Read	Audio	2026-01-07	1642223	32579819	B0FJTKPD42	9798899733024	
Chain Gang All Stars	Nana Kwame Adjei-Brenyah	2026-01-10	2026-01-08		identifier	Chain-Gang All-Stars	Read	Audio	2026-01-10	584785	31947412	B0B9T6P5M2		
Halcyon Nightmares	Aest Belequa	2026-01-11	2026-01-10		title/author	Halcyon Nightmares	Read	Audio	2026-01-11	2327591	32593882	B0FD54BR3M	9798347004522	
Victoria Falling	Aest Belequa	2026-01-11	2026-01-11		title/author	Victoria Falling	Read	Audio	2026-01-11	2338760	32593891	B0FVZSMDFD	9798347004539	
Guardian Rising	Aest Belequa	2026-01-13	2026-01-11		title/author	Guardian Rising	Read	Audio	2026-01-13	2338764	32593896	B0G314QKX4	9798347004546	
Fledgling	Octavia E. Butler	2026-01-15	2026-01-13		identifier	Fledgling	Read	Audio	2026-01-15	293060	32274597	1980032017		
You Watched in Silence	H. Lee Justine	2026-01-16	2026-01-15		title/author	You Watched in Silence	Read	Audio	2026-01-16	1712364	32601539	B0DZDCCHC9	9798228003620	
The Library Thief	Kuchenga Shenjé	2026-01-16	2026-01-16		title/author	The Library Thief	Read	Audio	2026-01-16	1249666	32601540	B0CWT9Y4XC		
Star Eater	Kerstin Hall	2026-01-17	2026-01-16		identifier	Star Eater	Read	Audio	2026-01-17	455882	32490455	1705027954		
The Wolf and the Woodsman	Ava Reid	2026-01-18	2026-01-17		title/author	The Wolf and the Woodsman	Read	Audio	2026-01-18	428740	31891194	1473592755		
Volatile Memory	Seth Haddon	2026-01-18	2026-01-18		identifier	Volatile Memory	Read	Audio	2026-01-18	1588452	32164617	B0DJTCTCQS	9781250407528	
The Lights of Prague	Nicole Jarvis	2026-01-22	2026-01-18		title/author	The Lights of Prague	Read	Audio	2026-01-22	453183	32631876	1662029187		
Radiant Fugitives	Nawaaz Ahmed	2026-01-23	2026-01-22		title/author	Radiant Fugitives	Read	Audio	2026-01-23	433809	32631905	B09D45566F		
The Woods All Black	Lee Mandelo	2026-01-23	2026-01-23	not marked read; no read audiobook in export; finish date missing/different	title/author	The Woods All Black	Want to Read	Ebook		1070615	31094693	B0DT2DBKZT		
Reclamation	Kristen Zimmer	2026-01-24	2026-01-23	unmatched—review candidates								B0FFKD7MQW	9798331994662	Revelation / V.A.  Lewis, Melas Delta [Read; Ebook; book 1760730] | Dread Nation / Justina Ireland [Want to Read; Book; book 202662] | Evocation / S.T. Gibson, Oscar Reyes (Narrator) [Read; Audio; book 969063]
Sunburn	Chloe Michelle Howarth	2026-01-24	2026-01-24		title/author	Sunburn	Read	Audio	2026-01-24	876729	32638063	B0C62XCK7D	9781004135943	
The Primal Hunter 13	Zogarth	2026-01-25	2026-01-25		title/author	The Primal Hunter 13	Read	Audio	2026-01-25	1852537	32397043	B0G87LH5X8		
Hollow	Celina Myers	2026-01-26	2026-01-25		title/author	Hollow	Read	Audio	2026-01-26	1244661	32516837	B0DSLWFTRF	9781488235887	
Carmilla and Laura	S D Simper	2026-01-26	2026-01-26		title/author	Carmilla and Laura	Read	Audio	2026-01-26	775295	32389664	B092XQ6X91		
Holy Wrath	Victoria Mier	2026-01-27	2026-01-26		identifier	Holy Wrath	Read	Audio	2026-01-27	1927236	32566850	B0FMZM93YS	9798318516818	
To Ride a Rising Storm	Moniquill Blackgoose	2026-01-29	2026-01-27		title/author	To Ride a Rising Storm	Read	Audio	2026-01-29	1921687	32650584		9780593498309	
This Gilded Abyss	Rebecca Thorne	2026-01-30	2026-01-29		title/author	This Gilded Abyss	Read	Audio	2026-01-30	945984	31794175	B0F9MD13VP	9781250427120	
The Book of Blood and Roses	Annie Summerlee	2026-01-31	2026-01-30		title/author	The Book of Blood and Roses	Read	Audio	2026-01-31	1927259	32516807	B0F6QMT2W8	9798217159215	
If the Dead Belong Here	Carson Faust	2026-02-01	2025-11-30		title/author	If the Dead Belong Here	Read	Audio	2026-02-01	1905872	32680406		9780593830895	
The 7-10 Split	Karmen Lee	2026-02-01	2026-02-01		title/author	The 7-10 Split	Read	Audio	2026-02-01	1197237	32680408	B0D7NQ78B4		
The Relationship Mechanic	Karmen Lee	2026-02-02	2026-02-01		title/author	The Relationship Mechanic	Read	Audio	2026-02-02	1447510	32680409	B0D7NW51P3		
Kiss Me, Maybe	Gabriella Gamez	2026-02-02	2026-02-02		title/author	Kiss Me, Maybe	Read	Audio	2026-02-02	1653051	32680412	B0DK65GCSS	9781668649985	
Court of the Undying Seasons	A.M. Strickland	2026-02-04	2026-02-02		title/author	Court of the Undying Seasons	Read	Audio	2026-02-04	511597	32680418	B0BYGKLVFP	9798212409032	
Fiebre Tropical	Juliana Delgado Lopera	2026-02-05	2026-02-04		title/author	Fiebre Tropical	Read	Audio	2026-02-05	478616	32687065	B08TRSWK9F		
Dark and Deepest Red	Anna-Marie McLemore	2026-02-05	2026-01-30		title/author	Dark and Deepest Red	Read	Audio	2026-02-05	451625	32709725	1980060312		
Get Over It, April Evans	Ashley Herring Blake	2026-02-05	2026-02-05	no read audiobook in export	title/author	Get Over It, April Evans	Read	Book	2026-02-05	1951277	32108414	B0FBHZH8DL	9798217282500	
The Regicide Report	Charles Stross	2026-02-06	2026-02-05	finish date missing/different	title/author	The Regicide Report	Read	Audio	2026-02-13	1891194	32709727	B0FK6PJQXY	9798892741453	
The Broken Dead: An Epic Portal Fantasy	Dreamer's Riot	2026-02-07	2026-02-06		title/author	The Broken Dead: An Epic Portal Fantasy	Read	Audio	2026-02-07	2434811	32709729	B0GBZ3H48R	9798347028597	
The Curse of the Cole Women	Marielle Thompson	2026-02-07	2026-02-07		probable title match—review	The Curse of the Cole Women: A Novel	Read	Audio	2026-02-07	1843064	32709848	B0FRLYZ2FZ	9798318546143	
Pyg	Pip Landers-Letts	2026-02-07	2026-02-07		title/author	Pyg	Read	Audio	2026-02-07	1949239	32709851	B0G2DZY1H1		
The Afterlife of Mal Caldera	Nadi Reed Perez	2026-02-08	2026-02-07		title/author	The Afterlife of Mal Caldera	Read	Audio	2026-02-08	1214965	32709854	B0D2FYZXP2	9781666665130	
This Is the Only Kingdom	Jaquira Díaz	2026-02-08	2026-02-08		title/author	This Is the Only Kingdom	Read	Audio	2026-02-08	2081308	32709855	B0F3Y5L192	9781668651353	
Yellow Jessamine	Caitlin Starling	2026-02-09	2026-02-08		identifier	Yellow Jessamine	Read	Audio	2026-02-09	453453	31224604	1705240224	9781705240229	
Dogs of Summer	Andrea Abreu	2026-02-10	2026-02-09		title/author	Dogs of Summer	Read	Audio	2026-02-10	648604	32709857	B0B39KZFQK		
Stray Cat Strut 7: A Cyberpunk LitRPG	RavensDagger	2026-02-13	2026-02-10		identifier	Stray Cat Strut 7	Read	Audio	2026-02-13	2434893	32709859	B0FRNKDTXG	9781039487208	
In the Shadow of Spindrift House	Mira Grant	2026-02-13	2026-02-13		identifier	In the Shadow of Spindrift House	Read	Audio	2026-02-13	439274	31980275	1400170982		
Sky on Fire	E.K. Johnston	2026-02-14	2026-02-13		title/author	Sky on Fire	Read	Audio	2026-02-14	1939854	32714442	B0DKY846MX	9798217074433	
Aetherbound	E. K. Johnston	2026-02-14	2026-02-14		identifier	Aetherbound	Read	Audio	2026-02-14	465228	31497069	0593397827	9780593397824	
Queen of Faces	Petra Lord	2026-02-15	2026-02-14	finish date missing/different	title/author	Queen of Faces	Read	Audio	2026-02-14	1906032	32714450	B0F4GCP82L	9781250432407	
Apparently, Sir Cameron Needs to Die	Greer Stothers	2026-02-15	2026-02-15		title/author	Apparently, Sir Cameron Needs to Die	Read	Audio	2026-02-15	1726498	32719933	B0G3Y59DLJ	9798349165238	
Nightshade and Oak	Molly O'Neill	2026-02-15	2026-02-15		title/author	Nightshade and Oak	Read	Audio	2026-02-15	2182504	32719937	B0FCV6MFPH	9781668655269	
You'll Never Forget Me	Isha Raya	2026-02-16	2026-02-15		title/author	You'll Never Forget Me	Read	Audio	2026-02-16	1570310	32719939	B0F6R36QZT	9798217159024	
Out of the Loop	Katie Siegel	2026-02-16	2026-02-16		title/author	Out of the Loop	Read	Audio	2026-02-16	2191298	32719942	B0DY2T2MJF	9798882396137	
The Goddess of Nothing at All	Cat Rector	2026-02-17	2026-02-16	finish date missing/different	title/author	The Goddess of Nothing At All	Read	Audio		479907	32719944	B0CV9LGVQ1		
Epilogues for Lost Gods	Cat Rector	2026-02-18	2026-02-17		title/author	Epilogues for Lost Gods	Read	Audio	2026-02-18	503493	32720768	B0DWTDJR2C		
The Left Hand of Darkness	Ursula K. Le Guin, Charlie Jane Anders - afterword	2026-02-19	2026-02-19	no read audiobook in export; finish date missing/different	title/author	The Left Hand of Darkness	Read	Book	2025-07-04	377842	9212187	B0CQQ275CT	9798891785106	
A Quiet Universe	Kay F. Atkinson	2026-02-20	2026-02-18		title/author	A Quiet Universe	Read	Audio	2026-02-20	1670544	32724702	B0D2SF4RVF		
Overdue	K.T. Hanna	2026-02-21	2026-02-20		identifier	Overdue: A Magical Library LitRPG Adventure	Read	Audio	2026-02-21	1619346	31779883	B0D5J5GQK2		
Damaged	K.T. Hanna	2026-02-22	2026-02-21		identifier	Damaged: A Magical Library LitRPG Adventure	Read	Audio	2026-02-22	1688382	31780856	B0DFQXZQHL		
Rebound: A Magical Library LitRPG Adventure	K.T. Hanna	2026-02-24	2026-02-22		probable title match—review	Rebound	Read	Audio	2026-02-24	1806683	32734919	B0F39NV88D	9781039477919	
On Sundays She Picked Flowers	Yah Yah Scholfield	2026-02-24	2026-02-20		title/author	On Sundays, She Picked Flowers	Read	Audio	2026-02-24	518600	32729697	B0FD57C2XV	9781668142066	
As Many Souls as Stars	Natasha Siegel	2026-02-25	2026-02-24		title/author	As Many Souls As Stars	Read	Audio	2026-02-25	1906050	32739816	B0DYWS7SGP	9780063418059	
Land of Milk and Honey	C Pam Zhang	2026-02-25	2026-02-25		title/author	Land of Milk and Honey	Read	Audio	2026-02-25	734931	32742601	B0BWPL7DP9		
Lote	Shola von Reinhold	2026-02-27	2026-02-25	finish date missing/different	title/author	LOTE	Read	Audio	2026-02-28	517194	32743559	B084L1DVLB		
Limiter: A Magical Library LitRPG Adventure	K.T. Hanna	2026-02-27	2026-02-27		identifier	Limiter	Read	Audio	2026-02-27	2013571	32384241	B0F5RZJ454	9798347003389	
Citation: A Magical Library LitRPG Adventure	K.T. Hanna	2026-02-28	2026-02-27		probable title match—review	Citation	Read	Audio	2026-02-28	2128120	32754312	B0GCP1NQVY	9798347003396	
The Obake Code	Makana Yamamoto	2026-03-01	2026-02-28	finish date missing/different	title/author	The Obake Code	Read	Audio	2026-03-02	2191230	32753613	B0F8RC511B	9780063430884	
Operation Bounce House	Matt Dinniman	2026-03-01	2026-03-01	finish date missing/different	identifier	Operation Bounce House	Read	Audio	2026-03-02	1896373	32647574	B0FBJ2WFHK	9798217017270	
How to Get a Girlfriend (When You're a Terrifying Monster)	Marie Cardno	2026-03-02	2026-03-01		identifier	How to Get a Girlfriend (When You're a Terrifying Monster)	Read	Audio	2026-03-02	547438	32693544	B0FRJHRWFZ	9798331950064	
How to Get a Date with the Evil Queen	Marie Cardno	2026-03-02	2026-03-02		identifier	How to Get a Date with the Evil Queen	Read	Audio	2026-03-02	1194545	32693548	B0G4SFR5LQ	9798331950088	
Cack-Handed	Gina Yashere	2026-03-03	2026-03-02		probable title match—review	Cack-Handed: A Memoir	Read	Audio	2026-03-03	813030	32756217	0063090813	9780063090811	
When They Burned the Butterfly	Wen-yi Lee	2026-03-05	2026-03-03		identifier	When They Burned the Butterfly	Read	Audio	2026-03-05	1472837	32389666	B0DRPQGZZV	9781250417923	
Under the Udala Trees	Chinelo Okparanta	2026-03-06	2026-03-05		title/author	Under the Udala Trees	Read	Audio	2026-03-06	93785	32759976	B015NL12PC		
Are You Even Human: Volume 2	Natalie Maher	2026-03-07	2026-03-07		title/author	Are You Even Human: Volume 2	Read	Audio	2026-03-07	2486089	32776775	B0GJ74Z4W4	9798347004751	
Burn Down Master's House	Clay Cane	2026-03-08	2026-03-07		identifier	Burn Down Master's House	Read	Audio	2026-03-08	2041909	32776780	B0FW6QM4B7	9798899738982	
Falling with Folded Wings: A LitRPG Progression Fantasy	Plum Parrot	2026-03-09	2026-03-08	unmatched—review candidates								B0BKBKJ55L	9781039416796	Falling with Folded Wings (Book 1): A LitRPG Progression Fantasy / Plum Parrot, Christian J. Gilliland (narrator) [Read; Audio; book 684600] | Earthshaker: A LitRPG Progression Fantasy / Plum Parrot, Robb Moreira (Narrator) [Read; Audio; book 1821351] | Falling with Folded Wings 2 / Plum Parrot, Christian J. Gilliland (narrator) [Read; Audio; book 1822823]
Falling with Folded Wings 2: A LitRPG Progression Fantasy	Plum Parrot	2026-03-11	2026-03-09		probable title match—review	Falling with Folded Wings 2	Read	Audio	2026-03-11	1822823	31947825	B0BMD34DJN	9781039419636	
Falling with Folded Wings 3: A LitRPG Progression Fantasy	Plum Parrot	2026-03-12	2026-03-11		probable title match—review	Falling with Folded Wings 3	Read	Audio	2026-03-12	1661253	31947855	B0C11QD1KY	9781039427495	
The Broken System: An Isekai LitRPG	Acaswell	2026-03-13	2026-03-12	finish date missing/different	probable title match—review	The Broken System	Read	Audio	2026-03-14	2064911	32250245	B0FNFDH8PC	9781039456211	
Void Forged: A LitRPG Progression Fantasy	Plum Parrot	2026-03-14	2026-03-13		probable title match—review	Void Forged	Read	Audio	2026-03-14	2467686	32776837	B0G1PLBBN5	9781039488410	
Witch of the Shadow Wood﻿	Tori Anne Martin	2026-03-15	2026-03-14		title/author	Witch of the Shadow Wood	Read	Audio	2026-03-15	2126428	32776840	B0FTB8R8C4	9798347830176	
A Wild Radiance	Maria Ingrande Mora	2026-03-15	2026-03-15		title/author	A Wild Radiance	Read	Audio	2026-03-15	2242956	32776909	B0GGYB3PKY	9798217409112	
Night Night Fawn	Jordy Rosenberg	2026-03-15	2026-03-15		identifier	Night Night Fawn	Read	Audio	2026-03-15	2365901	32777256	B0FGK3RLZ5	9798217176533	
Paul Takes the Form of a Mortal Girl	Andrea Lawlor	2026-03-16	2026-03-15		identifier	Paul Takes the Form of a Mortal Girl	Read	Audio	2026-03-16	169276	32396668	1984889729		
Divine Ruin	Margot Douaihy	2026-03-17	2026-03-16		title/author	Divine Ruin	Read	Audio	2026-03-17	1941357	32779583	B0FJZ41956	9798217296163	
Falling with Folded Wings: A LitRPG Progression Fantasy	Plum Parrot	2026-03-17	2026-03-17	unmatched—review candidates								B0BKBKJ55L	9781039416796	Falling with Folded Wings (Book 1): A LitRPG Progression Fantasy / Plum Parrot, Christian J. Gilliland (narrator) [Read; Audio; book 684600] | Earthshaker: A LitRPG Progression Fantasy / Plum Parrot, Robb Moreira (Narrator) [Read; Audio; book 1821351] | Falling with Folded Wings 2 / Plum Parrot, Christian J. Gilliland (narrator) [Read; Audio; book 1822823]
Cack-Handed	Gina Yashere	2026-03-17	2026-03-17	finish date missing/different	probable title match—review	Cack-Handed: A Memoir	Read	Audio	2026-03-03	813030	32756217	0063090813	9780063090811	
Blessed Water	Margot Douaihy	2026-03-17	2026-03-17	finish date missing/different	title/author	Blessed Water	Read	Audio	2026-03-18	1084120	32782559	B0CQTJ2T2W		
Butterfly Effects	Seanan McGuire	2026-03-18	2026-03-17		title/author	Butterfly Effects	Read	Audio	2026-03-18	2187416	32782560	B0F6FM8ZS8	9781250435491	
The Isle in the Silver Sea	Tasha Suri	2026-03-20	2026-03-18		identifier	The Isle in the Silver Sea	Read	Audio	2026-03-20	1686291	32375715	B0DYVVPKTQ	9781668652718	
Black as Diamond	U. M. Agoawike	2026-03-22	2026-03-20		title/author	Black as Diamond	Read	Audio	2026-03-22	2259900	32801452	B0GP2V8ZQ8	9798347036462	
How to Get the Girl and Not Destroy the World	Marie Cardno	2026-03-24	2026-03-22	finish date missing/different	identifier	How to Get the Girl (And Not Destroy the World)	Read	Audio	2026-02-24	1900913	32693550	B0G4SKY5NH	9798331950101	
A Stranger in Olondria	Sofia Samatar	2026-04-01	2026-03-24		title/author	A Stranger in Olondria	Read	Audio	2026-04-01	430989	32822053	B00GSZP39Y		
Wayward: Falling: An Isekai LitRPG	T. A. Star	2026-04-03	2026-04-01		title/author	Wayward: Falling: An Isekai LitRPG	Read	Audio	2026-04-03	2526744	32822088	B0G5HSHH1Q	9781039494213	
The Noob Returns	Ryan Rimmel	2026-04-04	2026-04-03		title/author	The Noob Returns	Read	Audio	2026-04-04	2461721	32744985	B0GHZN9WWQ	9781039499751	
Archmage's Ire	Pirateaba	2026-04-07	2026-04-04	no read audiobook in export	title/author	Archmage's Ire	Read	Ebook	2026-04-07	2237915	32468720	B0GFG5MKRY	9781039448292	
Snake-Eater	T. Kingfisher	2026-04-08	2026-04-08		title/author	Snake-Eater	Read	Audio	2026-04-08	1819354	32399689	B0F5Y78CWP	9781511354479	
The Ballad of Jacquotte Delahaye	Briony Cameron	2026-04-08	2026-04-08		title/author	The Ballad of Jacquotte Delahaye	Read	Audio	2026-04-08	1007317	32909827	B0CLGVFLRC	9781797175515	
Come Home to My Heart	Riley Redgate	2026-04-09	2026-04-08		title/author	Come Home to My Heart	Read	Audio	2026-04-09	2261148	32909828	B0F4RY1H51	9781668653135	
I Love You Don't Die	Jade Song	2026-04-09	2026-04-09		identifier	I Love You Don't Die	Read	Audio	2026-04-09	2191254	32909831	B0FF5H1JR4	9780063433922	
You Should Have Been Nicer to My Mom	Vincent Tirado	2026-04-09	2026-04-09		title/author	You Should Have Been Nicer to My Mom	Read	Audio	2026-04-09	2183086	32909834	B0FD5H5BQX	9780063383265	
When I Was Death	Alexis Henderson	2026-04-10	2026-04-09		title/author	When I Was Death	Read	Audio	2026-04-10	2042045	32909837	B0FD49DX91	9798217279852	
The Last Phi Hunter	Salinee Goldenberg	2026-04-11	2026-04-10		title/author	The Last Phi Hunter	Read	Audio	2026-04-11	971525	32909844	B0CRZ9J5C8	9781666658286	
Way of the Walker	Salinee Goldenberg	2026-04-11	2026-04-11		title/author	Way of the Walker	Read	Audio	2026-04-11	2606353	32909845	B0G8LXYKZY		
Wolf Worm	T. Kingfisher	2026-04-12	2026-04-11		title/author	Wolf Worm	Read	Audio	2026-04-12	2007613	32803504	B0F6FVL4WL	9781250436153	
Trading in Danger	Elizabeth Moon	2026-04-12	2026-04-12		title/author	Trading in Danger	Read	Audio	2026-04-12	441180	32368442	B002V0A9XK	9781400178278	
Marque and Reprisal	Elizabeth Moon	2026-04-13	2026-04-12		title/author	Marque and Reprisal	Read	Audio	2026-04-13	360883	32909848	B002V08GO4	9781400178285	
Engaging the Enemy	Elizabeth Moon	2026-04-14	2026-04-13		title/author	Engaging the Enemy	Read	Audio	2026-04-14	138326	32909853	B002V5CY38	9781400178292	
Command Decision	Elizabeth Moon	2026-04-15	2026-04-14		title/author	Command Decision	Read	Audio	2026-04-15	245569	32909855	B002V1AAK6	9781400178308	
Victory Conditions	Elizabeth Moon	2026-04-16	2026-04-15		title/author	Victory Conditions	Read	Audio	2026-04-16	441179	32909858	B002V0KH64	9781400178315	
Her Cruel Empire	Persephone Black	2026-04-16	2026-04-16		title/author	Her Cruel Empire	Read	Audio	2026-04-16	2486295	32909859	B0GNTW96WM	9798347035656	
The Celestial Seas	T. A. Chan	2026-04-16	2026-04-16		title/author	The Celestial Seas	Read	Audio	2026-04-16	2191171	32909860	B0FGDVMVH4	9798217280797	
How to Lose a Goblin in Ten Days	Jessie Sylva	2026-04-17	2026-04-16		identifier	How to Lose a Goblin in Ten Days: Tales from Hawthorne Cottage	Read	Audio	2026-04-17	1295756	32744983	B0FBCNW33D	9781668655290	
All His Angels Are Starving: A Survival Horror LitRPG	Tess C. Foxes	2026-04-18	2026-04-17		title/author	All His Angels Are Starving: A Survival Horror LitRPG	Read	Audio	2026-04-18	2063610	32909861	B0DSGFWJ4M	9781039481541	
All Her Demons Are Burning: A Survival Horror LitRPG	Tess C. Foxes	2026-04-19	2026-04-18		title/author	All Her Demons Are Burning: A Survival Horror LitRPG	Read	Audio	2026-04-19	2606368	32909866	B0DWZM8CW9	9781039481572	
All Our Worlds Are Crashing: A Survival Horror LitRPG	Tess C. Foxes	2026-04-21	2026-04-19		title/author	All Our Worlds Are Crashing: A Survival Horror LitRPG	Read	Audio	2026-04-21	2606373	32909869	B0G2T5BVQC	9781039481602	
Adversity	Ren Browne	2026-04-21	2026-04-21		title/author	Adversity	Read	Audio	2026-04-21	2570894	32909871	B0GSXPJGJS	9798347039630	
Heart of Dorkness	RavensDagger	2026-04-21	2026-04-21	unmatched—review candidates								B0GT1VNJ6X	9781039487673	Heart of Dorkness, Book 1 / RavensDagger, Karla Serrato (Narrator) [Read; Audio; book 768914] | The Agartha Loop: Loop One / Tess Irondale (Narrator), RavensDagger [Read; Audio; book 1638096] | Heart of Dust / H.L. Moore [Read; Ebook; book 1491861]
The Complicated Love Life of Ivil Antagonist, Empress of Mars	RavensDagger	2026-04-22	2026-04-21		identifier	The Complicated Love Life of Ivil Antagonist, Empress of Mars	Read	Audio	2026-04-22	2530285	32826152	B0GQJS6LM3	9781039487642	
Dead Tired II	Ravensdagger	2026-04-23	2026-04-23		title/author	Dead Tired II	Read	Audio	2026-04-23	1126422	32258180	B0D23972DJ		
Dead Tired III	RavensDagger	2026-04-24	2026-04-23		title/author	Dead Tired III	Read	Audio	2026-04-24	1759544	32258178	B0F4F3BHJW		
Cinnamon Bun	RavensDagger	2026-04-24	2026-04-24		title/author	Cinnamon Bun	Read	Audio	2026-04-24	995374	32909898	1774247828		
Cinnamon Bun: Volume 2	RavensDagger	2026-04-25	2026-04-24	unmatched—review candidates								1774247917		Cinnamon Bun / RavensDagger, Reba Buhr (Narrator) [Read; Audio; book 995374] | Cinnamon Bun 2 / Reba Buhr (Narrator), RavensDagger [Read; Audio; book 500630] | Cinnamon Bun 3 / Reba Buhr (Narrator), RavensDagger [Read; Audio; book 769485]
Cinnamon Bun: Volume 3	RavensDagger	2026-04-26	2026-04-25	unmatched—review candidates								1039404332		Cinnamon Bun / RavensDagger, Reba Buhr (Narrator) [Read; Audio; book 995374] | Cinnamon Bun 3 / Reba Buhr (Narrator), RavensDagger [Read; Audio; book 769485] | Cinnamon Bun 2 / Reba Buhr (Narrator), RavensDagger [Read; Audio; book 500630]
Cinnamon Bun: Volume 4	RavensDagger	2026-04-26	2026-04-26	unmatched—review candidates								B0BLGYBT7B		Cinnamon Bun / RavensDagger, Reba Buhr (Narrator) [Read; Audio; book 995374] | Cinnamon Bun 4 / RavensDagger, Reba Buhr (Narrator) [Read; Audio; book 769309] | Cinnamon Bun 2 / Reba Buhr (Narrator), RavensDagger [Read; Audio; book 500630]
Dead Tired I	RavensDagger	2026-04-27	2026-04-22	unmatched—review candidates								B0CP2T1M1Y		Dead Tired II / Justin Thomas James (Narrator), Dorrie Sacks (Narrator), Jeff Hays (Narrator), Annie Ellicott (Narrator), Gary Furlong (Narrator), RavensDagger [Read; Audio; book 1126422] | Dead Tired III / Justin Thomas James (Narrator), Jeff Hays (Narrator), Annie Ellicott (Narrator), Dorrie Sacks (Narrator), Gary Furlong (Narrator), RavensDagger [Read; Audio; book 1759544] | Dead Tired 1 / RavensDagger, Justin Thomas James (Narrator), Dorrie Sacks (Narrator), Tiana Camacho (Narrator), Jeff Hays (Narrator) [Read; Audio; book 1098729]
Cinnamon Bun: Volume 5	RavensDagger	2026-04-27	2026-04-26	unmatched—review candidates								B0BRBPNWJ9	9781039424876	Cinnamon Bun / RavensDagger, Reba Buhr (Narrator) [Read; Audio; book 995374] | Cinnamon Bun 5 / Reba Buhr (Narrator), RavensDagger [Read; Audio; book 1459848] | Cinnamon Bun 2 / Reba Buhr (Narrator), RavensDagger [Read; Audio; book 500630]
Cinnamon Bun Volume 6: A Wholesome LitRPG	RavensDagger	2026-04-27	2026-04-27		title/author	Cinnamon Bun Volume 6: A Wholesome LitRPG	Read	Audio	2026-04-27	1947383	32251117	B0F9GDM31B	9781039487222	
The Agartha Loop	RavensDagger	2026-04-27	2026-04-27	unmatched—review candidates								B0DDMNXCRB	9781039491700	The Agartha Loop: Loop One / Tess Irondale (Narrator), RavensDagger [Read; Audio; book 1638096] | The Agartha Loop: Loop Two / Tess Irondale (Narrator), RavensDagger [Read; Audio; book 1638076] | Heart of Dorkness, Book 1 / RavensDagger, Karla Serrato (Narrator) [Read; Audio; book 768914]
The Agartha Loop 2	RavensDagger	2026-04-28	2026-04-27	unmatched—review candidates								B0DWZP5QLC	9798895395417	The Agartha Loop: Loop One / Tess Irondale (Narrator), RavensDagger [Read; Audio; book 1638096] | The Agartha Loop: Loop Two / Tess Irondale (Narrator), RavensDagger [Read; Audio; book 1638076] | Stray Cat Strut 2 / RavensDagger [Read; Audio; book 918825]
Sporemageddon Vol. 1	RavensDagger	2026-04-28	2026-04-28	unmatched—review candidates								B0CBNF8GCZ	9781039431508	Sporemageddon / Savy Des-Etages (Narrator), RavensDagger [Read; Audio; book 769366] | Sporemageddon 2 / RavensDagger [Read; Audio; book 1459829] | Sporemageddon Vol. 3: Penicillium / Savy Des-Etages (Narrator), RavensDagger [Read; Audio; book 1948469]
Sporemageddon Vol. 2	RavensDagger	2026-04-29	2026-04-28	unmatched—review candidates								B0CJ5W79QZ		Sporemageddon 2 / RavensDagger [Read; Audio; book 1459829] | Sporemageddon / Savy Des-Etages (Narrator), RavensDagger [Read; Audio; book 769366] | Sporemageddon Vol. 3: Penicillium / Savy Des-Etages (Narrator), RavensDagger [Read; Audio; book 1948469]
Sporemageddon Vol. 3: Penicillium	RavensDagger	2026-04-29	2026-04-29		title/author	Sporemageddon Vol. 3: Penicillium	Read	Audio	2026-04-29	1948469	32104847	B0CZ5CWNZM	9781039434127	
Fluff	RavensDagger	2026-04-30	2026-04-29		title/author	Fluff	Read	Audio	2026-04-30	768892	32909912	B0B69RRPFP		
Fluff 2	RavensDagger	2026-05-01	2026-04-30		title/author	Fluff 2	Read	Audio	2026-05-01	769278	32909913	B0BS1V5RXQ		
Fluff 3: A Wholesome LitRPG	RavensDagger	2026-05-01	2026-05-01		title/author	Fluff 3: A Wholesome LitRPG	Read	Audio	2026-05-01	2390115	32656105	B0GBY9FXPF	9781039486225	
Magical Girl Crystal Genocide	RavensDagger	2026-05-01	2026-05-01		probable title match—review	Magical Girl Crystal Genocide: Making Friends After Causing the Apocalypse!	Read	Audio	2026-05-01	1459830	32257843	B0F4LXZJGB		
Fluff	RavensDagger	2026-05-01	2026-05-01	finish date missing/different	title/author	Fluff	Read	Audio	2026-04-30	768892	32909912	B0B69RRPFP	9781039413733	
Love Crafted	RavensDagger	2026-05-02	2026-05-01		title/author	Love Crafted	Read	Audio	2026-05-02	769337	32909946	1039402666		
When There Are Wolves Again	E. J. Swift	2026-05-03	2026-05-02		title/author	When There Are Wolves Again	Read	Audio	2026-05-03	1872367	32909949	B0F74T9V5D	9781529436464	
Splinter Angel: Book 1	Avaritiabona	2026-05-03	2026-05-03		title/author	Splinter Angel: Book 1	Read	Audio	2026-05-03	2065615	32251168	B0FMS7DLCX		
Splinter Angel: Book 2	Avaritiabona	2026-05-04	2026-05-03		title/author	Splinter Angel: Book 2	Read	Audio	2026-05-04	2102554	32909951	B0GPFCJMX1		
Platform Decay	Martha Wells	2026-05-05	2026-05-05		title/author	Platform Decay	Read	Audio	2026-05-05	1989398	32893907	B0GJ6MQLKJ	9781705041031	
Hunting and Herbalism: A Druid LitRPG	Leif Roder, Synonymoose	2026-05-05	2026-05-04		title/author	Hunting and Herbalism: A Druid LitRPG	Read	Audio	2026-05-05	2065267	32250696	B0DLHFSXZ7	9781039474949	
Hunting and Herbalism 2: A Druid LitRPG	Leif Roder, Synonymoose	2026-05-06	2026-05-05		title/author	Hunting and Herbalism 2: A Druid LitRPG	Read	Audio	2026-05-06	2065268	32250698	B0DNKMNM31	9781039474970	
Hunting and Herbalism 3: A Druid LitRPG	Leif Roder, Synonymoose	2026-05-07	2026-05-06		probable title match—review	Hunting and Herbalism 3	Read	Audio	2026-05-07	2065269	32250703	B0FDC9QVT5	9781039475007	
Fleabag 3: A Monster Evolution LitRPG	SomeoneToForget	2026-05-08	2026-05-07	unmatched—review candidates								B0G3YMPVJ5	9781039442672	Fleabag: A Monster Evolution LitRPG / SomeoneToForget [Read; Book; book 1173884] | Fleabag 2: A Monster Evolution LitRPG / SomeoneToForget, Armen Taylor (Narrator) [Read; Audio; book 2224716] | Fleabag 3: A Monster Evolution LitRPG: Fleabag, Book 3 / SomeoneToForget, Armen Taylor (Narrator) [Read; Audio; book 2606503]
The Maiden and Her Monster	Maddie Martinez	2026-05-09	2026-05-08		identifier	The Maiden and Her Monster	Read	Audio	2026-05-09	1651233	32248281	B0DRPPFGSM	9781250417848	
This Book Sucks	Piper CJ	2026-05-09	2026-05-09		identifier	This Book Sucks	Read	Audio	2026-05-09	1718169	32910043	B0GT1PSSS1	9798347040490	
Japanese Gothic	Kylie Lee Baker	2026-05-10	2026-05-09		title/author	Japanese Gothic	Read	Audio	2026-05-10	2101034	32910045	B0FR69VKMH	9781488237331	
Briefly, A Delicious Life	Nell Stevens	2026-05-10	2026-05-10		title/author	Briefly, A Delicious Life	Read	Audio	2026-05-10	512805	32869732	B09M6FT6V6	9781797143019	
Thrall	Rebecca Mahoney	2026-05-11	2026-05-10		title/author	Thrall	Read	Audio	2026-05-11	2189744	32910057	B0FTZZM46V		
This Vicious Hunger	Francesca May	2026-05-12	2026-05-11		title/author	This Vicious Hunger	Read	Audio	2026-05-12	1906041	32338175	B0DPLHQQN5	9781668650189	
A Parade of Horribles	Matt Dinniman	2026-05-13	2026-05-12		identifier	A Parade of Horribles	Read	Audio	2026-05-13	1817542	32763102	B0FXY6DVJS	9798350448757	
Aunt Tigress	Emily Yu-Xuan Qin	2026-05-15	2026-05-13		title/author	Aunt Tigress	Read	Audio	2026-05-15	1540744	31990794	B0DKGXKSSK		
Final Draft	Riley Redgate	2026-05-16	2026-05-15		title/author	Final Draft	Read	Audio	2026-05-16	141817	32912741	B07DPTHFJT		
Moth Dark	Kika Hatzopoulou	2026-05-18	2026-05-16		title/author	Moth Dark	Read	Audio	2026-05-18	1881361	32914929	B0DWBVBR31	9798217080793	
A Practical Guide to Evil I	David Verburg	2026-05-20	2026-05-18		identifier	A Practical Guide to Evil I	Read	Audio	2026-05-20	2072287	32217542	B0FG4LG58Q	9798349103513	
Calla Falling	Tallie Rose	2026-05-21	2026-05-20		identifier	Calla Falling	Read	Audio	2026-05-21	1190863	33239225	B0CBCXQG2T		
Hell's Heart	Alexis Hall	2026-05-23	2026-05-21		identifier	Hell's Heart	Read	Audio	2026-05-23	1925307	33239244	B0F9LSXTBV	9781250411624	
Sweetbitter Song	Rosie Hewlett	2026-05-25	2026-05-23		identifier	Sweetbitter Song	Read	Audio	2026-05-25	2235750	33239245	B0GD2CZZZH	9798899745898	
The Original	Nell Stevens	2026-05-27	2026-05-12		identifier	The Original	Read	Audio	2026-05-27	1775722	33239343	B0F1Z3P3XS	9798228487291	
The Duke	Anna Cowan	2026-05-27	2026-05-27		identifier	The Duke	Read	Audio	2026-05-27	2168402	33239344	B0F3KYTZ58	9781250415882	
Dead Weight	Hildur Knútsdóttir, Mary Robinette Kowal - translator	2026-05-28	2026-05-27		identifier	Dead Weight	Read	Audio	2026-05-28	2084634	33230051	B0FML8D6TY	9781250446978	
Funeral Song	Carly Racklin	2026-05-29	2026-05-28		identifier	Funeral Song	Read	Audio	2026-05-29	2189828	33239887	B0GYZLS1FX	9781639512607	
Homebound	Portia Elan	2026-06-01	2026-05-29		identifier	Homebound	Read	Audio	2026-06-01	2187680	32886468	B0FVYL9B7N	9781668138922	
Audition for the Fox	Martin Cahill	2026-06-03	2026-06-01		identifier	Audition for the Fox	Read	Audio	2026-06-03	2024879	32377634	B0FG8FFHP9	9798899732768	
Learning Curves	Rachel Lacey	2026-06-04	2026-06-03		identifier	Learning Curves	Read	Audio	2026-06-04	1958349	32726001	B0F39X9TFV	9781511353731	
Magical Girl Mechanical Heart: Volume 1	Natalie Maher	2026-06-07	2026-06-04		identifier	Magical Girl Mechanical Heart: Volume 1	Read	Audio	2026-06-07	1947394	33239958	B0FRPX15HB		
Maybe Tomorrow I'll Know	Alex Ritany	2026-06-08	2026-06-07		identifier	Maybe Tomorrow I'll Know: A Novel	Read	Audio	2026-06-08	2191210	33240017	B0GPFK6TXZ	9798349163609	
Save Scumming, Book 1	RavensDagger	2026-06-09	2026-06-09		identifier	Save Scumming	Read	Audio	2026-06-09	2653569	32960630	B0H1S7PGKV		
Couriers Outbound	Pirateaba	2026-06-13	2026-06-09		identifier	Couriers Outbound	Read	Audio	2026-06-13	2513601	33002678	B0GNTGPLSN	9798895391365	
Bone of My Bone	Johanna van Veen	2026-06-13	2026-06-13		identifier	Bone of My Bone	Read	Audio	2026-06-13	2182420	32984241	B0GZ4Y7NPH	9798331906641	
Inkpot Gods	Seanan McGuire	2026-06-15	2026-06-13		identifier	Inkpot Gods	Read	Audio	2026-06-15	2235779	33240019	B0GVTNNDFJ		
Body Count	Codie Crowley	2026-06-17	2026-06-15		identifier	Body Count	Read	Audio	2026-06-17	2189748	33240084	B0GQCVY3H5	9798891781764	
They Bloom at Night	Trang Thanh Tran	2026-06-21	2026-06-18		identifier	They Bloom at Night	Read	Audio	2026-06-21	1203186	32423225	B0DWXZX1D6	9781547615995	
Bunny Girl Evolution 1	Sir Bedivere the Mad	2026-06-22	2026-06-21		identifier	Bunny Girl Evolution 1	Read	Audio	2026-06-22	1947381	32104254	B0FDBJG31C		
Bunny Girl Evolution 2	Sir Bedivere the Mad	2026-06-23	2026-06-22		identifier	Bunny Girl Evolution 2	Read	Audio	2026-06-23	2080830	33240100	B0GSXD1GNC		
Magical Girl Mechanical Heart, Volume 2	Natalie Maher	2026-06-24	2026-06-23		identifier	Magical Girl Mechanical Heart: Volume 2	Read	Audio	2026-06-24	2811672	33240101	B0H4HRT1CB		
The Primal Hunter 14	Zogarth	2026-06-25	2026-06-24		identifier	The Primal Hunter 14	Read	Audio	2026-06-25	1975380	33000889	B0H1NGTHHS		
Hench	Natalie Zina Walschots	2026-06-26	2026-06-25		identifier	Hench	Read	Audio	2026-06-26	433504	31969631	0062978608	9780062978608	
Villain	Natalie Zina Walschots	2026-06-27	2026-06-26		identifier	Villain	Read	Audio	2026-06-27	972070	33240108	B0CRS22TND	9780063236967	
Vainglory 3	Plum Parrot	2026-06-28	2026-06-27		identifier	Vainglory 3: A LitRPG Adventure	Read	Audio	2026-06-28	2489777	33240109	B0H3W2X65R		
Darksight Dare	Lois McMaster Bujold	2026-06-28	2026-06-28		identifier	Darksight Dare	Read	Audio	2026-06-28	2525047	33240110	B0GZHYFMWL	9798228994164	
Cinnamon Bun Volume 7: A Wholesome LitRPG	RavensDagger	2026-06-29	2026-06-28		identifier	Cinnamon Bun Volume 7: A Wholesome LitRPG	Read	Audio	2026-06-29	2065586	32251120	B0FHL4HQBR	9781039487239	
The Girl Who Bit Me	Valerie Hunter	2026-06-30	2026-06-29		identifier	The Girl Who Bit Me: A Spicy Sapphic Vampire Romance	Read	Audio	2026-06-30	2403126	33240120	B0H4HQT8RN		
Goddess Alchemy	Rain Harlow	2026-07-03	2026-07-01		identifier	Goddess Alchemy	Read	Audio	2026-07-03	2905536	33240121	B0GD8VLV5P		
Andy in the Apocalypse	Plum Parrot	2026-07-04	2026-07-03		identifier	Andy in the Apocalypse	Read	Audio	2026-07-04	2608504	32956134	B0GLQTDFKK		
Welcome to the Blast	Plum Parrot	2026-07-05	2026-07-04		identifier	Welcome to the Blast	Read	Audio	2026-07-05	2811894	33240123	B0G1D3NZLJ	9798347014200	
Heroics 101: A Superhero Slice-of-Life LitRPG	Aest Belequa	2026-07-07	2026-07-05		identifier	Heroics 101	Read	Audio	2026-07-07	2383942	33240131	B0D3264W7N		
Dressed to Kill: A Monster Seamstress LitRPG	Crown Fall	2026-07-08	2026-07-07		identifier	Dressed to Kill: A Monster Seamstress LitRPG	Read	Audio	2026-07-08	1459802	33202786	B0CR6NPFT2	9781039437357	
Andy in the Apocalypse 2	Plum Parrot	2026-07-10	2026-07-08		identifier	Andy in the Apocalypse 2: A LitRPG Adventure	Read	Audio	2026-07-10	2873940	33240133	B0H5RH8CML		
Lost Souls and a Demoness 2	N.C. Lux	2026-07-14	2026-07-11		identifier	Lost Souls and a Demoness 2: A LitRPG Adventure	Read	Audio	2026-07-14	2065318	32762524	B0G2T375WC		
Lost Souls and a Demoness 1	N. C. Lux	2026-07-14	2026-07-10		identifier	Lost Souls and a Demoness 1: A LitRPG Adventure	Read	Audio	2026-07-14	2059425	32250757	B0F4Z71MY4		
Love, Gods and Sinners	Camille Chong	2026-07-17	2026-07-14		title/author	Love, Gods and Sinners	Read	Audio	2026-07-17	1565644	33240172			
Dressed to Kill 2: A Monster Seamstress LitRPG	Crown Fall	2026-07-18	2026-07-17		identifier	Dressed to Kill 2: A Monster Seamstress LitRPG	Read	Audio	2026-07-18	2500934	33202787	B0FFD262Q3	9781039437364	
The Mercy Makers	Tessa Gratton	2026-07-20	2026-07-18		identifier	The Mercy Makers	Read	Audio	2026-07-20	1644467	33240173	B0DKGBNRKZ	9781668649916	
The Shape of Monsters	Tessa Gratton	2026-07-25	2026-07-20		identifier	The Shape of Monsters	Read	Audio	2026-07-25	2586797	33240174	B0FY82H2RX	9781668657744	
The Red Sacrament	Sara Hinkley	2026-07-31	2026-07-25		identifier	The Red Sacrament	Read	Audio	2026-07-31	2189786	33240176	B0GTN8YYX4	9798349165719	
The Water Outlaws	S. L. Huang	2026-08-05	2026-07-31		identifier	The Water Outlaws	Read	Audio	2026-08-05	465101	31719409	B0BSB2DVDQ		
Green Crime	Julia Shaw	2026-08-07	2026-08-05		identifier	Green Crime	Read	Audio	2026-08-07	2190432	33240187	B0FW5T4J31	9781645023814	
Bi	Julia Shaw	2026-08-07	2026-08-07		identifier	Bi: The Hidden Culture, History, and Science of Bisexuality	Read	Audio	2026-08-07	548921	33240188	B0B2KQ2HPT	9781705077559	
The Memory Illusion	Julia Shaw	2026-08-09	2026-08-07		identifier	The Memory Illusion: Remembering, Forgetting, and the Science of False Memory	Read	Audio	2026-08-09	1162044	31435320	B01E9E62P4		
The Devils	Joe Abercrombie	2026-08-15	2026-08-09		identifier	The Devils	Read	Audio	2026-08-15	1088816	32879206	B0CXY69BBB		
The Orb of Cairado	Katherine Addison	2026-08-15	2026-08-15		identifier	The Orb of Cairado	Read	Audio	2026-08-15	1670199	32822493	B0FXYQ65TK	9798331989484	
Meet Me in the Garden	Nina LaCour	2026-08-18	2026-08-16		identifier	Meet Me In the Garden: A Novel	Read	Audio	2026-08-18	2269324	33240194	B0FP3VKX27	9781250444158	
Lancer: An Epic Sci-Fi Adventure	T. R. More	2026-08-25	2026-08-18		identifier	Lancer: An Epic Sci-Fi Adventure	Read	Audio	2026-08-25	2059434	33240195	B0DSGJCL1G	9781039474802	
Stray Cat Strut 8: A Cyberpunk LitRPG	RavensDagger	2026-08-28	2026-08-25		identifier	Stray Cat Strut 8	Read	Audio	2026-08-28	2475074	32763074	B0GLT6CK5Z	9781039487215	
Splinter Angel: Book 3	Avaritiabona	2026-08-29	2026-08-28		identifier	Splinter Angel: Book 3	Read	Audio	2026-08-29	2530351	33240198	B0H8QFYRKV		
The Divine Gardener's Handbook	Eli Snow	2026-09-01	2026-08-29	finish date missing/different	identifier	The Divine Gardener's Handbook	Read	Audio	2026-09-09,2026-09-01	2243066	33285151	B0FS9KJM2H	9781250445124	
Katalepsis: Volume 1	Hazel Young	2026-09-05	2026-09-01		identifier	Katalepsis: Volume 1	Read	Audio	2026-09-05	1913340	33285153	B0BDNYCNK2	9781039414884	
Ignore All Previous Instructions	Ada Hoffmann	2026-09-06	2026-09-05		identifier	Ignore All Previous Instructions	Read	Audio	2026-09-06	2284647	32983183	B0GQD2YH4D	9798899732737	
Motherclown	Harriet Alida Lye	2026-09-07	2026-09-06		title/author	Motherclown	Read	Audio	2026-09-07	2645624	33285162			
Heliacle Rising: The Wytchling Chronicles	C. C Davie	2026-09-09	2026-09-07		identifier	Heliacle Rising	Read	Audio	2026-09-09	1010755	33285168	B0BSNYF1NQ		
Dead Silence	S.A. Barnes	2026-09-10	2026-09-09	not marked read; no read audiobook in export; finish date missing/different	identifier	Dead Silence	Currently Reading	Audio		475184	32143561	1250841348	9781250841346	
