title	author	abs_finished	abs_started	issues	match	hardcover_title	status	media	hardcover_finished	book_id	edition_id	asin	isbn	candidates
Bloom	Delilah S. Dawson	2025-01-10	2025-01-10	no read audiobook in export	title/author	Bloom	Read	Book	2025-01-10	838564	30851701	B0CYMQJ7H3		
The Traitor Baru Cormorant	Seth Dickinson	2025-01-12	2025-01-11	no read audiobook in export	title/author	The Traitor Baru Cormorant	Read	Book	2025-01-12	441070	25267282	B014JUKKYM		
I Who Have Never Known Men	Jacqueline Harpman	2025-01-15	2025-01-15	no read audiobook in export; finish date missing/different	title/author	I Who Have Never Known Men	Read	Book	2025-01-16	498097	30446998	1529191440		
World Running Down	Al Hess	2025-01-18	2025-01-15	no read audiobook in export; finish date missing/different	title/author	World Running Down	Read	Book	2025-01-16	647337	30626715	B0C25C1QX3		
The Weight of Ink	Rachel Kadish	2025-01-18	2025-01-16	no read audiobook in export; finish date missing/different	probable title match—review	The Weight of Ink	Read	Book	2025-01-17	431465	32164635	B0CTSQBMS2		
The Luminous Dead	Caitlin Starling	2025-01-26	2025-01-25	no read audiobook in export	title/author	The Luminous Dead	Read	Book	2025-01-26	448080	30912658	0062898337		
This Is Real and You Are Completely Unprepared	Alan Lew, Norman Fischer - foreword	2025-01-29	2025-01-29	no read audiobook in export	probable title match—review	This Is Real and You Are Completely Unprepared: The Days of Awe as a Journey of Transformation	Read	Book	2025-01-29	18163	17329222	B07F2MJ86H		
The Senator's Wife	Jen Lyon	2025-01-31	2025-01-30	no read audiobook in export; finish date missing/different	title/author	The Senator's Wife	Read	Ebook	2025-01-27	903069	30925097	B0CJ5XXCWH		
Caught Sleeping	Jen Lyon	2025-02-01	2025-01-31	no read audiobook in export; finish date missing/different	title/author	Caught Sleeping	Read	Ebook	2025-01-31	1264955	31290008	B0CPNSLJV9		
The Monster Baru Cormorant	Seth Dickinson	2025-06-27	2025-06-27	no read audiobook in export; finish date missing/different	title/author	The Monster Baru Cormorant	Read	Book	2025-02-05	118479	30405457	125031092X	9781250310927	
Against the Inquisition	Marcos Aguinis, Carolina De Robertis - translator	2025-02-06	2025-02-02	no read audiobook in export	title/author	Against the Inquisition	Read	Book	2025-02-06	487722	30434535	B07D9TTLZN		
Single Player	Tara Tai	2025-02-13	2025-02-13	no read audiobook in export; finish date missing/different	probable title match—review	Single Player	Read	Book	2025-02-14	1402075	31891140	B0DDMPYRK8		
Hammajang Luck	Makana Yamamoto	2025-02-17	2025-02-16	no read audiobook in export; finish date missing/different	title/author	Hammajang Luck	Read	Book	2025-02-18	1231119	31755203	B0D5KV534V		
Homeward	Angela Jackson-Brown	2025-02-23	2025-02-23	no read audiobook in export	title/author	Homeward	Read	Book	2025-02-23	880782	30899593	B0BZT7RB3P		
The Other March Sisters	Linda Epstein, Liz Parker, Ally Malinenko	2025-02-28	2025-02-27	no read audiobook in export	probable title match—review	The Other March Sisters	Read	Book	2025-02-28	1594487	31913571	B0DVD1F88M		
The Phoenix Empress	K. Arsenault Rivera	2025-03-02	2025-03-01	no read audiobook in export; finish date missing/different	title/author	The Phoenix Empress	Read	Book	2025-03-03	485005	31913557	B07HGDL75T		
The Warrior Moon	K. Arsenault Rivera	2025-03-05	2025-03-02	no read audiobook in export	title/author	The Warrior Moon	Read	Book	2025-03-05	465387	31913589	B07Y8PV55W		
House of Crimson Curses	Ruby Roe	2025-03-08	2025-03-07	no read audiobook in export	title/author	House of Crimson Curses	Read	Ebook	2025-03-08	1726588	31826802	B0DTBSRVNT		
The Unbroken	C.L. Clark	2025-05-05	2025-05-05	no read audiobook in export; finish date missing/different	title/author	The Unbroken	Read	Book	2025-01-07	428981	15344711	1549133861		
The Whispering Dark	Kelly Andrew	2025-03-13	2025-03-11	no read audiobook in export	title/author	The Whispering Dark	Read	Book	2025-03-13	513331	30465712	B0B5YM97FR		
He Who Drowned the World	Shelley Parker-Chan	2025-06-30	2025-06-30	no read audiobook in export; finish date missing/different	title/author	He Who Drowned the World	Read	Book	2025-03-16	1029526	31053978	B0BXQ7L7G6	9781529043471	
The Thousand Eyes	A. K. Larkwood	2025-03-19	2025-03-17	no read audiobook in export; finish date missing/different	identifier	The Thousand Eyes	Read	Book	2025-03-20	465272	32164686	1250807883		
The Bruising of Qilwa	Naseem Jamnia	2025-03-19	2025-03-19	no read audiobook in export; finish date missing/different	title/author	The Bruising of Qilwa	Read	Book	2025-03-20	512321	30464615	B0BLJ29Y83		
Fire logic	Laurie J. Marks	2025-06-30	2025-06-30	no read audiobook in export; finish date missing/different	title/author	Fire Logic	Read	Book	2025-03-21	101571	17323921			
Tigana	Guy Gavriel Kay	2025-03-26	2025-03-23	no read audiobook in export; finish date missing/different	title/author	Tigana	Read	Book	2025-03-27	432215	14299413	198009036X		
Dungeon Crawler Carl	Matt Dinniman	2025-03-27	2025-03-26	no read audiobook in export	title/author	Dungeon Crawler Carl	Read	Ebook	2025-03-27	446681	30407789	B08V8B2CGV		
The Primal Hunter 10	Zogarth	2025-03-28	2025-03-28	no read audiobook in export; finish date missing/different	title/author	The Primal Hunter 10	Read	Ebook		1390898	31418098	B0DK41WV5K		
The Primal Hunter 9: A LitRPG Adventure	Zogarth	2025-03-28	2025-03-28	no read audiobook in export; finish date missing/different	probable title match—review	The Primal Hunter 9	Read	Ebook		1175710	31229730	B0D6H2N1YL		
The Primal Hunter 8	Zogarth	2025-03-28	2025-03-28	no read audiobook in export; finish date missing/different	title/author	The Primal Hunter 8	Read	Ebook		1160718	31225984	B0CQYVL43H		
The Primal Hunter 7 - A LitRPG Adventure	Zogarth	2025-03-28	2025-03-28	no read audiobook in export; finish date missing/different	probable title match—review	The Primal Hunter 7	Read	Ebook		1093424	31229957	B0CLNJQQD7		
The Primal Hunter 6	Zogarth	2025-03-28	2025-03-28	no read audiobook in export; finish date missing/different	title/author	The Primal Hunter 6	Read	Book		1093426	31117444	B0CC6FHBQM		
The Primal Hunter 5	Zogarth	2025-03-28	2025-03-28	no read audiobook in export; finish date missing/different	title/author	The Primal Hunter 5	Read	Book		638217	30616101	B0C34GCYVT		
The Primal Hunter 3	Zogarth	2025-03-28	2025-03-28	no read audiobook in export; finish date missing/different	title/author	The Primal Hunter 3	Read	Book		995246	31019999	B0B6JM8KKV		
The Primal Hunter 2	Zogarth	2025-03-28	2025-03-28	no read audiobook in export; finish date missing/different	title/author	The Primal Hunter 2	Read	Book		587445	30554096	B09V5RZFDG		
The Primal Hunter	Zogarth	2025-03-28	2025-03-28	no read audiobook in export; finish date missing/different	title/author	The Primal Hunter	Read	Book	2024-11-04	587435	30554086	B09MWP4277		
The Primal Hunter 11	Zogarth	2025-03-29	2025-03-28	no read audiobook in export	title/author	The Primal Hunter 11	Read	Ebook	2025-03-29	1450207	31491621	B0DWG4J2SH		
The Weaver and the Witch Queen	Genevieve Gornichec	2025-03-30	2025-03-29	no read audiobook in export	title/author	The Weaver and the Witch Queen	Read	Book	2025-03-30	770904	30772732	B0BLZS8KCT		
A Broken Blade	Melissa Blair	2025-03-31	2025-03-30	no read audiobook in export; finish date missing/different	title/author	A Broken Blade	Read	Ebook	2025-04-01	531621	30486720	B0B3GB8FYT		
A Shadow Crown	Melissa Blair	2025-04-02	2025-04-01	no read audiobook in export	title/author	A Shadow Crown	Read	Book	2025-04-02	713429	31756761	B0BV8ZH4MN		
Bianca Torre Is Afraid of Everything	Justine Pucella Winans	2025-04-04	2025-04-03	no read audiobook in export	title/author	Bianca Torre Is Afraid of Everything	Read	Book	2025-04-04	454010	30408716	B0B7CQ7CLD		
Afterlove	Tanya Byrne	2025-04-04	2025-04-04	no read audiobook in export; finish date missing/different	identifier	Afterlove	Read	Book	2025-04-05	451957	31938123	1444962469		
You Exist Too Much	Zaina Arafat	2025-04-06	2025-04-05	no read audiobook in export	title/author	You Exist Too Much	Read	Book	2025-04-06	436333	21249776	1696601614		
The Falling in Love Montage	Ciara Smyth	2025-04-08	2025-04-07	no read audiobook in export	title/author	The Falling in Love Montage	Read	Ebook	2025-04-08	441551	20420903	0063012553		
Ophelia After All	Racquel Marie	2025-04-12	2025-04-11	no read audiobook in export; finish date missing/different	probable title match—review	Ophelia After All	Read	Book	2025-04-13	455367	31673825	B09JYKJ4VM		
Mistakes Were Made	Meryl Wilsner	2025-04-17	2025-04-15	no read audiobook in export	title/author	Mistakes Were Made	Read	Book	2025-04-17	504004	30454215	B09Q74K9DR		
To the Bone	Alena Bruzas	2025-04-28	2025-04-28	no read audiobook in export; finish date missing/different	title/author	To the Bone	Read	Book	2025-01-18	1463352	31507600	B0CQ8Y671Z		
All the Bad Apples	Moïra Fowley-Doyle	2025-04-29	2025-04-28	no read audiobook in export; finish date missing/different	title/author	All the Bad Apples	Read	Book	2025-04-30	451272	5867129	059310613X		
All the Hearts You Eat	Hailey Piper	2025-05-02	2025-04-30	no read audiobook in export	probable title match—review	All the Hearts You Eat	Read	Book	2025-05-02	1195091	32164640	B0CYF1XVFS		
The Name-Bearer	Natalia Hernandez	2025-05-04	2025-05-04	no read audiobook in export; finish date missing/different	title/author	The Name-Bearer	Read	Book	2025-05-05	465215	30558066	B0CFBFHFV3		
The Tyrant Baru Cormorant	Seth Dickinson	2025-05-05	2025-05-05	no read audiobook in export; finish date missing/different	identifier	The Tyrant Baru Cormorant	Read	Book	2025-02-07	440878	31913595	1250264189		
The Follower of Flowers	Natalia Hernandez	2025-05-05	2025-05-04	no read audiobook in export	title/author	The Follower of Flowers	Read	Book	2025-05-05	1112763	31267681	B0CNQSZLYW		
Oath of Fire	K. Arsenault Rivera	2025-05-07	2025-05-07	no read audiobook in export; finish date missing/different	probable title match—review	Oath of Fire	Read	Book	2025-05-09	1160415	32164698	B0CQ8WVJGL		
Starling Days	Rowan Hisayo Buchanan	2025-05-10	2025-05-09	no read audiobook in export; finish date missing/different	title/author	Starling Days	Read	Book	2025-05-12	452004	32164632	109413807X		
All My Mother's Lovers	Ilana Masad	2025-05-11	2025-05-11	no read audiobook in export; finish date missing/different	identifier	All My Mother's Lovers	Read	Book	2025-01-11	456676	31913599	0593211111		
Thirst	Marina Yuszczuk, Heather Cleary - translator	2025-05-12	2025-05-12	no read audiobook in export	title/author	Thirst	Read	Ebook	2025-05-12	1061518	31085639	B0CB98N62J		
Sister, Maiden, Monster	Lucy A. Snyder	2025-05-12	2025-05-12	no read audiobook in export; finish date missing/different	probable title match—review	Sister, Maiden, Monster	Read	Book	2025-05-13	584716	31880259	B0B1KHB8LB		
The Mermaid, the Witch, and the Sea	Maggie Tokuda-Hall	2025-05-15	2025-05-14	no read audiobook in export	title/author	The Mermaid, the Witch, and the Sea	Read	Book	2025-05-15	111330	31112267	1799748537		
Willa & Hesper	Amy Feltman	2025-05-18	2025-05-17	no read audiobook in export	title/author	Willa & Hesper	Read	Book	2025-05-18	449682	32164679	1478999810		
Tryst Six Venom	Penelope Douglas	2025-05-18	2025-05-18	no read audiobook in export	title/author	Tryst Six Venom	Read	Book	2025-05-18	506111	30457149	B09KP18PC2		
The Safekeep	Yael van der Wouden	2025-05-19	2025-05-19	no read audiobook in export; finish date missing/different	probable title match—review	The Safekeep	Read	Book	2025-01-05	1083952	31913555	B0CLFFDC9D		
The Wandering Inn	Pirateaba	2025-05-19	2025-05-19	no read audiobook in export; finish date missing/different	title/author	The Wandering Inn	Read	Ebook		446694	31126148	1774240327		
Fae and Fare	Pirateaba	2025-05-19	2025-05-19	no read audiobook in export; finish date missing/different	title/author	Fae and Fare	Read	Ebook		446699	30407810	1774241544		
Flowers of Esthelm	Pirateaba	2025-05-19	2025-05-19	no read audiobook in export; finish date missing/different	title/author	Flowers of Esthelm	Read	Ebook		898265	30919996	1774248123		
The Last Light	Pirateaba	2025-05-19	2025-05-19	no read audiobook in export; finish date missing/different	title/author	The Last Light	Read	Ebook		646503	30625722	B09FR6RBVY		
Blood of Liscor	Pirateaba	2025-05-19	2025-05-19	no read audiobook in export; finish date missing/different	title/author	Blood of Liscor	Read	Book		707984	30698682	B0BDP2WRX7		
The Wind Runner	Pirateaba	2025-05-19	2025-05-19	no read audiobook in export; finish date missing/different	title/author	The Wind Runner	Read	Ebook		1080261	31104310	B0C82TS539		
The Titan of Baleros	Pirateaba	2025-05-19	2025-05-19	no read audiobook in export; finish date missing/different	title/author	The Titan of Baleros	Read	Ebook		1080265	31104314	B0CFRKVQJ5		
The Empress of Beasts	Pirateaba	2025-05-19	2025-05-19	no read audiobook in export; finish date missing/different	title/author	The Empress of Beasts	Read	Ebook		1494206	31525707	B0D7F6BZBC		
Hearing Red	Nicole Maser	2025-05-19	2025-05-19	no read audiobook in export; finish date missing/different	title/author	Hearing Red	Read	Book	2025-01-10	1375141	31400189	B0DM9STYKM		
Scorched Grace	Margot Douaihy	2025-05-19	2025-05-19	no read audiobook in export; finish date missing/different	title/author	Scorched Grace	Read	Book	2024-12-28	629297	30605528	B0BN6MJSC5		
Leviathan Wakes	James S. A. Corey	2025-05-19	2025-05-19	no read audiobook in export; finish date missing/different	title/author	Leviathan Wakes	Read	Book		427621	30552943	B00P9XDQFY		
Caliban's War	James S. A. Corey	2025-05-19	2025-05-19	no read audiobook in export; finish date missing/different	title/author	Caliban's War	Read	Book		434434	29504130	B075DK95GS		
Abaddon's Gate	James S. A. Corey	2025-05-19	2025-05-19	no read audiobook in export; finish date missing/different	title/author	Abaddon's Gate	Read	Book		430976	23959925	B00T6ODYMC		
Cibola Burn	James S. A. Corey	2025-05-19	2025-05-19	no read audiobook in export; finish date missing/different	title/author	Cibola Burn	Read	Book		431006	30557817	B00K7PP15W		
Nemesis Games	James S. A. Corey	2025-05-19	2025-05-19	no read audiobook in export; finish date missing/different	title/author	Nemesis Games	Read	Book		431010	30559887	B00Y1O1FYG		
Babylon's Ashes	James S. A. Corey	2025-05-19	2025-05-19	no read audiobook in export; finish date missing/different	title/author	Babylon's Ashes	Read	Book		430940	1488067	B01D53NPLO		
Strange Dogs	James S. A. Corey	2025-05-19	2025-05-19	no read audiobook in export; finish date missing/different	title/author	Strange Dogs	Read	Book		431017	30400895	B073X5V27J		
Persepolis Rising	James S. A. Corey	2025-05-19	2025-05-19	no read audiobook in export; finish date missing/different	title/author	Persepolis Rising	Read	Book		430938	30444881	B074XM52YQ	9781501965630	
Auberon	James S. A. Corey	2025-05-19	2025-05-19	no read audiobook in export; finish date missing/different	title/author	Auberon	Read	Ebook		430999	30448357	1549170090		
Tiamat's Wrath	James S. A. Corey	2025-05-19	2025-05-19	no read audiobook in export; finish date missing/different	title/author	Tiamat's Wrath	Read	Book	2025-12-15	430977	14025078	1980006520		
Our Wives Under the Sea	Julia Armfield	2025-05-19	2025-05-19	no read audiobook in export; finish date missing/different	title/author	Our Wives Under the Sea	Read	Book	2025-01-25	473719	30394770	B09VTK47Q2	9781529017236	
Blood Bound	Patricia Briggs	2025-05-19	2025-05-19	no read audiobook in export; finish date missing/different	title/author	Blood Bound	Read	Ebook		244394	30536920	B002V1AG7S		
Iron Kissed	Patricia Briggs	2025-05-19	2025-05-19	no read audiobook in export; finish date missing/different	title/author	Iron Kissed	Read	Book		476895	5319772	B002V8MOTY		
Bone Crossed	Patricia Briggs	2025-05-19	2025-05-19	no read audiobook in export; finish date missing/different	title/author	Bone Crossed	Read	Book		430125	28811959	B002V9Z4SQ		
Silver Borne	Patricia Briggs	2025-05-19	2025-05-19	no read audiobook in export; finish date missing/different	title/author	Silver Borne	Read	Book		286218	30400509	B003C1UL94		
River Marked	Patricia Briggs	2025-05-19	2025-05-19	no read audiobook in export; finish date missing/different	title/author	River Marked	Read	Book		459761	31320601	B004O416JW		
Frost Burned	Patricia Briggs	2025-05-19	2025-05-19	no read audiobook in export; finish date missing/different	title/author	Frost Burned	Read	Book		473412	30400510	B00BL7ZMTK		
Night Broken	Patricia Briggs	2025-05-19	2025-05-19	no read audiobook in export; finish date missing/different	title/author	Night Broken	Read	Book		430206	30536938	B00I2WV0WA		
Fire Touched	Patricia Briggs	2025-05-19	2025-05-19	no read audiobook in export; finish date missing/different	title/author	Fire Touched	Read	Book		429935	5156151	B01BI1X19Q		
Silence Fallen	Patricia Briggs	2025-05-19	2025-05-19	no read audiobook in export; finish date missing/different	title/author	Silence Fallen	Read	Ebook		429936	3263984	B01MYVARKX		
Storm Cursed	Patricia Briggs	2025-05-19	2025-05-19	no read audiobook in export; finish date missing/different	title/author	Storm Cursed	Read	Ebook		430482	30412140	069819604X		
Smoke Bitten	Patricia Briggs	2025-05-19	2025-05-19	no read audiobook in export; finish date missing/different	title/author	Smoke Bitten	Read	Book		430205	18762229	0593165764		
Scamps & Scoundrels	Eric Ugland	2025-05-19	2025-05-19	no read audiobook in export; finish date missing/different	title/author	Scamps & Scoundrels	Read	Book		995041	31019792	1541435362	9781541435360	
Second Story Man	Eric Ugland	2025-05-19	2025-05-19	no read audiobook in export; finish date missing/different	title/author	Second Story Man	Read	Ebook		638178	30616063	154143644X	9781541436442	
Skull and Thrones	Eric Ugland	2025-05-19	2025-05-19	no read audiobook in export; finish date missing/different	title/author	Skull and Thrones	Read	Ebook		638177	30616062	1541436458	9781541436459	
War of the Posers	Eric Ugland	2025-05-19	2025-05-19	no read audiobook in export; finish date missing/different	title/author	War of the Posers	Read	Ebook		638176	30616061	1705236545	9781705236543	
Seas the Day	Eric Ugland	2025-05-19	2025-05-19	no read audiobook in export; finish date missing/different	title/author	Seas the Day	Read	Ebook		638110	30615994	1705236561	9781705236567	
High Gloom	Eric Ugland	2025-05-19	2025-05-19	no read audiobook in export; finish date missing/different	title/author	High Gloom	Read	Ebook		638109	30615993	1705236588	9781705236581	
Back to One	Eric Ugland	2025-05-19	2025-05-19	no read audiobook in export; finish date missing/different	title/author	Back to One	Read	Ebook		637883	30615752	B09PSVRV4J	9781666176247	
Trick of the Night	Eric Ugland	2025-05-19	2025-05-19	no read audiobook in export; finish date missing/different	title/author	Trick Of The Night	Read	Ebook		637863	30615732	B09XJ79C11	9781666176261	
2 Lies, 2 Thrones	Eric Ugland	2025-05-19	2025-05-19	no read audiobook in export; finish date missing/different	probable title match—review	2 Lies, 2 Thrones	Read	Book		1981771	31687310	B0D7XWC9YR		
The Hidden Palace	Helene Wecker	2025-05-19	2025-05-19	no read audiobook in export; finish date missing/different	title/author	The Hidden Palace	Read	Book		434198	18067279	0063097370		
An Ancient Peace	Tanya Huff	2025-05-19	2025-05-19	no read audiobook in export; finish date missing/different	title/author	An Ancient Peace	Read	Ebook		458741	31687447	B014RNF5FA		
A Peace Divided	Tanya Huff	2025-05-19	2025-05-19	no read audiobook in export; finish date missing/different	title/author	A Peace Divided	Read	Ebook		458742	31687368	B0711YPX7G		
The Privilege of Peace	Tanya Huff	2025-05-19	2025-05-19	no read audiobook in export; finish date missing/different	title/author	The Privilege of Peace	Read	Book		461341	30524748	B07DNH7DCM		
Valor's Choice	Tanya Huff	2025-05-19	2025-05-19	no read audiobook in export; finish date missing/different	title/author	Valor's Choice	Read	Book		458189	30433099	B002V5GTAM	9781400179923	
The Better Part of Valor	Tanya Huff	2025-05-19	2025-05-19	no read audiobook in export; finish date missing/different	title/author	The Better Part of Valor	Read	Book		457634	30433060	B002VACF4Q	9781400179916	
The Heart of Valor	Tanya Huff	2025-05-19	2025-05-19	no read audiobook in export; finish date missing/different	title/author	The Heart of Valor	Read	Book		325952	30424589	B002V8HIFE	9781400179893	
Valor's Trial	Tanya Huff	2025-05-19	2025-05-19	no read audiobook in export; finish date missing/different	title/author	Valor's Trial	Read	Book		179916	15075092	B002V5D5WW	9781400179909	
The Truth of Valor	Tanya Huff	2025-05-19	2025-05-19	no read audiobook in export; finish date missing/different	title/author	The Truth of Valor	Read	Book		283569	30520314	B00425UXPQ	9781400188390	
Return to Remus	Selkie Myth	2025-05-19	2025-05-19	no read audiobook in export; finish date missing/different	title/author	Return to Remus	Read	Ebook		995089	31019840	B0BYQ5SXPP	9781039426092	
New Horizons	Selkie Myth	2025-05-19	2025-05-19	no read audiobook in export; finish date missing/different	title/author	New Horizons	Read	Ebook		638242	30616126	B0C2RDTH2X	9781039426146	
The Gladiator Gauntlet	Selkie Myth	2025-05-19	2025-05-19	no read audiobook in export; finish date missing/different	title/author	The Gladiator Gauntlet	Read	Ebook		638206	30616091	B0C673LP5N		
Under Ashen Skies	Selkie Myth	2025-05-19	2025-05-19	no read audiobook in export; finish date missing/different	title/author	Under Ashen Skies	Read	Ebook		1182418	31207121	B0CP6T2DQP		
Deadhouse Gates	Steven Erikson	2025-05-19	2025-05-19	no read audiobook in export; finish date missing/different	title/author	Deadhouse Gates	Read	Book		210733	17121546	B00BJ5YWLS		
Memories of Ice	Steven Erikson	2025-05-19	2025-05-19	no read audiobook in export; finish date missing/different	title/author	Memories of Ice	Read	Book		133778	22499953	B00C295FWK		
House of Chains	Steven Erikson	2025-05-19	2025-05-19	no read audiobook in export; finish date missing/different	title/author	House of Chains	Read	Book		130810	1528251	B00GUTGVEE		
Midnight Tides	Steven Erikson	2025-05-19	2025-05-19	no read audiobook in export; finish date missing/different	title/author	Midnight Tides	Read	Book		289044	30426900	1473555167		
The Bonehunters	Steven Erikson	2025-05-19	2025-05-19	no read audiobook in export; finish date missing/different	title/author	The Bonehunters	Read	Book		44100	1527364	B00J7XLAUK		
Reaper's Gale	Steven Erikson	2025-05-19	2025-05-19	no read audiobook in export; finish date missing/different	title/author	Reaper's Gale	Read	Book		236602	30557812	B00M4LRBY6		
Toll the Hounds	Steven Erikson	2025-05-19	2025-05-19	no read audiobook in export; finish date missing/different	title/author	Toll the Hounds	Read	Book		309316	31792755	B00UO410TW		
The Crippled God	Steven Erikson	2025-05-19	2025-05-19	no read audiobook in export; finish date missing/different	title/author	The Crippled God	Read	Ebook		440991	30512982	B0118MSZCI		
Sing the Four Quarters	Tanya Huff	2025-05-19	2025-05-19	no read audiobook in export; finish date missing/different	title/author	Sing the Four Quarters	Read	Book		457167	30424588	B0784XT5NY		
Fifth Quarter	Tanya Huff	2025-05-19	2025-05-19	no read audiobook in export; finish date missing/different	probable title match—review	Fifth Quarter	Read	Book		457209	30433189	B0778YPXSV		
No Quarter	Tanya Huff	2025-05-19	2025-05-19	no read audiobook in export; finish date missing/different	title/author	No Quarter	Read	Book		2026454	30433195	B078NHK2CT		
The Quartered Sea	Tanya Huff	2025-05-19	2025-05-19	no read audiobook in export; finish date missing/different	title/author	The Quartered Sea	Read	Book		457216	30433193	B079J4Z328		
Metal from Heaven	August Clarke	2025-05-20	2025-05-18	no read audiobook in export	probable title match—review	Metal from Heaven	Read	Book	2025-05-20	1250823	32164700	B0DJRM6DPZ		
A Blade So Black	L.L. McKinney	2025-05-20	2025-05-20	no read audiobook in export	title/author	A Blade So Black	Read	Book	2025-05-20	448891	7282278	1250207304		
A Darker Shade of Magic	V. E. Schwab	2025-05-22	2025-05-22	no read audiobook in export; finish date missing/different	title/author	A Darker Shade of Magic	Read	Ebook		374090	30399523	B00VVZPEX6		
Artificial Condition	Martha Wells	2025-05-22	2025-05-22	no read audiobook in export; finish date missing/different	title/author	Artificial Condition	Read	Book	2025-06-07	427537	7638727	B07BFDDWXN	9781501977831	
Ink & Sigil	Kevin Hearne	2025-05-22	2025-05-22	no read audiobook in export; finish date missing/different	title/author	Ink & Sigil	Read	Book		430140	31515688	0593213882	9780593213889	
Paper & Blood	Kevin Hearne	2025-05-22	2025-05-22	no read audiobook in export; finish date missing/different	title/author	Paper & Blood	Read	Book		430141	27174476	0593214919	9780593214916	
Candle & Crow	Kevin Hearne	2025-05-22	2025-05-22	no read audiobook in export; finish date missing/different	title/author	Candle & Crow	Read	Book		1254793	31461371	B0CTNGWFB9		
Electric Angel: A Cyberpunk LitRPG	Plum Parrot	2025-05-22	2025-05-22	no read audiobook in export; finish date missing/different	probable title match—review	Electric Angel	Read	Ebook		1603697	31677238	B0CBNFGWT2		
Ghost Chrysalis: A Dystopian Sci-Fi Adventure	Plum Parrot	2025-05-22	2025-05-22	no read audiobook in export; finish date missing/different	title/author	Ghost Chrysalis: A Dystopian Sci-Fi Adventure	Read	Book		1612310	31687333	B0CJ5V8JMM		
Fortune's Envoy: A Dystopian Sci-Fi Adventure	Plum Parrot	2025-05-22	2025-05-22	no read audiobook in export; finish date missing/different	title/author	Fortune's Envoy: A Dystopian Sci-Fi Adventure	Read	Ebook		1612362	31687406	B0CPKT8GBD		
Jovian Reverie	Plum Parrot	2025-05-22	2025-05-22	no read audiobook in export; finish date missing/different	probable title match—review	Jovian Reverie: A Dystopian Sci-Fi Adventure	Read	Book		1612275	31687284	B0CZPL4VRQ		
By a Silver Thread	Rachel Aaron	2025-05-22	2025-05-22	no read audiobook in export; finish date missing/different	title/author	By a Silver Thread	Read	Book		1096992	31121017	B0C448L77M		
With a Golden Sword	Rachel Aaron	2025-05-22	2025-05-22	no read audiobook in export; finish date missing/different	title/author	With a Golden Sword	Read	Book		1254290	31279351	B0CJSKZ24L		
To the Bloody End	Rachel Aaron	2025-05-22	2025-05-22	no read audiobook in export; finish date missing/different	title/author	To the Bloody End	Read	Book		1254823	31279882	B0CT4B23YL		
The Sins on Their Bones	Laura R. Samotin	2025-05-22	2025-05-22	no read audiobook in export; finish date missing/different	probable title match—review	The Sins on Their Bones	Read	Book	2024-11-23	1086190	31687459	B0CKS19LMM		
Mandate of Heaven	Selkie Myth	2025-05-22	2025-05-22	no read audiobook in export; finish date missing/different	title/author	Mandate of Heaven	Read	Ebook		1131906	31319314	B0D48HJ8DC		
Curious Beginnings	V.A. Lewis	2025-05-22	2025-05-22	no read audiobook in export; finish date missing/different	title/author	Curious Beginnings	Read	Ebook		638163	30616048	1039402895		
A Demon's Pride: A LitRPG Adventure	V.A. Lewis	2025-05-22	2025-05-22	no read audiobook in export; finish date missing/different	probable title match—review	A Demon's Pride	Read	Ebook		637746	30615615	B09K4P7RR4		
The Plaguelands	V.A. Lewis	2025-05-22	2025-05-22	no read audiobook in export; finish date missing/different	title/author	The Plaguelands	Read	Ebook		932977	30958101	B09QD834XT		
Primeval Knowledge	V.A. Lewis	2025-05-22	2025-05-22	no read audiobook in export; finish date missing/different	title/author	Primeval Knowledge	Read	Ebook		932973	30958099	B0B69PVSKK		
Corruption and Centinels	V.A. Lewis	2025-05-22	2025-05-22	no read audiobook in export; finish date missing/different	title/author	Corruption and Centinels	Read	Ebook		932974	30958098	B0BBWHPDSP	9781039414662	
Grand Skill	V.A. Lewis	2025-05-22	2025-05-22	no read audiobook in export; finish date missing/different	title/author	Grand Skill	Read	Ebook		932975	30958097	B0C4QXTFCB	9781039427488	
Wretched Insect: A LitRPG Adventure	V.A. Lewis	2025-05-22	2025-05-22	no read audiobook in export; finish date missing/different	probable title match—review	Wretched Insect	Read	Ebook		933069	30958193	B0CCYZ6SY6		
The Treasures of Alexander: A LitRPG Adventure	V.A. Lewis	2025-05-22	2025-05-22	no read audiobook in export; finish date missing/different	probable title match—review	The Treasures of Alexander	Read	Ebook		933068	30958192	B0CJ3X78WQ		
Hellprinces: A LitRPG Adventure	V.A. Lewis	2025-05-22	2025-05-22	no read audiobook in export; finish date missing/different	probable title match—review	Hellprinces	Read	Ebook		1459839	31503074	B0CLDB9854		
To Play with Magic	Draith	2025-05-22	2025-05-22	no read audiobook in export; finish date missing/different	probable title match—review	To Play With Magic: A Mage Litrpg Adventure	Read	Ebook		1103492	31127508	B0CB728QS6		
Fleabag: A Monster Evolution LitRPG	SomeoneToForget	2025-05-22	2025-05-22	no read audiobook in export; finish date missing/different	title/author	Fleabag: A Monster Evolution LitRPG	Read	Book		1173884	31198351	B0CJK2Y3QF		
Mistrunner: A Cyberpunk LitRPG	Nicholas Searcy	2025-05-22	2025-05-22	no read audiobook in export; finish date missing/different	title/author	Mistrunner: A Cyberpunk LitRPG	Read	Book		1612375	31687420	B0CGF5NL4G		
Discount Armageddon	Seanan McGuire	2025-05-22	2025-05-22	no read audiobook in export; finish date missing/different	title/author	Discount Armageddon	Read	Book		439121	30742851	B00A4FS7YM		
Midnight Blue-Light Special	Seanan McGuire	2025-05-22	2025-05-22	no read audiobook in export; finish date missing/different	title/author	Midnight Blue-Light Special	Read	Ebook		468233	30447740	B00BFF3GS2		
Half-Off Ragnarok	Seanan McGuire	2025-05-22	2025-05-22	no read audiobook in export; finish date missing/different	title/author	Half-Off Ragnarok	Read	Book		458732	30386067	B00K1ENZPC		
Pocket Apocalypse	Seanan McGuire	2025-05-22	2025-05-22	no read audiobook in export; finish date missing/different	title/author	Pocket Apocalypse	Read	Book		340848	21363964	B00TFV51JU		
Chaos Choreography	Seanan McGuire	2025-05-22	2025-05-22	no read audiobook in export; finish date missing/different	title/author	Chaos Choreography	Read	Book		459495	30385945	B01AO691QI		
Magic for Nothing	Seanan McGuire	2025-05-22	2025-05-22	no read audiobook in export; finish date missing/different	title/author	Magic for Nothing	Read	Ebook		461498	30448030	B06XKL2HHS		
Tricks for Free	Seanan McGuire	2025-05-22	2025-05-22	no read audiobook in export; finish date missing/different	title/author	Tricks for Free	Read	Ebook		461252	30385924	B079YWPXQK		
That Ain't Witchcraft	Seanan McGuire	2025-05-22	2025-05-22	no read audiobook in export; finish date missing/different	title/author	That Ain't Witchcraft	Read	Ebook		476790	30411565	B07P7WV9HW		
Imaginary Numbers	Seanan McGuire	2025-05-22	2025-05-22	no read audiobook in export; finish date missing/different	title/author	Imaginary Numbers	Read	Book		459504	30385939	B0853F753S		
Calculated Risks	Seanan McGuire	2025-05-22	2025-05-22	no read audiobook in export; finish date missing/different	title/author	Calculated Risks	Read	Book		13688	1730076	B08XVM9PG7		
Spelunking Through Hell	Seanan McGuire	2025-05-22	2025-05-22	no read audiobook in export; finish date missing/different	title/author	Spelunking Through Hell	Read	Book		476217	30397586	B09T7783R1		
Backpacking Through Bedlam	Seanan McGuire	2025-05-22	2025-05-22	no read audiobook in export; finish date missing/different	title/author	Backpacking Through Bedlam	Read	Book		651393	30631997	B0BTTX5SPG		
Aftermarket Afterlife	Seanan McGuire	2025-05-22	2025-05-22	no read audiobook in export; finish date missing/different	title/author	Aftermarket Afterlife	Read	Book		1084104	31108140	B0CQKL1MDF		
A Small Town in Southern Illvaria: An Isekai LitRPG	Acaswell	2025-05-22	2025-05-22	no read audiobook in export; finish date missing/different	probable title match—review	A Small Town in Southern Illvaria	Read	Ebook		1019997	31044534	B0CFRK9ZK7		
Hunger Pangs	Joy Demorra	2025-05-22	2025-05-22	no read audiobook in export; finish date missing/different	probable title match—review	Hunger Pangs: True Love Bites: Fluff and Fangs	Read	Ebook	2025-01-06	573703	31708901	B0B2KC9FDB		
Rosemary and Rue	Seanan McGuire	2025-05-22	2025-05-22	no read audiobook in export; finish date missing/different	title/author	Rosemary and Rue	Read	Book		27719	31534965	B003N40JHE		
A Local Habitation	Seanan McGuire	2025-05-22	2025-05-22	no read audiobook in export; finish date missing/different	title/author	A Local Habitation	Read	Book		458726	30395516	B003C232NK		
An Artificial Night	Seanan McGuire	2025-05-22	2025-05-22	no read audiobook in export; finish date missing/different	title/author	An Artificial Night	Read	Ebook		458727	3381280	B00414KJUW		
Late Eclipses	Seanan McGuire	2025-05-22	2025-05-22	no read audiobook in export; finish date missing/different	title/author	Late Eclipses	Read	Ebook		458728	30447776	B005Z4TH46		
One Salt Sea	Seanan McGuire	2025-05-22	2025-05-22	no read audiobook in export; finish date missing/different	title/author	One Salt Sea	Read	Book		458729	30395478	B005Z3FGO2		
Ashes of Honor	Seanan McGuire	2025-05-22	2025-05-22	no read audiobook in export; finish date missing/different	title/author	Ashes of Honor	Read	Ebook		461561	30447764	B00915EYF2		
The Winter Long	Seanan McGuire	2025-05-22	2025-05-22	no read audiobook in export; finish date missing/different	title/author	The Winter Long	Read	Book		357084	24910611	B00N42IF8U		
A Red-Rose Chain	Seanan McGuire	2025-05-22	2025-05-22	no read audiobook in export; finish date missing/different	title/author	A Red-Rose Chain	Read	Ebook		474220	30447757	B0118JBF1E		
Once Broken Faith	Seanan McGuire	2025-05-22	2025-05-22	no read audiobook in export; finish date missing/different	title/author	Once Broken Faith	Read	Book		458731	30395321	B01KU8QI34		
The Brightest Fell	Seanan McGuire	2025-05-22	2025-05-22	no read audiobook in export; finish date missing/different	title/author	The Brightest Fell	Read	Book		458745	30395283	B0759M7QK6		
Night and Silence	Seanan McGuire	2025-05-22	2025-05-22	no read audiobook in export; finish date missing/different	title/author	Night and Silence	Read	Ebook		215626	32315185	B07H9BK8BS		
A Killing Frost	Seanan McGuire	2025-05-22	2025-05-22	no read audiobook in export; finish date missing/different	title/author	A Killing Frost	Read	Book		459505	30397831	B08HZJBBGH		
When Sorrows Come	Seanan McGuire	2025-05-22	2025-05-22	no read audiobook in export; finish date missing/different	title/author	When Sorrows Come	Read	Book		458748	30397731	B09G3L8WP1		
Be the Serpent	Seanan McGuire	2025-05-22	2025-05-22	no read audiobook in export; finish date missing/different	title/author	Be the Serpent	Read	Book		651439	30632046	B0BDSXQS5W		
Sleep No More	Seanan McGuire	2025-05-22	2025-05-22	no read audiobook in export; finish date missing/different	title/author	Sleep No More	Read	Book		460226	31141826	B0C7XFD1YZ		
The Innocent Sleep	Seanan McGuire	2025-05-22	2025-05-22	no read audiobook in export; finish date missing/different	title/author	The Innocent Sleep	Read	Book		1097245	31121269	B0CLGS2TC6		
Some Desperate Glory	Emily Tesh	2025-05-22	2025-05-22	no read audiobook in export; finish date missing/different	title/author	Some Desperate Glory	Read	Book		465106	31501092	B09YHYSMCT		
Starter Villain	John Scalzi	2025-05-22	2025-05-22	no read audiobook in export; finish date missing/different	title/author	Starter Villain	Read	Book		773299	30775702	B0C6FPMDGV		
A Stitch in Time	Andrew J. Robinson	2025-05-22	2025-05-22	no read audiobook in export; finish date missing/different	title/author	A Stitch in Time	Read	Book		467318	30385001	B0C8VHYFJ5		
The Three-Body Problem	Cixin Liu, Ken Liu	2025-05-22	2025-05-22	no read audiobook in export; finish date missing/different	title/author	The Three-Body Problem	Read	Book		208339	4682596	B0BVW67D5L		
The Dark Forest	Cixin Liu, Joel Martinsen - translator	2025-05-22	2025-05-22	no read audiobook in export; finish date missing/different	title/author	The Dark Forest	Read	Book	2023-12-01	427838	30492103	B010PKSKBA		
Death's End	Cixin Liu, Ken Liu - translator	2025-05-22	2025-05-22	no read audiobook in export; finish date missing/different	title/author	Death's End	Read	Book		427523	6929659	B01LW7OXWP		
Ever After	Kim Harrison	2025-05-22	2025-05-22	no read audiobook in export; finish date missing/different	title/author	Ever After	Read	Book		477400	30453583	B009R9KG5E		
The Undead Pool	Kim Harrison	2025-05-22	2025-05-22	no read audiobook in export; finish date missing/different	title/author	The Undead Pool	Read	Book		476182	30453582	B00HUBJFPI		
Million Dollar Demon	Kim Harrison	2025-05-22	2025-05-22	no read audiobook in export; finish date missing/different	title/author	Million Dollar Demon	Read	Book		461895	30397806	0593409744		
Trouble with the Cursed	Kim Harrison	2025-05-22	2025-05-22	no read audiobook in export; finish date missing/different	title/author	Trouble with the Cursed	Read	Book		503501	30453575	B09GX6GXP1		
Demons of Good and Evil	Kim Harrison	2025-05-22	2025-05-22	no read audiobook in export; finish date missing/different	title/author	Demons of Good and Evil	Read	Book		655482	30637115	B0BG96TCVH		
Perfect Shadow	Brent Weeks	2025-05-22	2025-05-22	no read audiobook in export; finish date missing/different	title/author	Perfect Shadow	Read	Ebook		1950990	30412281	B0053ZUL9C		
The Way of Shadows	Brent Weeks	2025-05-22	2025-05-22	no read audiobook in export; finish date missing/different	title/author	The Way of Shadows	Read	Book		196346	30400849	B09GWC6SB7		
Shadow's Edge	Brent Weeks	2025-05-22	2025-05-22	no read audiobook in export; finish date missing/different	title/author	Shadow's Edge	Read	Book		249941	30598308	B0BLXMQ833	9781668630013	
Beyond the Shadows	Brent Weeks	2025-05-22	2025-05-22	no read audiobook in export; finish date missing/different	title/author	Beyond the Shadows	Read	Book		59766	30819856	B0BLY76VZS	9781668630037	
The Brightest Shadow	Sarah Lin	2025-05-22	2025-05-22	no read audiobook in export; finish date missing/different	title/author	The Brightest Shadow	Read	Book		446708	30407819	177424568X		
The Mayor of Noobtown	Ryan Rimmel	2025-05-22	2025-05-22	no read audiobook in export; finish date missing/different	identifier	The Mayor of Noobtown	Read	Ebook		646489	30625708	1774240122		
Castle of the Noobs	Ryan Rimmel	2025-05-22	2025-05-22	no read audiobook in export; finish date missing/different	identifier	Castle of the Noobs	Read	Ebook		646488	30625707	177424389X		
Dungeons and Noobs	Ryan Rimmel	2025-05-22	2025-05-22	no read audiobook in export; finish date missing/different	identifier	Dungeons and Noobs	Read	Ebook		646487	30625706	1774246678		
Noob Game Plus	Ryan Rimmel	2025-05-22	2025-05-22	no read audiobook in export; finish date missing/different	identifier	Noob Game Plus	Read	Ebook		646486	30625705	1039400019		
Nautical Noobs	Ryan Rimmel	2025-05-22	2025-05-22	no read audiobook in export; finish date missing/different	title/author	Nautical Noobs	Read	Ebook		646485	30625704	B09RRWFR4S		
Tower of the Noobs	Ryan Rimmel	2025-05-22	2025-05-22	no read audiobook in export; finish date missing/different	title/author	Tower of the Noobs	Read	Ebook		646484	30625703	B0BRBRB95D		
The Witch and the Vampire	Francesca Flores	2025-05-22	2025-05-22	no read audiobook in export; finish date missing/different	title/author	The Witch and the Vampire	Read	Book		490723	30438047	B0BQPPFTMF		
Pattern Recognition	William Gibson	2025-05-22	2025-05-22	no read audiobook in export; finish date missing/different	title/author	Pattern Recognition	Read	Book		265984	30399419	B076MJR5K5		
The Left-Handed Booksellers of London	Garth Nix	2025-05-22	2025-05-22	no read audiobook in export; finish date missing/different	title/author	The Left-Handed Booksellers of London	Read	Book		450849	20775551	0655691308		
The Amazing Adventures of Kavalier & Clay	Michael Chabon	2025-05-22	2025-05-22	no read audiobook in export; finish date missing/different	title/author	The Amazing Adventures of Kavalier & Clay	Read	Book		467910	31547229	B00890C97U		
Skyclad	Scott Browder	2025-05-22	2025-05-22	no read audiobook in export; finish date missing/different	title/author	Skyclad	Read	Book		637737	30615606	1774244209		
Skybound	Scott Browder	2025-05-22	2025-05-22	no read audiobook in export; finish date missing/different	probable title match—review	Skybound	Read	Book		1612399	31687463	B0BBKGQKZF		
Thistlefoot	GennaRose Nethercott	2025-05-22	2025-05-22	no read audiobook in export; finish date missing/different	title/author	Thistlefoot	Read	Book		513055	31492087	B09S248CNP		
The Lost Metal	Brandon Sanderson	2025-05-22	2025-05-22	no read audiobook in export; finish date missing/different	title/author	The Lost Metal	Read	Book		427863	30387670	B09N446YK7		
Skinwalker	Faith Hunter	2025-05-22	2025-05-22	no read audiobook in export; finish date missing/different	title/author	Skinwalker	Read	Book		263142	6919719	B003EI2V2A		
Death's Rival	Faith Hunter	2025-05-22	2025-05-22	no read audiobook in export; finish date missing/different	title/author	Death's Rival	Read	Book		461184	30397793	B009IWTEDA		
Black Arts	Faith Hunter	2025-05-22	2025-05-22	no read audiobook in export; finish date missing/different	title/author	Black Arts	Read	Book		458598	30397548	B00GS3UDJQ		
Dark Heir	Faith Hunter	2025-05-22	2025-05-22	no read audiobook in export; finish date missing/different	title/author	Dark Heir	Read	Book		458601	30397482	B00STWV7HG		
Shadow Rites	Faith Hunter	2025-05-22	2025-05-22	no read audiobook in export; finish date missing/different	title/author	Shadow Rites	Read	Book		461186	30397698	B01C4Q08VI		
Dark Queen	Faith Hunter	2025-05-22	2025-05-22	no read audiobook in export; finish date missing/different	title/author	Dark Queen	Read	Book		461185	30397630	B07BBWDLSV		
Shattered Bonds	Faith Hunter	2025-05-22	2025-05-22	no read audiobook in export; finish date missing/different	title/author	Shattered Bonds	Read	Book		458515	30397611	B07YQ7WQ7P		
True Dead	Faith Hunter	2025-05-22	2025-05-22	no read audiobook in export; finish date missing/different	title/author	True Dead	Read	Book		461131	30397744	B09FMVRLMV		
Final Heir	Faith Hunter	2025-05-22	2025-05-22	no read audiobook in export; finish date missing/different	title/author	Final Heir	Read	Book		523743	30477382	B0BGJQT3SN		
When the Angels Left the Old Country	Sacha Lamb	2025-05-22	2025-05-22	no read audiobook in export; finish date missing/different	probable title match—review	When the Angels Left the Old Country	Read	Book		649200	31687339	B0B8Q94TMJ		
The Rook	Daniel O'Malley	2025-05-22	2025-05-22	no read audiobook in export; finish date missing/different	title/author	The Rook	Read	Book		431967	30646133	B007FTJKRI		
Stiletto	Daniel O'Malley	2025-05-22	2025-05-22	no read audiobook in export; finish date missing/different	title/author	Stiletto	Read	Book		439892	30405417	B01DDZBJM6		
Blitz	Daniel O'Malley	2025-05-22	2025-05-22	no read audiobook in export; finish date missing/different	title/author	Blitz	Read	Book		440157	30404888	B0B2HX7DN6		
The Yiddish Policemen's Union	Michael Chabon	2025-05-22	2025-05-22	no read audiobook in export; finish date missing/different	title/author	The Yiddish Policemen's Union	Read	Book		377099	16913880	B01F9PHNB4		
Hounded	Kevin Hearne	2025-05-22	2025-05-22	no read audiobook in export; finish date missing/different	title/author	Hounded	Read	Book		428349	27980853	B004V4OD04		
Hexed	Kevin Hearne	2025-05-22	2025-05-22	no read audiobook in export; finish date missing/different	title/author	Hexed	Read	Book		429262	30492474	B0052FRKMO		
Hammered	Kevin Hearne	2025-05-22	2025-05-22	no read audiobook in export; finish date missing/different	title/author	Hammered	Read	Book		135686	31687350	B0057HS0NK		
Tricked	Kevin Hearne	2025-05-22	2025-05-22	no read audiobook in export; finish date missing/different	title/author	Tricked	Read	Book		429264	31687390	B007V55FJ8	9780449013052	
Trapped	Kevin Hearne	2025-05-22	2025-05-22	no read audiobook in export; finish date missing/different	title/author	Trapped	Read	Book		429265	31475388	B009PRHPMU	9780449013076	
Shattered	Kevin Hearne	2025-05-22	2025-05-22	no read audiobook in export; finish date missing/different	title/author	Shattered	Read	Book		270843	31687375	B00JV2RPQ0	9780804147903	
Staked	Kevin Hearne	2025-05-22	2025-05-22	no read audiobook in export; finish date missing/different	title/author	Staked	Read	Book		150498	31343336	B017WQALGM	9780804147927	
Scourged	Kevin Hearne	2025-05-22	2025-05-22	no read audiobook in export; finish date missing/different	title/author	Scourged	Read	Book		459290	31687289	B075H2KL3X	9780804147941	
Carniepunk: The Demon Barker of Wheat Street	Kevin Hearne	2025-05-22	2025-05-22	no read audiobook in export; finish date missing/different	probable title match—review	Carniepunk	Read	Book		468512	31687426	B00NBAXV6G	9781442383678	
Lirael	Garth Nix	2025-05-22	2025-05-22	no read audiobook in export; finish date missing/different	title/author	Lirael	Read	Book		52026	27437335	B002V02R62		
Sabriel	Garth Nix	2025-05-22	2025-05-22	no read audiobook in export; finish date missing/different	title/author	Sabriel	Read	Book		118111	30880083	B002UUP42M		
Escape From Yokai Land	Charles Stross	2025-05-22	2025-05-22	no read audiobook in export; finish date missing/different	title/author	Escape from Yokai Land	Read	Book		563807	31103983	1705035183		
The Martian	Andy Weir	2025-05-22	2025-05-22	no read audiobook in export; finish date missing/different	title/author	The Martian	Read	Book		292354	12841480	B082BHJMFF		
The Calculating Stars	Mary Robinette Kowal	2025-05-22	2025-05-22	no read audiobook in export; finish date missing/different	title/author	The Calculating Stars	Read	Book		186438	28439044	B07DVCTB9R		
The Fated Sky	Mary Robinette Kowal	2025-05-22	2025-05-22	no read audiobook in export; finish date missing/different	title/author	The Fated Sky	Read	Book		459558	31505262	B07G8FH9H7		
The Relentless Moon	Mary Robinette Kowal	2025-05-22	2025-05-22	no read audiobook in export; finish date missing/different	title/author	The Relentless Moon	Read	Book		273891	30337469	B08B7G68YV		
Middlegame	Seanan McGuire	2025-05-22	2025-05-22	no read audiobook in export; finish date missing/different	title/author	Middlegame	Read	Book		428651	22783788	1250223350		
Heir of Fire	Sarah J. Maas	2025-05-22	2025-05-22	no read audiobook in export; finish date missing/different	title/author	Heir of Fire	Read	Book		1363844	30432118	B09CHB2YXJ		
Tower of Dawn	Sarah J. Maas	2025-05-22	2025-05-22	no read audiobook in export; finish date missing/different	title/author	Tower of Dawn	Read	Book		429015	30852060	B0759X8K2X		
Kingdom of Ash	Sarah J. Maas	2025-05-22	2025-05-22	no read audiobook in export; finish date missing/different	title/author	Kingdom of Ash	Read	Book		429018	7875136	B07J682QY2		
Empire of Storms	Sarah J. Maas	2025-05-22	2025-05-22	no read audiobook in export; finish date missing/different	title/author	Empire of Storms	Read	Book		183545	30825891	B01KIQVHL6		
Throne of Glass	Sarah J. Maas	2025-05-22	2025-05-22	no read audiobook in export; finish date missing/different	title/author	Throne of Glass	Read	Book		39629	30809266	1547607548		
Queen of Shadows	Sarah J. Maas	2025-05-22	2025-05-22	no read audiobook in export; finish date missing/different	title/author	Queen of Shadows	Read	Book		153090	30606003	B012BTUEVC		
Moon Over Soho	Ben Aaronovitch	2025-05-22	2025-05-22	no read audiobook in export; finish date missing/different	title/author	Moon Over Soho	Read	Book		5921	11058082	B009CZN2AE	9781452680088	
Whispers Under Ground	Ben Aaronovitch	2025-05-22	2025-05-22	no read audiobook in export; finish date missing/different	title/author	Whispers Under Ground	Read	Book		432534	2076729	B009D126RC	9781452680095	
Broken Homes	Ben Aaronovitch	2025-05-22	2025-05-22	no read audiobook in export; finish date missing/different	title/author	Broken Homes	Read	Book		160470	8347118	B00IA53J6Y		
Foxglove Summer	Ben Aaronovitch	2025-05-22	2025-05-22	no read audiobook in export; finish date missing/different	title/author	Foxglove Summer	Read	Book		432535	2908469	B00QXW6NY6		
The Hanging Tree	Ben Aaronovitch	2025-05-22	2025-05-22	no read audiobook in export; finish date missing/different	title/author	The Hanging Tree	Read	Book		432529	31515597	B01MY0246S		
Lies Sleeping	Ben Aaronovitch	2025-05-22	2025-05-22	no read audiobook in export; finish date missing/different	title/author	Lies Sleeping	Read	Book		432531	30428661	1984890751		
False Value	Ben Aaronovitch	2025-05-22	2025-05-22	no read audiobook in export; finish date missing/different	title/author	False Value	Read	Book		432525	27751819	059316735X		
Amongst Our Weapons	Ben Aaronovitch	2025-05-22	2025-05-22	no read audiobook in export; finish date missing/different	title/author	Amongst Our Weapons	Read	Book		476216	30826253	B09P8WS16M		
Guards! Guards!	Terry Pratchett	2025-05-22	2025-05-22	no read audiobook in export; finish date missing/different	title/author	Guards! Guards!	Read	Book		446212	12591508	B0032NANJA		
Guards! Guards!	Terry Pratchett, Ben Aaronovitch - afterword	2025-05-22	2025-05-22	no read audiobook in export; finish date missing/different	title/author	Guards! Guards!	Read	Book		446212	12591508	B09M8WGGBN		
Men at Arms	Terry Pratchett	2025-05-22	2025-05-22	no read audiobook in export; finish date missing/different	title/author	Men at Arms	Read	Book		446110	14070015	B09MDKMN8R		
California Demon	Debra Dunbar	2025-05-22	2025-05-22	no read audiobook in export; finish date missing/different	probable title match—review	California Demon: An Imp World Urban Fantasy	Read	Book		1612290	31687307	B08XZVZ9DG		
A Demon Bound	Debra Dunbar	2025-05-22	2025-05-22	no read audiobook in export; finish date missing/different	title/author	A Demon Bound	Read	Book		612355	30584756	B00I5ODTKQ		
Satan's Sword	Debra Dunbar	2025-05-22	2025-05-22	no read audiobook in export; finish date missing/different	title/author	Satan's Sword	Read	Book		612354	30584755	B00KM6YX1Y		
Elven Blood	Debra Dunbar	2025-05-22	2025-05-22	no read audiobook in export; finish date missing/different	title/author	Elven Blood	Read	Book		612353	30584754	B00NGTOCJW		
Devil's Paw	Debra Dunbar	2025-05-22	2025-05-22	no read audiobook in export; finish date missing/different	title/author	Devil's Paw	Read	Book		612352	30584753	B00QSFDU2G		
Imp Forsaken	Debra Dunbar	2025-05-22	2025-05-22	no read audiobook in export; finish date missing/different	title/author	Imp Forsaken	Read	Book		612351	30584752	B00TGE77G6		
Angel of Chaos	Debra Dunbar	2025-05-22	2025-05-22	no read audiobook in export; finish date missing/different	title/author	Angel of Chaos	Read	Book		612349	30584750	B00XWV3YLG		
Kingdom of Lies	Debra Dunbar	2025-05-22	2025-05-22	no read audiobook in export; finish date missing/different	title/author	Kingdom of Lies	Read	Book		612350	30584751	B01AGZWHHW		
Down the Chimney	Debra Dunbar	2025-05-22	2025-05-22	no read audiobook in export; finish date missing/different	probable title match—review	Down The Chimney	Read	Book		1612272	31687280	B07LC24P8Z		
With This Ring	Debra Dunbar	2025-05-22	2025-05-22	no read audiobook in export; finish date missing/different	probable title match—review	With This Ring	Read	Book		1612332	31687362	B08BQFS2L9		
Demons of Desire	Debra Dunbar	2025-05-22	2025-05-22	no read audiobook in export; finish date missing/different	title/author	Demons of Desire	Read	Book		612358	30584759	B014VBWCYK		
Sins of the Flesh	Debra Dunbar	2025-05-22	2025-05-22	no read audiobook in export; finish date missing/different	title/author	Sins of the Flesh	Read	Book		612357	30584758	B018Y0T0US		
Cornucopia	Debra Dunbar	2025-05-22	2025-05-22	no read audiobook in export; finish date missing/different	probable title match—review	Cornucopia	Read	Book		1612330	31687358	B07892NM1Y		
Initializing	K. T. Hanna	2025-05-22	2025-05-22	no read audiobook in export; finish date missing/different	probable title match—review	Initializing	Read	Book		1509604	31563135	B07G1M4H42		
Edgedancer	Brandon Sanderson	2025-05-22	2025-05-22	no read audiobook in export; finish date missing/different	title/author	Edgedancer	Read	Book		427544	17695374	B0B5M28HZK		
The Way of Kings	Brandon Sanderson	2025-05-22	2025-05-22	no read audiobook in export; finish date missing/different	title/author	The Way of Kings	Read	Book		386446	3134360	B003ZWFO7E		
Words of Radiance	Brandon Sanderson	2025-05-22	2025-05-22	no read audiobook in export; finish date missing/different	title/author	Words of Radiance	Read	Book		374131	419923	B00HWF0MHW		
Singularity Sky	Charles Stross	2025-05-22	2025-05-22	no read audiobook in export; finish date missing/different	title/author	Singularity Sky	Read	Book		446310	2198728	B002V5BFEM		
Iron Sunrise	Charles Stross	2025-05-22	2025-05-22	no read audiobook in export; finish date missing/different	title/author	Iron Sunrise	Read	Book		446311	21717047	B002V1AGCS		
Sparrow Hill Road	Seanan McGuire	2025-05-22	2025-05-22	no read audiobook in export; finish date missing/different	title/author	Sparrow Hill Road	Read	Book		437788	26447410	B00JVUA80W		
The Girl in the Green Silk Gown	Seanan McGuire	2025-05-22	2025-05-22	no read audiobook in export; finish date missing/different	title/author	The Girl in the Green Silk Gown	Read	Book		439322	26683663	1541485165		
Angel of the Overpass	Seanan McGuire	2025-05-22	2025-05-22	no read audiobook in export; finish date missing/different	title/author	Angel of the Overpass	Read	Ebook		458750	30584414	1515942341		
Three Mages and a Margarita	Annette Marie	2025-05-22	2025-05-22	no read audiobook in export; finish date missing/different	title/author	Three Mages and a Margarita	Read	Book		459804	30601738	1977330436	9781977330437	
Two Witches and a Whiskey	Annette Marie	2025-05-22	2025-05-22	no read audiobook in export; finish date missing/different	title/author	Two Witches and a Whiskey	Read	Book		460329	31687396	1977330452		
The Alchemist and an Amaretto	Annette Marie	2025-05-22	2025-05-22	no read audiobook in export; finish date missing/different	title/author	The Alchemist and an Amaretto	Read	Ebook		461291	30585246	1515934047		
Druid Vices and a Vodka	Annette Marie	2025-05-22	2025-05-22	no read audiobook in export; finish date missing/different	title/author	Druid Vices and a Vodka	Read	Book		461290	30562839	1515934055		
Lost Talismans and a Tequila	Annette Marie	2025-05-22	2025-05-22	no read audiobook in export; finish date missing/different	title/author	Lost Talismans and a Tequila	Read	Ebook		461289	30585240	1515934063		
Damned Souls and a Sangria	Annette Marie	2025-05-22	2025-05-22	no read audiobook in export; finish date missing/different	title/author	Damned Souls and a Sangria	Read	Book		460327	30451865	1515934071		
Dominion of Blades	Matt Dinniman	2025-05-22	2025-05-22	no read audiobook in export; finish date missing/different	title/author	Dominion of Blades	Read	Book		680445	30667875	B072XTFXLG		
Forever Fantasy Online	Rachel Aaron, Travis Bach	2025-05-22	2025-05-22	no read audiobook in export; finish date missing/different	title/author	Forever Fantasy Online	Read	Book		507292	31088650	B07D3ZGLF9		
Last Bastion	Rachel Aaron, Travis Bach	2025-05-22	2025-05-22	no read audiobook in export; finish date missing/different	title/author	Last Bastion	Read	Book		587479	31141816	B07QR169F7		
The Once King	Rachel Aaron, Travis Bach	2025-05-22	2025-05-22	no read audiobook in export; finish date missing/different	title/author	The Once King	Read	Book		587478	31141803	B08171XVRT		
Master of the Revels	Nicole Galland	2025-05-22	2025-05-22	no read audiobook in export; finish date missing/different	title/author	Master of the Revels	Read	Book		469865	30524580	0063016176		
What Abigail Did That Summer	Ben Aaronovitch	2025-05-22	2025-05-22	no read audiobook in export; finish date missing/different	title/author	What Abigail Did That Summer	Read	Book		468077	31630312	1541489845	9781541489844	
The October Man	Ben Aaronovitch	2025-05-22	2025-05-22	no read audiobook in export; finish date missing/different	title/author	The October Man	Read	Book		432498	30428653	1541489837	9781541489837	
Penric's Fox	Lois McMaster Bujold	2025-05-22	2025-05-22	no read audiobook in export; finish date missing/different	title/author	Penric's Fox	Read	Book		461431	30484209	B078N68JWW		
Masquerade in Lodi	Lois McMaster Bujold	2025-05-22	2025-05-22	no read audiobook in export; finish date missing/different	title/author	Masquerade in Lodi	Read	Book		592004	30559793	1665048964		
Mira's Last Dance	Lois McMaster Bujold	2025-05-22	2025-05-22	no read audiobook in export; finish date missing/different	title/author	Mira's Last Dance	Read	Book		461430	30432951	B0714L6X2T		
The Prisoner of Limnos	Lois McMaster Bujold	2025-05-22	2025-05-22	no read audiobook in export; finish date missing/different	title/author	The Prisoner of Limnos	Read	Book		461432	30432950	B078P1SBF1		
The Orphans of Raspay	Lois McMaster Bujold	2025-05-22	2025-05-22	no read audiobook in export; finish date missing/different	title/author	The Orphans of Raspay	Read	Book		460703	30412131	1094193720		
The Physicians of Vilnoc	Lois McMaster Bujold	2025-05-22	2025-05-22	no read audiobook in export; finish date missing/different	title/author	The Physicians of Vilnoc	Read	Book		461136	30484214	179993943X		
The Assassins of Thasalon	Lois McMaster Bujold	2025-05-22	2025-05-22	no read audiobook in export; finish date missing/different	title/author	The Assassins of Thasalon	Read	Book		626661	30602309	B097HZWVCG		
A Psalm for the Wild-Built	Becky Chambers	2025-05-22	2025-05-22	no read audiobook in export; finish date missing/different	title/author	A Psalm for the Wild-Built	Read	Book		445011	28452919	1250807743		
Project Hail Mary	Andy Weir	2025-05-22	2025-05-22	no read audiobook in export; finish date missing/different	title/author	Project Hail Mary	Read	Book		427578	3274049	B08G9PRS1K		
To Be Taught, If Fortunate	Becky Chambers	2025-05-22	2025-05-22	no read audiobook in export; finish date missing/different	title/author	To Be Taught, If Fortunate	Read	Book		98275	30405524	0062959042		
This Is How You Lose the Time War	Max Gladstone, Amal El-Mohtar	2025-05-22	2025-05-22	no read audiobook in export; finish date missing/different	title/author	This Is How You Lose the Time War	Read	Ebook		249097	26220245	1508287058	9781508287056	
The Galaxy, and the Ground Within	Becky Chambers	2025-05-27	2025-05-27	no read audiobook in export; finish date missing/different	title/author	The Galaxy, and the Ground Within	Read	Book		435198	13560725	0063069199		
The Long Way to a Small, Angry Planet	Becky Chambers	2025-05-22	2025-05-22	no read audiobook in export; finish date missing/different	title/author	The Long Way to a Small, Angry Planet	Read	Book		748620	24681207	0062969536		
The Long Way to a Small, Angry Planet: Booktrack Edition	Becky Chambers	2025-05-22	2025-05-22	no read audiobook in export; finish date missing/different	probable title match—review	The Long Way to a Small, Angry Planet	Read	Book		748620	24681207	B07DFN5FBP		
A Closed and Common Orbit: Booktrack Edition	Becky Chambers	2025-05-22	2025-05-22	no read audiobook in export; finish date missing/different	probable title match—review	A Closed and Common Orbit	Read	Book		325996	5869570	1529330394		
Record of a Spaceborn Few: Booktrack Edition	Becky Chambers	2025-05-22	2025-05-22	no read audiobook in export; finish date missing/different	probable title match—review	Record of a Spaceborn Few	Read	Book		263418	31482854	B07KY5614C		
Black Sun	Rebecca Roanhorse	2025-05-22	2025-05-22	no read audiobook in export; finish date missing/different	title/author	Black Sun	Read	Book		429027	31482868	1508283060		
Trail of Lightning	Rebecca Roanhorse	2025-05-22	2025-05-22	no read audiobook in export; finish date missing/different	title/author	Trail of Lightning	Read	Book		164876	28321739	B07FSRBKNM		
Dreadnought	April Daniels	2025-05-22	2025-05-22	no read audiobook in export; finish date missing/different	title/author	Dreadnought	Read	Book		368509	30403604	B072C3MZ8V		
Sovereign	April Daniels	2025-05-22	2025-05-22	no read audiobook in export; finish date missing/different	title/author	Sovereign	Read	Book		466328	30384011	B0735XJGL4		
Gideon the Ninth	Tamsyn Muir	2025-05-22	2025-05-22	no read audiobook in export; finish date missing/different	title/author	Gideon the Ninth	Read	Book		20941	30399881	1980004900	9781980004905	
Harrow the Ninth	Tamsyn Muir	2025-05-22	2025-05-22	no read audiobook in export; finish date missing/different	title/author	Harrow the Ninth	Read	Book		215901	30399888	1980004935	9781980004936	
House of Earth and Blood	Sarah J. Maas	2025-05-22	2025-05-22	no read audiobook in export; finish date missing/different	title/author	House of Earth and Blood	Read	Book		465201	14974657	B082YHZPTY		
Minimum Wage Magic	Rachel Aaron	2025-05-22	2025-05-22	no read audiobook in export; finish date missing/different	title/author	Minimum Wage Magic	Read	Book		439342	19125588	B07M6RY5PR		
Part-Time Gods	Rachel Aaron	2025-05-22	2025-05-22	no read audiobook in export; finish date missing/different	title/author	Part-Time Gods	Read	Book		468019	30385854	B07TLD2QJ5		
Night Shift Dragons	Rachel Aaron	2025-05-22	2025-05-22	no read audiobook in export; finish date missing/different	title/author	Night Shift Dragons	Read	Book		439349	30490702	B0881Y2LHS		
Once & Future	A. R. Capetta, Cory McCarthy	2025-05-22	2025-05-22	no read audiobook in export; finish date missing/different	title/author	Once & Future	Read	Book		453873	30425178	1549115871		
The Black Prism	Brent Weeks	2025-05-22	2025-05-22	no read audiobook in export; finish date missing/different	title/author	The Black Prism	Read	Book		446963	25267092	B01HZXFARW		
The Blinding Knife: Booktrack Edition	Brent Weeks	2025-05-22	2025-05-22	no read audiobook in export; finish date missing/different	probable title match—review	The Blinding Knife	Read	Book		477964	26322662	1549102818		
The Broken Eye	Brent Weeks	2025-05-22	2025-05-22	no read audiobook in export; finish date missing/different	title/author	The Broken Eye	Read	Book		12127	4220294	B00MJDZYLQ		
The Blood Mirror	Brent Weeks	2025-05-22	2025-05-22	no read audiobook in export; finish date missing/different	title/author	The Blood Mirror	Read	Book		86440	30431967	B01K8S3XDE		
The Burning White	Brent Weeks	2025-05-22	2025-05-22	no read audiobook in export; finish date missing/different	title/author	The Burning White	Read	Book		446514	23500642	147897835X		
Junkyard Cats	Faith Hunter	2025-05-22	2025-05-22	no read audiobook in export; finish date missing/different	title/author	Junkyard Cats	Read	Book		982520	31007356	B082LSC2RR		
A Little Hatred	Joe Abercrombie	2025-05-22	2025-05-22	no read audiobook in export; finish date missing/different	title/author	A Little Hatred	Read	Book		427662	31484700	1478916591		
Feed	Mira Grant	2025-05-22	2025-05-22	no read audiobook in export; finish date missing/different	title/author	Feed	Read	Book		273279	30399911	B003K28EP8		
Deadline	Mira Grant	2025-05-22	2025-05-22	no read audiobook in export; finish date missing/different	title/author	Deadline	Read	Book		439110	12009412	B0053ZWEHO		
Blackout	Mira Grant	2025-05-22	2025-05-22	no read audiobook in export; finish date missing/different	title/author	Blackout	Read	Book		439107	12506872	B0083JNQC4		
Recursion	Blake Crouch	2025-05-22	2025-05-22	no read audiobook in export; finish date missing/different	title/author	Recursion	Read	Book		202782	30399466	1984886878	9781984886873	
In Other Lands	Sarah Rees Brennan	2025-05-22	2025-05-22	no read audiobook in export; finish date missing/different	title/author	In Other Lands	Read	Book		16459	3262811	B07BNTS8ZQ		
Winter Tide	Ruthanna Emrys	2025-05-22	2025-05-22	no read audiobook in export; finish date missing/different	title/author	Winter Tide	Read	Ebook		167883	17700591	B06XGDG8YR		
The City of Brass	S. A. Chakraborty	2025-05-22	2025-05-22	no read audiobook in export; finish date missing/different	title/author	The City of Brass	Read	Book		379619	30390553	B075KKRQPP		
The Kingdom of Copper	S. A. Chakraborty	2025-05-22	2025-05-22	no read audiobook in export; finish date missing/different	title/author	The Kingdom of Copper	Read	Book		439240	28322953	0062866702		
Alien: River of Pain	Christopher Golden, Dirk Maggs	2025-05-22	2025-05-22	no read audiobook in export; finish date missing/different	title/author	Alien: River of Pain	Read	Book		695949	30684529	B06XP18SFZ	9781603933957	
Black Leopard, Red Wolf	Marlon James	2025-05-22	2025-05-22	no read audiobook in export; finish date missing/different	title/author	Black Leopard, Red Wolf	Read	Book		432346	30402602	0525526838		
Storm of Locusts	Rebecca Roanhorse	2025-05-22	2025-05-22	no read audiobook in export; finish date missing/different	title/author	Storm of Locusts	Read	Ebook		440045	30447565	B07Q2G1CX3		
Homeland	R. A. Salvatore	2025-05-22	2025-05-22	no read audiobook in export; finish date missing/different	title/author	Homeland	Read	Book		369226	4959462	B00BW5V1FU		
Exile	R. A. Salvatore	2025-05-22	2025-05-22	no read audiobook in export; finish date missing/different	title/author	Exile	Read	Book		446224	31773401	B00BWSI8A8		
Sojourn	R. A. Salvatore	2025-05-22	2025-05-22	no read audiobook in export; finish date missing/different	title/author	Sojourn	Read	Book		15630	29308455	B00BWQUFRE		
The Crystal Shard	R. A. Salvatore	2025-05-22	2025-05-22	no read audiobook in export; finish date missing/different	title/author	The Crystal Shard	Read	Book		28782	10821723	B00BWA4ULM		
The Dispatcher	John Scalzi	2025-05-22	2025-05-22	no read audiobook in export; finish date missing/different	title/author	The Dispatcher	Read	Book		427962	30405917	B01KKPH1VA		
The Bride Test	Helen Hoang	2025-05-22	2025-05-22	no read audiobook in export; finish date missing/different	title/author	The Bride Test	Read	Book		434866	30737911	B07L5YJ7VW		
The Kiss Quotient	Helen Hoang	2025-05-22	2025-05-22	no read audiobook in export; finish date missing/different	title/author	The Kiss Quotient	Read	Book		358461	31692566	B07D3B4CSY		
Strange the Dreamer	Laini Taylor	2025-05-22	2025-05-22	no read audiobook in export; finish date missing/different	title/author	Strange the Dreamer	Read	Book		376651	16747880	B01NBW5LNR		
Muse of Nightmares	Laini Taylor	2025-05-22	2025-05-22	no read audiobook in export; finish date missing/different	title/author	Muse of Nightmares	Read	Book		202648	31563579	1549142666		
The Raven Tower	Ann Leckie	2025-05-22	2025-05-22	no read audiobook in export; finish date missing/different	title/author	The Raven Tower	Read	Book		337974	30402240	B07L5Z7N2S		
Believe Me	Eddie Izzard	2025-05-22	2025-05-22	no read audiobook in export; finish date missing/different	probable title match—review	Believe Me: A Memoir of Love, Death, and Jazz Chickens	Read	Book		436227	20416210	B06XWYMP73		
Days of Blood & Starlight	Laini Taylor	2025-05-22	2025-05-22	no read audiobook in export; finish date missing/different	title/author	Days of Blood & Starlight	Read	Book		2127585	5508316	B009LN8EPA		
Dreams of Gods & Monsters	Laini Taylor	2025-05-22	2025-05-22	no read audiobook in export; finish date missing/different	title/author	Dreams of Gods & Monsters	Read	Book		475422	30406604	B00JIYMJZ8		
Night of Cake & Puppets	Laini Taylor	2025-05-22	2025-05-22	no read audiobook in export; finish date missing/different	title/author	Night of Cake & Puppets	Read	Book		477974	9415765	B00H3R2MVI		
Wishful Drinking	Carrie Fisher	2025-05-22	2025-05-22	no read audiobook in export; finish date missing/different	title/author	Wishful Drinking	Read	Book		306828	24075379	B002V5GX0I	9780743583411	
Starless	Jacqueline Carey	2025-05-22	2025-05-22	no read audiobook in export; finish date missing/different	title/author	Starless	Read	Book		448671	5510652	B07DLF47PK		
The Last Days of August	Jon Ronson	2025-05-22	2025-05-22	no read audiobook in export; finish date missing/different	title/author	The Last Days of August	Read	Book		645598	30624674	B07JK61MK3		
Strange Practice	Vivian Shaw	2025-05-22	2025-05-22	no read audiobook in export; finish date missing/different	title/author	Strange Practice	Read	Book		430499	27156242	B074HCGXMR		
Dreadful Company	Vivian Shaw	2025-05-22	2025-05-22	no read audiobook in export; finish date missing/different	title/author	Dreadful Company	Read	Ebook		428779	31802991	B07FP32DJF		
The Blade Itself	Joe Abercrombie	2025-05-22	2025-05-22	no read audiobook in export; finish date missing/different	title/author	The Blade Itself	Read	Book		383404	30652201	B014LL6R5U		
Before They Are Hanged	Joe Abercrombie	2025-05-22	2025-05-22	no read audiobook in export; finish date missing/different	title/author	Before They Are Hanged	Read	Book		434460	30693293	B014LL69TO		
Last Argument of Kings	Joe Abercrombie	2025-05-22	2025-05-22	no read audiobook in export; finish date missing/different	title/author	Last Argument of Kings	Read	Book		433213	30693294	B014LL6Y4O		
Skyward	Brandon Sanderson	2025-05-22	2025-05-22	no read audiobook in export; finish date missing/different	title/author	Skyward	Read	Book		427749	15451021	B07H7Q5D3M		
The Diary of a Hounslow Girl	Ambreen Razia	2025-05-22	2025-05-22	no read audiobook in export; finish date missing/different	title/author	The Diary of a Hounslow Girl	Read	Book		1134046	31158113	B07KWF6W4M		
Falling Free	Lois McMaster Bujold	2025-05-22	2025-05-22	no read audiobook in export; finish date missing/different	title/author	Falling Free	Read	Book		267124	24007057	B002V5IRNY		
Shards of Honor	Lois McMaster Bujold	2025-05-22	2025-05-22	no read audiobook in export; finish date missing/different	title/author	Shards of Honor	Read	Book		474582	32045911	B002V0LTHK		
Barrayar	Lois McMaster Bujold	2025-05-22	2025-05-22	no read audiobook in export; finish date missing/different	title/author	Barrayar	Read	Book		458046	30636645	B00309OTU0		
The Warrior's Apprentice	Lois McMaster Bujold	2025-05-22	2025-05-22	no read audiobook in export; finish date missing/different	title/author	The Warrior's Apprentice	Read	Book		442592	18798853	B0036K2EZK		
The Vor Game	Lois McMaster Bujold	2025-05-22	2025-05-22	no read audiobook in export; finish date missing/different	title/author	The Vor Game	Read	Book		458118	30542058	B002V0GFSS		
Cetaganda	Lois McMaster Bujold	2025-05-22	2025-05-22	no read audiobook in export; finish date missing/different	title/author	Cetaganda	Read	Book		856240	30872035	B0036JUM0A		
Ethan of Athos	Lois McMaster Bujold	2025-05-22	2025-05-22	no read audiobook in export; finish date missing/different	title/author	Ethan of Athos	Read	Book		344286	14535813	B002UZL0U2		
Brothers in Arms	Lois McMaster Bujold	2025-05-22	2025-05-22	no read audiobook in export; finish date missing/different	title/author	Brothers in Arms	Read	Book		457553	30433121	B002VACF0U		
Mirror Dance	Lois McMaster Bujold	2025-05-22	2025-05-22	no read audiobook in export; finish date missing/different	title/author	Mirror Dance	Read	Book		442049	3096228	B002V1A7F4		
Memory	Lois McMaster Bujold	2025-05-22	2025-05-22	no read audiobook in export; finish date missing/different	title/author	Memory	Read	Book		856239	30395490	B002V1BM9O		
Komarr	Lois McMaster Bujold	2025-05-22	2025-05-22	no read audiobook in export; finish date missing/different	title/author	Komarr	Read	Book		458044	30433125	B002UZYXVU		
Winterfair Gifts	Lois McMaster Bujold	2025-05-22	2025-05-22	no read audiobook in export; finish date missing/different	title/author	Winterfair Gifts	Read	Book		458963	31687466	B002UZJKTA		
Diplomatic Immunity	Lois McMaster Bujold	2025-05-22	2025-05-22	no read audiobook in export; finish date missing/different	title/author	Diplomatic Immunity	Read	Book		458045	30433111	B002V8LAAI		
The Flowers of Vashnoi	Lois McMaster Bujold	2025-05-22	2025-05-22	no read audiobook in export; finish date missing/different	title/author	The Flowers of Vashnoi	Read	Book		439341	30412127	1982557702		
Captain Vorpatril's Alliance	Lois McMaster Bujold	2025-05-22	2025-05-22	no read audiobook in export; finish date missing/different	title/author	Captain Vorpatril's Alliance	Read	Book		106668	30633337	B009P56HIK		
Cryoburn	Lois McMaster Bujold	2025-05-22	2025-05-22	no read audiobook in export; finish date missing/different	title/author	Cryoburn	Read	Ebook		459626	30794437	B0046CL6HY		
Gentleman Jole and the Red Queen	Lois McMaster Bujold	2025-05-22	2025-05-22	no read audiobook in export; finish date missing/different	title/author	Gentleman Jole and the Red Queen	Read	Book		349418	31450431	B019G0PTD2		
Blood of the Earth	Faith Hunter	2025-05-22	2025-05-22	no read audiobook in export; finish date missing/different	title/author	Blood of the Earth	Read	Book		458610	30398309	B01J4HC0TS		
Curse on the Land	Faith Hunter	2025-05-22	2025-05-22	no read audiobook in export; finish date missing/different	title/author	Curse on the Land	Read	Book		458611	30398265	B01M3UZH89		
Girls & Boys	Dennis Kelly	2025-05-22	2025-05-22	no read audiobook in export; finish date missing/different	title/author	Girls & Boys	Read	Book	2025-12-16	436633	23268097	B07DL1VSHB		
Sins of Empire	Brian McClellan	2025-05-22	2025-05-22	no read audiobook in export; finish date missing/different	probable title match—review	Sins of Empire	Read	Book		467520	30508345	B06WLM8K6B		
Wrath of Empire	Brian McClellan	2025-05-22	2025-05-22	no read audiobook in export; finish date missing/different	title/author	Wrath of Empire	Read	Book		461271	30508296	B07BMH2BGK		
Mortal Engines	Philip Reeve	2025-05-22	2025-05-22	no read audiobook in export; finish date missing/different	title/author	Mortal Engines	Read	Book		181024	30795015	B076PN6TRH	9781338214321	
October	China Mieville	2025-05-22	2025-05-22	no read audiobook in export; finish date missing/different	probable title match—review	October: The Story of the Russian Revolution	Read	Book		442920	14498809	B06XWG6X42		
For We Are Many	Dennis E. Taylor	2025-05-22	2025-05-22	no read audiobook in export; finish date missing/different	title/author	For We Are Many	Read	Ebook		427993	30407482	B01N17THEO		
Children of Blood and Bone	Tomi Adeyemi	2025-05-22	2025-05-22	no read audiobook in export; finish date missing/different	title/author	Children of Blood and Bone	Read	Book		428314	21244801	B075NSTP58		
One Good Dragon Deserves Another	Rachel Aaron	2025-05-22	2025-05-22	no read audiobook in export; finish date missing/different	title/author	One Good Dragon Deserves Another	Read	Book		468037	30385872	B012EHUVKA		
No Good Dragon Goes Unpunished	Rachel Aaron	2025-05-22	2025-05-22	no read audiobook in export; finish date missing/different	title/author	No Good Dragon Goes Unpunished	Read	Ebook		468035	30385870	B01IWE7UY4		
A Dragon of a Different Color	Rachel Aaron	2025-05-22	2025-05-22	no read audiobook in export; finish date missing/different	title/author	A Dragon of a Different Color	Read	Book		468036	30385871	B075GXN8P2		
Last Dragon Standing	Rachel Aaron	2025-05-22	2025-05-22	no read audiobook in export; finish date missing/different	title/author	Last Dragon Standing	Read	Ebook		468024	30385859	B079NL6P2H		
The Fifth Season	N. K. Jemisin	2025-05-22	2025-05-22	no read audiobook in export; finish date missing/different	title/author	The Fifth Season	Read	Book		427825	20057999	B012HQ7IPY		
The Obelisk Gate	N. K. Jemisin	2025-05-22	2025-05-22	no read audiobook in export; finish date missing/different	title/author	The Obelisk Gate	Read	Book		427868	30390634	B01K5RQ6J6		
The Stone Sky	N. K. Jemisin	2025-05-22	2025-05-22	no read audiobook in export; finish date missing/different	title/author	The Stone Sky	Read	Book		427884	30390649	B07288JYYG		
Every Heart a Doorway	Seanan McGuire	2025-05-22	2025-05-22	no read audiobook in export; finish date missing/different	title/author	Every Heart a Doorway	Read	Book		428383	31482871	B0161TMJ5C		
Artemis	Andy Weir	2025-05-22	2025-05-22	no read audiobook in export; finish date missing/different	title/author	Artemis	Read	Book		99422	30406820	B072R1CY4P		
Oathbringer	Brandon Sanderson	2025-05-22	2025-05-22	no read audiobook in export; finish date missing/different	title/author	Oathbringer	Read	Book		459452	30455612	B0718Z5K4C		
Blood of Elves	Andrzej Sapkowski	2025-05-22	2025-05-22	no read audiobook in export; finish date missing/different	title/author	Blood of Elves	Read	Book		445065	32343691	B00XV1ALO0		
Ninefox Gambit	Yoon Ha Lee	2025-05-22	2025-05-22	no read audiobook in export; finish date missing/different	probable title match—review	Ninefox Gambit	Read	Book		427867	31548915	B01GIOKF3S	9781501919381	
The Family Trade	Charles Stross	2025-05-22	2025-05-22	no read audiobook in export; finish date missing/different	title/author	The Family Trade	Read	Book		441093	30880114	B00UG33W6U		
The Hidden Family	Charles Stross	2025-05-22	2025-05-22	no read audiobook in export; finish date missing/different	title/author	The Hidden Family	Read	Book		457229	30696347	B00XK3FZF4		
The Clan Corporate	Charles Stross	2025-05-22	2025-05-22	no read audiobook in export; finish date missing/different	title/author	The Clan Corporate	Read	Book		463499	30381162	B01012V9JW		
The Merchants' War	Charles Stross	2025-05-22	2025-05-22	no read audiobook in export; finish date missing/different	title/author	The Merchants' War	Read	Book		457766	31687455	B014EMLGUM		
The Revolution Business	Charles Stross	2025-05-22	2025-05-22	no read audiobook in export; finish date missing/different	title/author	The Revolution Business	Read	Book		457714	30421008	B0189OKEO0		
The Trade of Queens	Charles Stross	2025-05-22	2025-05-22	no read audiobook in export; finish date missing/different	title/author	The Trade of Queens	Read	Book		89047	31687361	B0195CI1QS		
Empire Games	Charles Stross	2025-05-22	2025-05-22	no read audiobook in export; finish date missing/different	title/author	Empire Games	Read	Book		448665	30795277	B01NCWQP6F		
Dark State	Charles Stross	2025-05-22	2025-05-22	no read audiobook in export; finish date missing/different	probable title match—review	Dark State	Read	Book		459046	31157633	B078MR6WQ6		
Mutineer	Mike Shepherd	2025-05-22	2025-05-22	no read audiobook in export; finish date missing/different	title/author	Mutineer	Read	Book		351855	26230501	B002V8H6V0		
Deserter	Mike Shepherd	2025-05-22	2025-05-22	no read audiobook in export; finish date missing/different	title/author	Deserter	Read	Book		1023700	31048219	B002V0LUOW		
Defiant	Mike Shepherd	2025-05-22	2025-05-22	no read audiobook in export; finish date missing/different	title/author	Defiant	Read	Book		643162	30621960	B002V1NQ66		
Resolute	Mike Shepherd	2025-05-22	2025-05-22	no read audiobook in export; finish date missing/different	title/author	Resolute	Read	Book		1023718	31048237	B002V1NQAC		
Audacious	Mike Shepherd	2025-05-22	2025-05-22	no read audiobook in export; finish date missing/different	title/author	Audacious	Read	Book		1023701	31048220	B002V1NQDO		
Intrepid	Mike Shepherd	2025-05-22	2025-05-22	no read audiobook in export; finish date missing/different	title/author	Intrepid	Read	Book		1023702	31048221	B002V0A7AA		
Ancillary Justice	Ann Leckie	2025-05-22	2025-05-22	no read audiobook in export; finish date missing/different	title/author	Ancillary Justice	Read	Book		95034	30629193	1549174908	9781549174902	
Ancillary Sword	Ann Leckie	2025-05-22	2025-05-22	no read audiobook in export; finish date missing/different	title/author	Ancillary Sword	Read	Book		42612	30447521	B00O5GFLRC		
Ancillary Mercy	Ann Leckie	2025-05-22	2025-05-22	no read audiobook in export; finish date missing/different	title/author	Ancillary Mercy	Read	Book		89213	30889924	B014JWUK8Q		
Autumn Bones	Jacqueline Carey	2025-05-22	2025-05-22	no read audiobook in export; finish date missing/different	title/author	Autumn Bones	Read	Book		461552	30393652	B00FJR96ZE		
Poison Fruit	Jacqueline Carey	2025-05-22	2025-05-22	no read audiobook in export; finish date missing/different	title/author	Poison Fruit	Read	Book		459433	30393654	B00O8IPW3K		
Off to Be the Wizard	Scott Meyer	2025-05-22	2025-05-22	no read audiobook in export; finish date missing/different	title/author	Off to Be the Wizard	Read	Book		427622	12252114	B00IIS32NI		
Ghost Talkers	Mary Robinette Kowal	2025-05-22	2025-05-22	no read audiobook in export; finish date missing/different	title/author	Ghost Talkers	Read	Book		441128	2435539	B01GSJHSS8		
Dead Rising	Debra Dunbar	2025-05-22	2025-05-22	no read audiobook in export; finish date missing/different	title/author	Dead Rising	Read	Book		496530	30444990	B01KU584NE		
Indexing	Seanan McGuire	2025-05-22	2025-05-22	no read audiobook in export; finish date missing/different	title/author	Indexing	Read	Book		318992	31600040	B00IK12AZ4		
Indexing: Reflections	Seanan McGuire	2025-05-22	2025-05-22	no read audiobook in export; finish date missing/different	title/author	Indexing: Reflections	Read	Book		995889	31020646	B0198LMI2O		
Shadows of Self	Brandon Sanderson	2025-05-22	2025-05-22	no read audiobook in export; finish date missing/different	title/author	Shadows of Self	Read	Book		135725	30468880	B014LLCT7A		
The Bands of Mourning	Brandon Sanderson	2025-05-22	2025-05-22	no read audiobook in export; finish date missing/different	title/author	The Bands of Mourning	Read	Book		427966	2316588	B0189QQXRA		
The Alloy of Law	Brandon Sanderson	2025-05-22	2025-05-22	no read audiobook in export; finish date missing/different	title/author	The Alloy of Law	Read	Book		330249	30422640	B005ZUI3OA		
The Well of Ascension	Brandon Sanderson	2025-05-22	2025-05-22	no read audiobook in export; finish date missing/different	title/author	The Well of Ascension	Read	Book		427383	18882062	B002V5GLQ4		
The Hero of Ages	Brandon Sanderson	2025-05-22	2025-05-22	no read audiobook in export; finish date missing/different	title/author	The Hero of Ages	Read	Book		103241	4780391	B002VA9IKK		
Naamah's Kiss	Jacqueline Carey	2025-05-22	2025-05-22	no read audiobook in export; finish date missing/different	title/author	Naamah's Kiss	Read	Ebook		386472	533188	B002VA9N4Q		
Naamah's Curse	Jacqueline Carey	2025-05-22	2025-05-22	no read audiobook in export; finish date missing/different	title/author	Naamah's Curse	Read	Book		93422	19342135	B003R2X1JK		
Naamah's Blessing	Jacqueline Carey	2025-05-22	2025-05-22	no read audiobook in export; finish date missing/different	title/author	Naamah's Blessing	Read	Book		261819	3729310	B0058JNUCS		
Beggars in Spain	Nancy Kress	2025-05-22	2025-05-22	no read audiobook in export; finish date missing/different	title/author	Beggars in Spain	Read	Book		327532	22236020	B002V1JFFC		
Steelheart	Brandon Sanderson	2025-05-22	2025-05-22	no read audiobook in export; finish date missing/different	title/author	Steelheart	Read	Book		39657	30565057	B00ECDZ08I		
Mitosis	Brandon Sanderson	2025-05-22	2025-05-22	no read audiobook in export; finish date missing/different	probable title match—review	Mitosis: A Reckoners Story	Read	Book		427474	30425894	B00LSYYMY2		
Firefight	Brandon Sanderson	2025-05-22	2025-05-22	no read audiobook in export; finish date missing/different	title/author	Firefight	Read	Book	2025-12-16	427458	31563073	B00O3IUEII		
Calamity	Brandon Sanderson	2025-05-22	2025-05-22	no read audiobook in export; finish date missing/different	title/author	Calamity	Read	Book		427477	31687337	B019P7DVPE		
Brilliance of the Moon	Lian Hearn	2025-05-22	2025-05-22	no read audiobook in export; finish date missing/different	title/author	Brilliance of the Moon	Read	Book		229421	15015433	B002V5BU42		
Across the Nightingale Floor	Lian Hearn	2025-05-22	2025-05-22	no read audiobook in export; finish date missing/different	title/author	Across the Nightingale Floor	Read	Book		307890	25369771	B002VAA7UU		
Grass for His Pillow	Lian Hearn	2025-05-22	2025-05-22	no read audiobook in export; finish date missing/different	title/author	Grass for His Pillow	Read	Book		446802	23063169	B002V5CMTO		
The Aeronaut's Windlass	Jim Butcher	2025-05-22	2025-05-22	no read audiobook in export; finish date missing/different	title/author	The Aeronaut's Windlass	Read	Book		458602	6454628	B0143O99FK		
Furies of Calderon	Jim Butcher	2025-05-22	2025-05-22	no read audiobook in export; finish date missing/different	title/author	Furies of Calderon	Read	Book		380212	30504276	B002V8HC7I		
Cursor's Fury	Jim Butcher	2025-05-22	2025-05-22	no read audiobook in export; finish date missing/different	title/author	Cursor's Fury	Read	Book		437923	30429326	B002V0TG16		
Captain's Fury	Jim Butcher	2025-05-22	2025-05-22	no read audiobook in export; finish date missing/different	title/author	Captain's Fury	Read	Book		258514	1948989	B002V5CMK8		
Princeps' Fury	Jim Butcher	2025-05-22	2025-05-22	no read audiobook in export; finish date missing/different	title/author	Princeps' Fury	Read	Book		40860	30919438	B002V0KCYG		
First Lord's Fury	Jim Butcher	2025-05-22	2025-05-22	no read audiobook in export; finish date missing/different	title/author	First Lord's Fury	Read	Book		10095	30492172	B01JZM8RH6		
Insurrection	Thomas M. Reid	2025-05-22	2025-05-22	no read audiobook in export; finish date missing/different	title/author	Insurrection	Read	Ebook		837630	31687437	B00AW2ZHMC		
Dissolution	Richard Lee Byers	2025-05-22	2025-05-22	no read audiobook in export; finish date missing/different	title/author	Dissolution	Read	Ebook		271668	296765	B00AWDA6C2		
Queen of the Darkness	Anne Bishop	2025-05-22	2025-05-22	no read audiobook in export; finish date missing/different	title/author	Queen of the Darkness	Read	Book		275805	1982776	B003RCE1JY		
Daughter of the Blood	Anne Bishop	2025-05-22	2025-05-22	no read audiobook in export; finish date missing/different	title/author	Daughter of the Blood	Read	Book		447718	26484641	B003C28KXM		
Heir to the Shadows	Anne Bishop	2025-05-22	2025-05-22	no read audiobook in export; finish date missing/different	title/author	Heir to the Shadows	Read	Book		446147	30506635	B003LMNK2E		
Cryptonomicon	Neal Stephenson	2025-05-22	2025-05-22	no read audiobook in export; finish date missing/different	title/author	Cryptonomicon	Read	Book		386719	5310645	B086WMZ9WR		
Kushiel's Dart	Jacqueline Carey	2025-05-22	2025-05-22	no read audiobook in export; finish date missing/different	title/author	Kushiel's Dart	Read	Book		427397	10192683	B002V8HEEE	9781400179497	
Kushiel's Chosen	Jacqueline Carey	2025-05-22	2025-05-22	no read audiobook in export; finish date missing/different	title/author	Kushiel's Chosen	Read	Book		439003	32164650	B002VA8LKS	9781400179503	
Kushiel's Avatar	Jacqueline Carey	2025-05-22	2025-05-22	no read audiobook in export; finish date missing/different	title/author	Kushiel's Avatar	Read	Book		439093	11559033	B002V082MA	9781400179510	
Kushiel's Justice	Jacqueline Carey	2025-05-22	2025-05-22	no read audiobook in export; finish date missing/different	probable title match—review	Kushiel's Justice	Read	Book		380013	31687460	B002V5GZQK		
Kushiel's Mercy	Jacqueline Carey	2025-05-22	2025-05-22	no read audiobook in export; finish date missing/different	title/author	Kushiel's Mercy	Read	Book		338270	31687318	B002V0TG4I		
The Hallowed Hunt	Lois McMaster Bujold	2025-05-22	2025-05-22	no read audiobook in export; finish date missing/different	title/author	The Hallowed Hunt	Read	Ebook		383394	30436804	B002V0QHSG		
Penric and the Shaman	Lois McMaster Bujold	2025-05-22	2025-05-22	no read audiobook in export; finish date missing/different	title/author	Penric and the Shaman	Read	Book		461429	30432952	B01NACOKLN		
Penric's Mission: A Novella in the World of the Five Gods	Lois McMaster Bujold	2025-05-22	2025-05-22	no read audiobook in export; finish date missing/different	probable title match—review	Penric's Mission	Read	Book		489681	30436805	B01MUCWLLY		
The Curse of Chalion	Lois McMaster Bujold	2025-05-22	2025-05-22	no read audiobook in export; finish date missing/different	title/author	The Curse of Chalion	Read	Book		146704	22817578	B002V0M5FU		
Paladin of Souls	Lois McMaster Bujold	2025-05-22	2025-05-22	no read audiobook in export; finish date missing/different	title/author	Paladin of Souls	Read	Book		381205	20163176	B002UZLB92		
Machine Man	Max Barry	2025-05-22	2025-05-22	no read audiobook in export; finish date missing/different	title/author	Machine Man 	Read	Book		333174	5030319	B005FMYOIC		
Snow Crash	Neal Stephenson	2025-05-22	2025-05-22	no read audiobook in export; finish date missing/different	title/author	Snow Crash	Read	Book		92854	6323255	B002UUKWCY		
Bellwether	Connie Willis	2025-05-22	2025-05-22	no read audiobook in export; finish date missing/different	title/author	Bellwether	Read	Book		107801	16610886	B002V1BMW6		
1Q84	Haruki Murakami, Jay Rubin - translator, Philip Gabriel - translator	2025-05-22	2025-05-22	no read audiobook in export; finish date missing/different	title/author	1Q84	Read	Book		427687	28550547	B005XZM7R6		
Hard-Boiled Wonderland and the End of the World	Haruki Murakami	2025-05-22	2025-05-22	no read audiobook in export; finish date missing/different	title/author	Hard-Boiled Wonderland and the End of the World	Read	Book		430705	20105775	B07DFM7Y68		
Fool Moon	Jim Butcher	2025-05-22	2025-05-22	no read audiobook in export; finish date missing/different	title/author	Fool Moon	Read	Book		183010	19170037	B002V1BII4		
Grave Peril	Jim Butcher	2025-05-22	2025-05-22	no read audiobook in export; finish date missing/different	title/author	Grave Peril	Read	Book		309362	30117722	B002V8MMPU		
Death Masks	Jim Butcher	2025-05-22	2025-05-22	no read audiobook in export; finish date missing/different	title/author	Death Masks	Read	Book		1244	19221704	B002V9ZE4A		
Turn Coat	Jim Butcher	2025-05-22	2025-05-22	no read audiobook in export; finish date missing/different	title/author	Turn Coat	Read	Book		187503	17446455	B002V0M1R2		
Side Jobs	Jim Butcher	2025-05-22	2025-05-22	no read audiobook in export; finish date missing/different	probable title match—review	Side Jobs: Stories from The Dresden Files	Read	Book		445869	30430493	B004708FYW		
Ghost Story	Jim Butcher	2025-05-22	2025-05-22	no read audiobook in export; finish date missing/different	title/author	Ghost Story	Read	Book		333169	30446743	B00UVR0LWY		
The Name of the Wind	Patrick Rothfuss	2025-05-22	2025-05-22	no read audiobook in export; finish date missing/different	title/author	The Name of the Wind	Read	Book		379217	19454574	B002UZMLXM		
The Wise Man's Fear	Patrick Rothfuss	2025-05-22	2025-05-22	no read audiobook in export; finish date missing/different	title/author	The Wise Man's Fear	Read	Book		381332	31488150	B007Q37QD8		
Bad Habit	Alana S. Portero, Mara Faye Lethem - translator	2025-05-22	2025-05-22	no read audiobook in export	probable title match—review	Bad Habit	Read	Book	2025-05-22	1204816	32164695	B0CCW3TN5J		
The Sword of Kaigen: A Theonite War Story	M. L. Wang	2025-05-23	2025-05-22	no read audiobook in export	probable title match—review	The Sword of Kaigen	Read	Book	2025-05-23	445706	30396833	B08GGD1BH1		
Wrath Goddess Sing	Maya Deane	2025-05-25	2025-05-24	no read audiobook in export	probable title match—review	Wrath Goddess Sing	Read	Book	2025-05-25	455447	31668545	B09JXLRPMQ		
Compass Rose	Anna Burke	2025-05-26	2025-05-25	no read audiobook in export	title/author	Compass Rose	Read	Book	2025-05-26	439105	12372412	B07VKF2R57		
Moonstone: The Boy Who Never Was	Sjon, Victoria Cribb - translator	2025-05-26	2025-05-26	no read audiobook in export	title/author	Moonstone: The Boy Who Never Was	Read	Book	2025-05-26	1222850	31247898	B01IIPG43U		
Knot of Shadows	Lois McMaster Bujold	2025-05-26	2025-05-26	no read audiobook in export; finish date missing/different	title/author	Knot of Shadows	Read	Book		696198	30684850	B09MR6VNJD		
One More Last Time	Eric Ugland	2025-05-27	2025-05-27	no read audiobook in export; finish date missing/different	title/author	One More Last Time	Read	Book		497387	30446039	1541404467	9781541404465	
Heir Today, Pawn Tomorrow: A LitRPG/GameLit Novel	Eric Ugland	2025-05-27	2025-05-27	no read audiobook in export; finish date missing/different	probable title match—review	Heir Today, Pawn Tomorrow	Read	Book		637923	30615792	1541404475	9781541404472	
Dungeon Mauling	Eric Ugland	2025-05-27	2025-05-27	no read audiobook in export; finish date missing/different	title/author	Dungeon Mauling	Read	Ebook		637922	30615791	1541404548	9781541404540	
Dukes and Ladders: A LitRPG/Gamelit Adventure	Eric Ugland	2025-05-27	2025-05-27	no read audiobook in export; finish date missing/different	probable title match—review	Dukes and Ladders	Read	Book		637921	30615790	1515942457	9781515942450	
Home, Siege Home: A LitRPG/GameLit Novel	Eric Ugland	2025-05-27	2025-05-27	no read audiobook in export; finish date missing/different	probable title match—review	Home, Siege Home	Read	Book		637920	30615789	1515942465	9781515942467	
The Bare Hunt	Eric Ugland	2025-05-27	2025-05-27	no read audiobook in export; finish date missing/different	title/author	The Bare Hunt	Read	Book		637919	30615788	1494548682	9781494548681	
Eastbound and Town	Eric Ugland	2025-05-27	2025-05-27	no read audiobook in export; finish date missing/different	title/author	Eastbound and Town	Read	Book		637918	30615787	1977300502	9781977300508	
Four Beheadings and a Funeral	Eric Ugland	2025-05-27	2025-05-27	no read audiobook in export; finish date missing/different	title/author	Four Beheadings and a Funeral	Read	Ebook		995399	31020151	1494548690	9781494548698	
Eat, Slay, Love	Eric Ugland	2025-05-27	2025-05-27	no read audiobook in export; finish date missing/different	title/author	Eat, Slay, Love	Read	Book		637916	30615785	1705267920	9781705267929	
Killing Them Awfully	Eric Ugland	2025-05-27	2025-05-27	no read audiobook in export; finish date missing/different	title/author	Killing Them Awfully	Read	Book		637915	30615784	1705267947	9781705267943	
Wild Wild Quest	Eric Ugland	2025-05-27	2025-05-27	no read audiobook in export; finish date missing/different	title/author	Wild Wild Quest	Read	Ebook		637911	30615780	B09N9ZGVD6	9781705267967	
Flex in the City	Eric Ugland	2025-05-27	2025-05-27	no read audiobook in export; finish date missing/different	title/author	Flex in the City	Read	Book		637822	30615691	B0BH6Z68LZ	9781666176186	
Bad to the Throne	Eric Ugland	2025-05-27	2025-05-27	no read audiobook in export; finish date missing/different	title/author	Bad to the Throne	Read	Book		1077660	31101719	B0DC74YPT3		
He Who Fights with Monsters: A LitRPG Adventure	Shirtaloon, Travis Deverell	2025-05-27	2025-05-27	no read audiobook in export; finish date missing/different	probable title match—review	He Who Fights with Monsters	Read	Book		2371526	31147086	1774248182		
He Who Fights with Monsters 2	Shirtaloon, Travis Deverell	2025-05-27	2025-05-27	no read audiobook in export; finish date missing/different	title/author	He Who Fights with Monsters 2	Read	Book		587448	30554099	1774249162		
He Who Fights with Monsters 5	Shirtaloon, Travis Deverell	2025-05-27	2025-05-27	no read audiobook in export; finish date missing/different	title/author	He Who Fights with Monsters 5	Read	Ebook		587442	31230441	B09PSSTFP3		
He Who Fights with Monsters 6	Shirtaloon, Travis Deverell	2025-05-27	2025-05-27	no read audiobook in export; finish date missing/different	title/author	He Who Fights With Monsters 6	Read	Book		587441	31230443	B09WB2V33H		
He Who Fights with Monsters 7	Shirtaloon, Travis Deverell	2025-05-27	2025-05-27	no read audiobook in export; finish date missing/different	title/author	He Who Fights with Monsters 7	Read	Ebook		567927	31019901	B0B5HY4BM7		
He Who Fights with Monsters 8	Shirtaloon, Travis Deverell	2025-05-27	2025-05-27	no read audiobook in export; finish date missing/different	title/author	He Who Fights With Monsters 8	Read	Ebook		638211	31230445	B0BDMQN3S8	9781039410008	
He Who Fights with Monsters 10	Shirtaloon, Travis Deverell	2025-05-27	2025-05-27	no read audiobook in export; finish date missing/different	title/author	He Who Fights with Monsters 10	Read	Ebook		856789	31230447	B0C1PV6Q7C		
He Who Fights with Monsters 11: A LitRPG Adventure	Shirtaloon, Travis Deverell	2025-05-27	2025-05-27	no read audiobook in export; finish date missing/different	probable title match—review	He Who Fights with Monsters 11	Read	Ebook		1205399	31230448	B0D1DPR1X3		
The Fifth Elephant	Terry Pratchett	2025-05-27	2025-05-27	no read audiobook in export; finish date missing/different	title/author	The Fifth Elephant	Read	Book		152389	30417874	B09M8X6H8X		
The Unkindest Tide	Seanan McGuire	2025-05-27	2025-05-27	no read audiobook in export; finish date missing/different	title/author	The Unkindest Tide	Read	Book		476457	30397845	B07Z9KFK8L		
Demon Daughter	Lois McMaster Bujold	2025-05-27	2025-05-27	no read audiobook in export; finish date missing/different	title/author	Demon Daughter	Read	Book		1109443	31133464	B0CT45TLCQ		
Never Anyone but You	Rupert Thomson	2025-05-30	2025-05-29	no read audiobook in export	title/author	Never Anyone But You	Read	Book	2025-05-30	514038	32164652	B07BC67TVF		
Alien: Covenant Origins	Alan Dean Foster	2025-06-02	2025-06-01	no read audiobook in export	title/author	Alien: Covenant Origins	Read	Book	2025-06-02	782567	31668727	B0752RX6NJ		
Grave Importance	Vivian Shaw	2025-06-03	2025-06-02	no read audiobook in export	title/author	Grave Importance	Read	Book	2025-06-03	468160	30385995	1478945176		
When Dusk Comes	J.J. Arias	2025-06-09	2025-06-08	no read audiobook in export	title/author	When Dusk Comes	Read	Ebook	2025-06-09	514852	30467386	B0F2GJ3NP1		
Sunset Fallen	J.J. Arias	2025-06-10	2025-06-09	no read audiobook in export; finish date missing/different	title/author	Sunset Fallen	Read	Book	2025-06-11	1183048	31207750	B0F2BBK1LL		
New Day Rising	J.J. Arias	2025-06-11	2025-06-11	no read audiobook in export	title/author	New Day Rising	Read	Book	2025-06-11	1182475	31207178	B0F71TXB9P		
Split Tooth	Tanya Tagaq	2025-06-12	2025-06-11	no read audiobook in export	title/author	Split Tooth	Read	Book	2025-06-12	448581	9653241	073523745X		
Sheepfarmer's Daughter	Elizabeth Moon	2025-06-13	2025-06-12	no read audiobook in export	title/author	Sheepfarmer's Daughter	Read	Book	2025-06-13	441105	6376275	B003C26RG4		
Oath of Gold	Elizabeth Moon	2025-06-14	2025-06-13	no read audiobook in export; finish date missing/different	title/author	Oath Of Gold	Read	Book	2025-06-15	457203	30603848	B003BATFV6		
All Systems Red	Martha Wells	2025-06-14	2025-05-22	no read audiobook in export; finish date missing/different	title/author	All Systems Red	Read	Book	2025-06-15	427971	31608045	B076XSGP65	9781501977824	
Exit Strategy	Martha Wells	2025-06-15	2025-05-22	no read audiobook in export	title/author	Exit Strategy	Read	Book	2025-06-15	432448	30401469	B07FF9TJ2K	9781501999994	
Divided Allegiance	Elizabeth Moon	2025-06-15	2025-06-13	no read audiobook in export; finish date missing/different	title/author	Divided Allegiance	Read	Book	2025-06-14	468576	31097376	B003C1Z4NC		
The Tombs of Atuan	Ursula K. Le Guin	2025-06-19	2025-06-19	no read audiobook in export	title/author	The Tombs of Atuan	Read	Ebook	2025-06-19	37746	28306385	B003U6SERW	9781449840839	
The Farthest Shore	Ursula K. Le Guin	2025-06-19	2025-06-19	no read audiobook in export	title/author	The Farthest Shore	Read	Book	2025-06-19	6524	1500515	B003U70Z5K		
I Feed Her to the Beast and the Beast Is Me	Jamison Shea	2025-06-20	2025-06-20	no read audiobook in export; finish date missing/different	title/author	I Feed Her to the Beast and the Beast Is Me	Read	Ebook	2025-01-20	835496	30848200	B0BWFVYGLF		
Something New Under the Sun	Alexandra Kleeman	2025-06-22	2025-06-22	no read audiobook in export	title/author	Something New Under the Sun	Read	Book	2025-06-22	445449	30407117	0593410556		
The Bone Shard Emperor	Andrea Stewart	2025-06-23	2025-06-23	no read audiobook in export	title/author	The Bone Shard Emperor	Read	Book	2025-06-23	465197	30382870	B09L54VXRL		
Two Ravens and One Crow	Kevin Hearne	2025-06-24	2025-06-24	no read audiobook in export; finish date missing/different	title/author	Two Ravens and One Crow	Read	Book		429336	31129712	B0094JO09K		
The Bone Shard War	Andrea Stewart	2025-06-24	2025-06-24	no read audiobook in export	title/author	The Bone Shard War	Read	Book	2025-06-24	465105	30382778	B0BBYR5GRX		
Dream On, Ramona Riley	Ashley Herring Blake	2025-06-25	2025-06-24	no read audiobook in export	probable title match—review	Dream On, Ramona Riley	Read	Book	2025-06-25	1376948	32164713	B0DDCVMW7H		
Equal Rites	Terry Pratchett	2025-06-25	2025-06-25	no read audiobook in export	title/author	Equal Rites	Read	Book	2025-06-25	434155	30414541	B09LYYDBYH		
All-Night Pharmacy	Ruth Madievsky	2025-06-27	2025-06-27	no read audiobook in export; finish date missing/different	identifier	All-Night Pharmacy	Read	Book	2025-06-18	791556	30796893	B0C9VXVSGG	9781696612791	
The Hollow Heart	Marie Rutkoski	2025-06-27	2025-06-27	no read audiobook in export; finish date missing/different	title/author	The Hollow Heart	Read	Book	2025-06-18	462531	32164685	1250815525		
The Unfinished Line	Jen Lyon	2025-06-27	2025-06-27	no read audiobook in export; finish date missing/different	title/author	The Unfinished Line	Read	Book	2025-01-24	1600212	31672894	B0DP5GZJ8W		
The Midnight Lie	Marie Rutkoski	2025-06-27	2025-06-27	no read audiobook in export; finish date missing/different	title/author	The Midnight Lie	Read	Book	2025-06-17	1377481	31402555	1529336066		
The House in the Cerulean Sea	Tj Klune	2025-06-27	2025-06-27	no read audiobook in export	title/author	The House in the Cerulean Sea	Read	Ebook	2025-06-27	436805	30391814	1250264294		
Fair Game	Patricia Briggs	2025-06-27	2025-06-27	no read audiobook in export; finish date missing/different	title/author	Fair Game	Read	Ebook		11787	30520096	B007A4LT90		
Cry Wolf	Patricia Briggs	2025-06-27	2025-06-27	no read audiobook in export; finish date missing/different	title/author	Cry Wolf	Read	Book		467013	30537530	B002V1NIAU		
Wild Sign	Patricia Briggs	2025-06-27	2025-06-27	no read audiobook in export; finish date missing/different	title/author	Wild Sign	Read	Book		459301	30391998	0593347307		
A World Between	Emily Hashimoto	2025-06-27	2025-06-27	no read audiobook in export; finish date missing/different	probable title match—review	A World Between	Read	Book	2025-01-18	450562	31913591	B092G8K83C		
House of Hunger	Alexis Henderson	2025-06-27	2025-06-27	no read audiobook in export; finish date missing/different	title/author	House of Hunger	Read	Book	2025-05-10	512884	30465236	B09RXSYLRV		
The Skin and Its Girl	Sarah Cypher	2025-06-28	2025-06-28	no read audiobook in export; finish date missing/different	title/author	The Skin and Its Girl	Read	Book	2025-01-20	742497	30739721	B0B9TNJP3F	9780593668856	
Working God's Mischief	Glen Cook	2025-06-28	2025-06-28	no read audiobook in export; finish date missing/different	title/author	Working God's Mischief	Read	Book		458782	30553035	B00IUQCU0O		
The Ghosts of Rose Hill	R. M. Romero	2025-06-28	2025-06-28	no read audiobook in export; finish date missing/different	title/author	The Ghosts of Rose Hill	Read	Ebook	2025-05-03	479575	30663294	B09LK5SNXQ		
Lord of the Silent Kingdom	Glen Cook	2025-06-28	2025-06-28	no read audiobook in export; finish date missing/different	title/author	Lord of the Silent Kingdom	Read	Book		70040	11058679	B007TNLSTS		
Surrender to the Will of the Night	Glen Cook	2025-06-28	2025-06-28	no read audiobook in export; finish date missing/different	title/author	Surrender to the Will of the Night	Read	Book		459511	31615332	B007TANUB0		
Winter's Gifts	Ben Aaronovitch	2025-06-28	2025-06-28	no read audiobook in export; finish date missing/different	title/author	Winter's Gifts	Read	Book		799921	30806977	B0BNLHC43Y		
The Last Graduate	Naomi Novik	2025-06-29	2025-06-29	no read audiobook in export	title/author	The Last Graduate	Read	Book	2025-06-29	441044	30396979	0593287436		
Strange New World	Vivian Shaw	2025-06-29	2025-06-29	no read audiobook in export; finish date missing/different	identifier	Strange New World	Read	Book	2025-06-26	1788250	32164628	B0DJN6BFT5	9781668650219	
Bitter Waters	Vivian Shaw	2025-06-29	2025-06-29	no read audiobook in export; finish date missing/different	title/author	Bitter Waters	Read	Book	2025-06-25	1432040	31468589	B0CKNMFN4S	9781668642191	
The Golden Enclaves	Naomi Novik	2025-06-30	2025-06-29	no read audiobook in export	title/author	The Golden Enclaves	Read	Book	2025-06-30	459821	30391820	B09NQKQRWL		
Night Owls	A.R. Vishny	2025-07-17	2025-07-17	no read audiobook in export; finish date missing/different	probable title match—review	Night Owls	Read	Book	2025-01-03	1194231	31913640	B0CQYWVVKK		
VenCo	Cherie Dimaline	2025-06-30	2025-06-30	no read audiobook in export; finish date missing/different	title/author	VenCo	Read	Book	2025-02-08	555833	30515005	B09ZYPVFBS		
The Black Company	Glen Cook	2025-07-01	2025-07-01	no read audiobook in export; finish date missing/different	title/author	The Black Company	Read	Ebook		445457	9166836	B003T1LJ70		
Shadows Linger	Glen Cook	2025-07-01	2025-07-01	no read audiobook in export; finish date missing/different	title/author	Shadows Linger	Read	Book		446111	9758404	B003XX5CCM		
The White Rose	Glen Cook	2025-07-01	2025-07-01	no read audiobook in export; finish date missing/different	title/author	The White Rose	Read	Book		446115	2598901	B003XWTMNI		
Shadow Games	Glen Cook	2025-07-01	2025-07-01	no read audiobook in export; finish date missing/different	title/author	Shadow Games	Read	Book		445955	28650479	B003UCLS4C		
Dreams of Steel	Glen Cook	2025-07-01	2025-07-01	no read audiobook in export; finish date missing/different	title/author	Dreams of Steel	Read	Book		446114	10757786	B003VWI3D0		
Bleak Seasons	Glen Cook	2025-07-01	2025-07-01	no read audiobook in export; finish date missing/different	title/author	Bleak Seasons	Read	Book		1465317	13952788	B003XS5K7O		
She Is the Darkness	Glen Cook	2025-07-01	2025-07-01	no read audiobook in export; finish date missing/different	title/author	She Is the Darkness	Read	Book		446112	16847443	B00419VFSC		
Water Sleeps	Glen Cook	2025-07-01	2025-07-01	no read audiobook in export; finish date missing/different	title/author	Water Sleeps	Read	Book		446081	590859	B003XSSV0M		
Soldiers Live	Glen Cook	2025-07-01	2025-07-01	no read audiobook in export; finish date missing/different	title/author	Soldiers Live	Read	Book		446113	2600138	B0041HJKKY		
The Final Girl Support Group	Grady Hendrix	2025-07-01	2025-07-01	no read audiobook in export; finish date missing/different	title/author	The Final Girl Support Group	Read	Ebook	2025-02-19	436462	30404198	0593410033		
The Scar	China Mieville	2025-07-01	2025-07-01	no read audiobook in export; finish date missing/different	title/author	The Scar	Read	Book		268734	7947248	B00OYRN3TU		
The Atrocity Archives	Charles Stross	2025-07-01	2025-05-22	no read audiobook in export; finish date missing/different	title/author	The Atrocity Archives	Read	Ebook		21233	30809890	B00DUDO1RM		
The Fuller Memorandum	Charles Stross	2025-07-01	2025-05-22	no read audiobook in export; finish date missing/different	title/author	The Fuller Memorandum	Read	Book		459379	30809891	B004V4O9W6		
The Rhesus Chart	Charles Stross	2025-07-01	2025-05-22	no read audiobook in export; finish date missing/different	title/author	The Rhesus Chart	Read	Book		459296	30809892	B00LFVN2SA		
The Annihilation Score	Charles Stross	2025-07-01	2025-05-22	no read audiobook in export; finish date missing/different	title/author	The Annihilation Score	Read	Ebook		351361	30786517	B0155E4902		
The Nightmare Stacks	Charles Stross	2025-07-01	2025-05-22	no read audiobook in export; finish date missing/different	title/author	The Nightmare Stacks	Read	Book		463508	30381171	B01GEZP5LI		
The Delirium Brief	Charles Stross	2025-07-01	2025-05-22	no read audiobook in export; finish date missing/different	title/author	The Delirium Brief	Read	Book		461496	31687465	B06Y6FMZ94		
The Labyrinth Index	Charles Stross	2025-07-01	2025-05-22	no read audiobook in export; finish date missing/different	title/author	The Labyrinth Index	Read	Book		461481	31687432	1501999737	9781501999734	
The Grief of Stones	Katherine Addison	2025-07-01	2025-07-01	no read audiobook in export	identifier	The Grief of Stones	Read	Book	2025-07-01	465135	30382808	B09GGZJQL2	9781250856616	
Southern Lights	Liz Arncliffe	2025-07-02	2025-07-02	no read audiobook in export; finish date missing/different	title/author	Southern Lights	Read	Book	2025-07-03	1670494	32164699	B0DZZHQM1J	9798855569605	
The Dispossessed	Ursula K. Le Guin	2025-07-03	2025-07-02	no read audiobook in export	title/author	The Dispossessed	Read	Book	2025-07-03	267204	4417592	B0041PD25K		
The Left Hand of Darkness	Ursula K. Le Guin	2025-07-03	2025-07-03	no read audiobook in export; finish date missing/different	title/author	The Left Hand of Darkness	Read	Book	2025-07-04	377842	9212187	B01NH0D987		
Sea Wolf	Anna Burke	2025-07-04	2025-07-04	no read audiobook in export	title/author	Sea Wolf	Read	Book	2025-07-04	465274	30382948	B0BC2J19P6		
The Grief Keeper	Alexandra Villasante	2025-07-04	2025-07-04	no read audiobook in export; finish date missing/different	title/author	The Grief Keeper	Read	Ebook	2025-04-28	521655	30474996	0593151046		
The Stars and the Blackness Between Them	Junauda Petrus	2025-07-04	2025-07-04	no read audiobook in export; finish date missing/different	title/author	The Stars and the Blackness Between Them	Read	Book	2025-02-13	444281	31913637	0593106032		
The Lily and the Crown	Roslyn Sinclair	2025-07-05	2025-07-04	no read audiobook in export	title/author	The Lily and the Crown	Read	Book	2025-07-05	590051	30557343	B08WJHFQ29		
The Knight and the Moth	Rachel Gillig	2025-07-06	2025-07-05	no read audiobook in export	identifier	The Knight and the Moth	Read	Book	2025-07-06	1120724	32164710	B0DJPSYMN1	9781668647776	
The Warden	Daniel M. Ford	2025-07-07	2025-06-24	no read audiobook in export	title/author	The Warden	Read	Ebook	2025-07-07	555810	30514981	B0D7MX5YRY		
Advocate	Daniel M. Ford	2025-07-08	2025-07-07	no read audiobook in export	title/author	Advocate	Read	Book	2025-07-08	1707845	31803327	B0DWCPX3VL	9781666694857	
The Buffalo Hunter Hunter	Stephen Graham Jones	2025-07-09	2025-07-08	no read audiobook in export; finish date missing/different	title/author	The Buffalo Hunter Hunter	Read	Book	2025-07-10	1437438	31475163	B0DD52VDNL	9781668117323	
Black Water Sister	Zen Cho	2025-07-10	2025-07-09	no read audiobook in export	title/author	Black Water Sister	Read	Book	2025-07-10	429064	23510890	1980036039		
Girls Girls Girls	Shoshana von Blanckensee	2025-07-13	2025-07-12	no read audiobook in export	probable title match—review	Girls Girls Girls	Read	Book	2025-07-13	1906014	32164687	B0DJH8S2BK	9798217076680	
Bury Our Bones in the Midnight Soil	V. E. Schwab	2025-07-14	2025-07-14	no read audiobook in export; finish date missing/different	title/author	Bury Our Bones in the Midnight Soil	Read	Book	2025-07-06	1396631	31603931	B0D74FY9CG	9781035064687	
Blood on Her Tongue	Johanna Van Veen	2025-07-14	2025-07-13	no read audiobook in export	title/author	Blood on Her Tongue	Read	Book	2025-07-14	1373576	31398629	B0DPLGMPVL	9781004185221	
The Echo Wife	Sarah Gailey	2025-07-14	2025-07-14	no read audiobook in export	title/author	The Echo Wife	Read	Book	2025-07-14	427729	13438092	1250755131		
Somewhere Beyond the Sea	TJ Klune	2025-07-15	2025-07-15	no read audiobook in export	title/author	Somewhere Beyond the Sea	Read	Book	2025-07-15	994867	31019620	B0CKWP6FM1		
A Conventional Boy	Charles Stross	2025-07-15	2025-07-15	no read audiobook in export; finish date missing/different	title/author	A Conventional Boy	Read	Book	2025-07-16	1612299	31687317	B0DMTK2X56	9781405564083	
Elatsoe	Darcie Little Badger	2025-07-16	2025-07-15	no read audiobook in export	title/author	Elatsoe	Read	Book	2025-07-16	432278	24927818	1662039034		
Godly Heathens	H.E. Edgmon	2025-07-17	2025-07-16	no read audiobook in export	title/author	Godly Heathens	Read	Book	2025-07-17	511752	30464002	B0BVKXC723	9781250290489	
Providence Girls	Morgan Dante	2025-07-18	2025-07-17	no read audiobook in export	title/author	Providence Girls	Read	Book	2025-07-18	1217569	31242640	B0DVB4TJL9		
The Rust Maidens	Gwendolyn Kiste	2025-07-19	2025-07-18	no read audiobook in export	title/author	The Rust Maidens	Read	Book	2025-07-19	450636	22903964	B07XPFS61J		
Crown of Midnight	Sarah J. Maas	2025-07-21	2025-07-21	no read audiobook in export; finish date missing/different	title/author	Crown of Midnight	Read	Book		283659	30809252	1547607556	9781547607556	
Deep Roots	Ruthanna Emrys	2025-07-21	2025-07-21	no read audiobook in export; finish date missing/different	title/author	Deep Roots	Read	Book	2025-07-22	31121	30404539	B07F7CGTXY		
Tehanu	Ursula K. Le Guin	2025-07-22	2025-07-21	no read audiobook in export	title/author	Tehanu	Read	Book	2025-07-22	439834	29142357	B01G9EPERE		
The Furthest Station	Ben Aaronovitch	2025-07-22	2025-07-22	no read audiobook in export; finish date missing/different	title/author	The Furthest Station	Read	Book		432530	30517254	B06XPX5B47	9781473222458	
Tales from Earthsea	Ursula K. Le Guin	2025-07-22	2025-07-22	no read audiobook in export	title/author	Tales from Earthsea	Read	Book	2025-07-22	457055	22687041	B01KOTMZFE	9781501926655	
The Amber Spyglass	Philip Pullman	2025-07-22	2025-07-22	no read audiobook in export; finish date missing/different	title/author	The Amber Spyglass	Read	Book		477834	30553765	0241548713		
Knife Children	Lois McMaster Bujold	2025-07-22	2025-07-22	no read audiobook in export; finish date missing/different	title/author	Knife Children	Read	Ebook		461428	30569294	1982699787		
The Spirit Ring	Lois McMaster Bujold	2025-07-22	2025-07-22	no read audiobook in export; finish date missing/different	title/author	The Spirit Ring	Read	Book		326787	15365286	1982692839		
The Hunger Games	Suzanne Collins	2025-07-22	2025-07-22	no read audiobook in export; finish date missing/different	title/author	The Hunger Games	Read	Book		88639	1589497	B07HHH7L77		
Catching Fire	Suzanne Collins	2025-07-22	2025-07-22	no read audiobook in export; finish date missing/different	title/author	Catching Fire	Read	Book		175780	7988314	1338589016		
Mockingjay	Suzanne Collins	2025-07-22	2025-07-22	no read audiobook in export; finish date missing/different	title/author	Mockingjay	Read	Book		463683	27387551	1338589040		
Certain Dark Things	Silvia Moreno-Garcia	2025-07-22	2025-07-22	no read audiobook in export; finish date missing/different	title/author	Certain Dark Things	Read	Book	2024-12-29	449038	12613281	1250808278		
Bitter	Akwaeke Emezi	2025-07-22	2025-07-22	no read audiobook in export; finish date missing/different	title/author	Bitter	Read	Book	2025-02-12	444483	30906437	B09C9VYVC4		
The Other Wind	Ursula K. Le Guin	2025-07-22	2025-07-22	no read audiobook in export	title/author	The Other Wind	Read	Book	2025-07-22	445966	7084723	B071KLHTRV		
Sword in the Stars	A. R. Capetta, Cory McCarthy	2025-07-22	2025-07-22	no read audiobook in export; finish date missing/different	title/author	Sword in the Stars	Read	Book	2025-07-23	465332	32164678	1549152483		
Nona the Ninth	Tamsyn Muir	2025-07-23	2025-07-22	no read audiobook in export	title/author	Nona the Ninth	Read	Book	2025-07-23	462513	30413195	B0B1QVZKZG		
Rocannon's World	Ursula K. Le Guin	2025-07-23	2025-07-23	no read audiobook in export	title/author	Rocannon's World	Read	Book	2025-07-23	1134855	31158925	B0CTCX2PM8		
Planet of Exile	Ursula K. Le Guin	2025-07-23	2025-07-23	no read audiobook in export	title/author	Planet of Exile	Read	Book	2025-07-23	443913	32164627	B0DN3P46N9		
City of Illusions	Ursula K. Le Guin	2025-07-24	2025-07-23	no read audiobook in export	title/author	City of Illusions	Read	Book	2025-07-24	441798	16548591	B0DT4QPM4V		
Four Ways to Forgiveness	Ursula K. Le Guin	2025-07-24	2025-07-24	no read audiobook in export	title/author	Four Ways to Forgiveness	Read	Book	2025-07-24	230886	28164019			
The Telling	Ursula K. Le Guin	2025-07-24	2025-07-24	no read audiobook in export	title/author	The Telling	Read	Book	2025-07-24	458012	21297089	B0CQQ7QHS7		
Viridian Gate Online: Path of the Blood Phoenix	J.D. Astra, James A. Hunter	2025-07-25	2025-07-24	no read audiobook in export; finish date missing/different	probable title match—review	Viridian Gate Online: Path of the Blood Phoenix	Read	Book		1612274	31687283	B0F8KSPJ3W		
Girls of Storm and Shadow	Natasha Ngan	2025-07-25	2025-07-25	no read audiobook in export	identifier	Girls of Storm and Shadow	Read	Book	2025-07-25	507104	32164697	1549118781		
The Black Bird Oracle	Deborah Harkness	2025-07-26	2025-07-26	no read audiobook in export	title/author	The Black Bird Oracle	Read	Ebook	2025-07-26	1108774	31726306	B0CPYZ6RPY	9780593909232	
Beggars Ride	Nancy Kress	2025-07-28	2025-07-27	no read audiobook in export; finish date missing/different	probable title match—review	Beggars Ride	Read	Book	2025-07-29	69945	32164662	B002VAA7XC		
Abhorsen	Garth Nix	2025-07-29	2025-07-28	no read audiobook in export	title/author	Abhorsen	Read	Book	2025-07-29	40324	21055481	B002V5GY0M	9780807205655	
Little Rot	Akwaeke Emezi	2025-08-01	2025-08-01	no read audiobook in export; finish date missing/different	probable title match—review	Little Rot	Read	Book	2025-02-11	1157860	31913651	B0CNQRX82H	9780593867617	
To Hold the Bridge	Garth Nix	2025-08-01	2025-07-31	no read audiobook in export	title/author	To Hold the Bridge	Read	Book	2025-08-01	458374	32176289	B00UU4DBFW	9780062398123	
Such Lovely Skin	Tatiana Schlote-Bonne	2025-08-01	2025-08-01	no read audiobook in export	title/author	Such Lovely Skin	Read	Book	2025-08-01	1195062	31219870	B0D2FV6VDD	9798217020935	
I Was a Teenage Slasher	Stephen Graham Jones	2025-08-02	2025-08-01	no read audiobook in export	title/author	I Was a Teenage Slasher	Read	Book	2025-08-02	1084092	31108128	B0CLGXGPLT	9781797175966	
Children of Virtue and Vengeance	Tomi Adeyemi	2025-08-02	2025-08-02	no read audiobook in export	title/author	Children of Virtue and Vengeance	Read	Book	2025-08-02	432216	30402308	B07DF31P87	9781250309907	
Children of Anguish and Anarchy	Tomi Adeyemi	2025-08-03	2025-08-02	no read audiobook in export	identifier	Children of Anguish and Anarchy	Read	Book	2025-08-03	620126	31756391	B0CJG2BBNF	9781250247858	
All These Worlds	Dennis E. Taylor	2025-08-03	2025-08-03	no read audiobook in export	title/author	All These Worlds	Read	Book	2025-08-03	427990	28912712	B07341FZDC		
Not Till We Are Lost	Dennis E. Taylor	2025-08-04	2025-08-04	no read audiobook in export	title/author	Not Till We Are Lost	Read	Ebook	2025-08-04	1432670	31469389	B0CW23CC7L		
The War of the Noobs	Ryan Rimmel	2025-08-04	2025-08-04	no read audiobook in export	title/author	The War of the Noobs	Read	Ebook	2025-08-04	1575192	31640713	B0DM6RRPSW		
The Empire of Gold: A Novel	S. A. Chakraborty	2025-08-05	2025-08-04	no read audiobook in export	probable title match—review	The Empire of Gold	Read	Book	2025-08-05	441041	30405487	0062984772		
Demon's Bluff	Kim Harrison	2025-08-06	2025-08-05	no read audiobook in export	title/author	Demon's Bluff	Read	Book	2025-08-06	1219065	32365010	B0CTNT9XWX		
Andrea Vernon and the Superhero-Industrial Complex	Alexander C. Kane	2025-08-07	2025-08-06	no read audiobook in export	title/author	Andrea Vernon and the Superhero-Industrial Complex	Read	Book	2025-08-07	672286	30658143	B07NP61PHX		
House of Sky and Breath	Sarah J. Maas	2025-08-07	2025-08-07	no read audiobook in export	title/author	House of Sky and Breath	Read	Ebook	2025-08-07	429093	30401166	B09MZPZ1WG		
Azarinth Healer: Book Two	Rhaegar	2025-08-07	2025-08-07	no read audiobook in export; finish date missing/different	title/author	Azarinth Healer: Book Two	Read	Ebook		917368	31438282	B0C2QQNGWT		
On a Throne of Lies	Eric Ugland	2025-08-07	2025-08-07	no read audiobook in export; finish date missing/different	title/author	On a Throne of Lies	Read	Ebook		1076311	31100376	B0CJG27S9V		
Azarinth Healer, Book Three	Rhaegar	2025-08-08	2025-08-08	no read audiobook in export; finish date missing/different	title/author	Azarinth Healer: Book Three	Read	Ebook		1074916	31098981	B0CPQ4Y33K		
Azarinth Healer: Book Four	Rhaegar	2025-08-09	2025-08-08	no read audiobook in export	title/author	Azarinth Healer: Book Four	Read	Ebook	2025-08-09	1458149	31500760	B0DMQ2WP9F		
Revelation: A LitRPG Adventure	V.A. Lewis	2025-08-11	2025-08-11	no read audiobook in export	probable title match—review	Revelation	Read	Ebook	2025-08-11	1760730	31867649	B0CP8G5SX6		
Beast: A LitRPG Adventure	V.A. Lewis	2025-08-11	2025-08-11	no read audiobook in export	probable title match—review	Beast	Read	Ebook	2025-08-11	1760732	31867651	B0CWHWZZTQ		
The Child Monster	V.A. Lewis	2025-08-12	2025-08-11	no read audiobook in export	title/author	The Child Monster	Read	Ebook	2025-08-12	1760733	31867652	B0D5S7T1T7		
Garden of Sanctuary	Pirateaba	2025-08-17	2025-08-16	no read audiobook in export	title/author	Garden of Sanctuary	Read	Ebook	2025-08-17	1772046	31882154	B0DRLJZX5G		
City of Laughter	Temim Fruchter	2025-08-17	2025-08-17	no read audiobook in export	probable title match—review	City of Laughter	Read	Book	2025-08-17	1061514	32364994	B0CPGVP7KY		
The Daughter of Danray	Natalia Hernandez	2025-08-18	2025-08-17	no read audiobook in export	title/author	The Daughter of Danray	Read	Book	2025-08-18	1986859	32152723	B0DWTVL32Y		
A Vicious Game	Kyla Garcia	2025-08-18	2025-08-18	no read audiobook in export	probable title match—review	A Vicious Game	Read	Book	2025-08-18	943245	31981743	B0CNF4WVFD		
An Honored Vow	Melissa Blair	2025-08-18	2025-08-18	no read audiobook in export	title/author	An Honored Vow	Read	Ebook	2025-08-18	1376955	31402024	B0DFDQL8FB	9798228017832	
Immortal War	Selkie Myth	2025-08-19	2025-08-18	no read audiobook in export	title/author	Immortal War	Read	Ebook	2025-08-19	1768268	31877472	B0F9GTMTCL	9781039476295	
Installment Immortality	Seanan McGuire	2025-08-19	2025-08-19	no read audiobook in export	title/author	Installment Immortality	Read	Book	2025-08-19	1564841	31629729	B0F6YZHLTY	9781250431028	
The Primal Hunter 12	Zogarth	2025-08-20	2025-08-19	no read audiobook in export	title/author	The Primal Hunter 12	Read	Ebook	2025-08-20	1662572	31749662	B0F8P6X1KR		
Carl's Doomsday Scenario	Matt Dinniman	2025-08-20	2025-08-20	no read audiobook in export	title/author	Carl's Doomsday Scenario	Read	Book	2025-08-20	446680	30407787	B0934GTSGT		
The Dungeon Anarchist's Cookbook	Matt Dinniman	2025-08-21	2025-08-20	no read audiobook in export; finish date missing/different	title/author	The Dungeon Anarchist's Cookbook	Read	Book	2025-08-22	446730	31716214	B094XCNV6G		
The Butcher's Masquerade	Matt Dinniman	2025-08-22	2025-08-21	no read audiobook in export	title/author	The Butcher's Masquerade	Read	Book	2025-08-22	637867	32004303	B09ZJ82C7Y		
The Eye of the Bedlam Bride	Matt Dinniman	2025-08-23	2025-08-22	no read audiobook in export	title/author	The Eye of the Bedlam Bride	Read	Book	2025-08-23	818989	30829594	B0CDXWSS5D		
This Inevitable Ruin	Matt Dinniman	2025-08-24	2025-08-23	no read audiobook in export	title/author	This Inevitable Ruin	Read	Book	2025-08-24	1464466	31509005	B0DK282SYV		
The Lotus Empire	Tasha Suri	2025-08-28	2025-08-26	no read audiobook in export	title/author	The Lotus Empire	Read	Book	2025-08-28	1184306	32320887	B0CSLR8PDW		
The Imposition of Unnecessary Obstacles	Malka Older	2025-08-28	2025-08-28	no read audiobook in export	probable title match—review	The Imposition of Unnecessary Obstacles	Read	Book	2025-08-28	717828	32365003	B0CZ7PXSXZ	9798892741439	
Spook Country	William Gibson	2025-08-30	2025-08-30	no read audiobook in export; finish date missing/different	title/author	Spook Country	Read	Book	2025-08-31	385388	11697347	1004045107	9781004045105	
Zero History	William Gibson	2025-08-31	2025-08-30	no read audiobook in export	identifier	Zero History	Read	Book	2025-08-31	343283	32365043	1004054351	9781004054350	
The Fallen City of Lescado	Draith	2025-09-01	2025-09-01	no read audiobook in export; finish date missing/different	title/author	The Fallen City of Lescado	Read	Ebook	2025-09-05	1182422	31207125	B0CFRJK8GM		
To Pierce the Heart	Draith	2025-09-03	2025-09-01	no read audiobook in export; finish date missing/different	title/author	To Pierce The Heart	Read	Ebook	2025-09-05	1225100	31250145	B0CKJ8NTDY		
The Western Shores	Draith	2025-09-04	2025-09-03	no read audiobook in export; finish date missing/different	title/author	The Western Shores	Read	Ebook	2025-09-05	1409367	31441605	B0CNKZM2X9		
To Stand Between Sea and Sky	Draith	2025-09-05	2025-09-04	no read audiobook in export	title/author	To Stand Between Sea and Sky	Read	Ebook	2025-09-05	1409368	31441607	B0CRLKLBCY		
The Temporal Tides	Draith	2025-09-06	2025-09-02	no read audiobook in export	title/author	The Temporal Tides	Read	Ebook	2025-09-06	1409369	31441609	B0CWPQL428		
Tuesday	Draith	2025-09-06	2025-09-06	no read audiobook in export	title/author	Tuesday	Read	Ebook	2025-09-06	1409370	31441611	B0D4SDWRBM		
Medusa of the Roses	Navid Sinaki	2025-09-06	2025-09-06	no read audiobook in export; finish date missing/different	title/author	Medusa of the Roses	Read	Book	2025-09-07	1189837	31214624	B0D81CK725	9798892749329	
Wandering Stars	Tommy Orange	2025-09-08	2025-09-07	no read audiobook in export	title/author	Wandering Stars	Read	Book	2025-09-08	1084145	31108181	B0CBCW3DCX	9780593824542	
The Mirror Empire	Kameron Hurley	2025-09-09	2025-09-08	no read audiobook in export	title/author	The Mirror Empire	Read	Book	2025-09-09	441159	8826189	B00OL59OKC		
The Last Soul Among Wolves	Melissa Caruso	2025-09-12	2025-09-10	no read audiobook in export; finish date missing/different	identifier	The Last Soul Among Wolves	Read	Book	2025-09-13	1765473	32365017	B0DPLGPDT2	9781668650226	
Empty Heaven	Freddie Kölsch	2025-09-13	2025-09-13	no read audiobook in export	identifier	Empty Heaven	Read	Book	2025-09-13	2014474	32364995	B0F8P9LLTZ	9798349100109	
Pennyblade	J.L. Worrad	2025-09-15	2025-09-14	no read audiobook in export; finish date missing/different	probable title match—review	Pennyblade	Read	Book	2025-09-22	465152	32364997	B09WBDL4QG		
The Girl Without a Voice	Sandra J. Paul	2025-09-16	2025-09-16	no read audiobook in export; finish date missing/different	identifier	The Girl Without a Voice	Read	Book	2025-09-22	2013637	32365025	B0FJZV8YQ4	9798855578683	
What We Devour	Linsey Miller	2025-09-17	2025-09-16	no read audiobook in export; finish date missing/different	identifier	What We Devour	Read	Book	2025-09-22	465280	32365019	1705038522		
Are You Even Human: Volume 1	Natalie Maher	2025-09-19	2025-09-19	no read audiobook in export; finish date missing/different	title/author	Are You Even Human: Volume 1	Read	Ebook	2025-09-22	1545260	31605017	B0F6VTP839	9798347004744	
The Faceless Thing We Adore	Hester Steel	2025-09-23	2025-09-23	no read audiobook in export; finish date missing/different	title/author	The Faceless Thing We Adore	Read	Book	2025-09-24	1905974	32052364	B0F2WBZ2YJ	9798896798033	
Inanna	Emily H. Wilson	2025-09-24	2025-09-23	no read audiobook in export	probable title match—review	Inanna	Read	Book	2025-09-24	824769	32365022	B0D3JLF784	9798855515527	
The Dragon Never Sleeps	Glen Cook	2025-09-24	2025-09-24	no read audiobook in export; finish date missing/different	title/author	The Dragon Never Sleeps	Read	Book		551540	30509734	B00MYJ8L60		
The Service	Frankie Miren	2025-09-24	2025-09-24	no read audiobook in export	title/author	The Service	Read	Book	2025-09-24	514269	30466745	B097HQVPVY		
Hell Followed with Us	Andrew Joseph White	2025-09-25	2025-09-24	no read audiobook in export	title/author	Hell Followed with Us	Read	Book	2025-09-25	454825	30409320	B09LKGZ6GD	9780593558799	
Bright Young Women	Jessica Knoll	2025-09-27	2025-09-26	no read audiobook in export	title/author	Bright Young Women	Read	Book	2025-09-27	876726	30894955	B0BW1TRR1T		
Cuckoo Song	Frances Hardinge	2025-09-27	2025-09-27	no read audiobook in export	title/author	Cuckoo Song	Read	Book	2025-09-27	448249	32365050	1094085960		
The Gone World	Tom Sweterlitsch	2025-09-28	2025-09-28	no read audiobook in export	title/author	The Gone World	Read	Ebook	2025-09-28	47278	30404856	B075F8K8B8	9780525497769	
This Delicious Death	Kayla Cottingham	2025-09-29	2025-09-29	no read audiobook in export	title/author	This Delicious Death	Read	Book	2025-09-29	565969	30527021	B0BZ9C5JRP	9798889563754	
Manhunt	Gretchen Felker-Martin	2025-09-30	2025-09-29	no read audiobook in export; finish date missing/different	title/author	Manhunt	Read	Book	2025-10-06	473624	30394666	B09S421K5N		
River of Teeth	Sarah Gailey	2025-10-03	2025-10-02	no read audiobook in export	identifier	River of Teeth	Read	Book	2025-10-03	430494	30404518	B074SWSH7M	9781541482463	
Taste of Marrow	Sarah Gailey	2025-10-03	2025-10-03	no read audiobook in export	identifier	Taste of Marrow	Read	Book	2025-10-03	465705	31535524	B0759QTZ9L	9781541482470	
The Three Lives of Cate Kay	Kate Fagan	2025-10-03	2025-10-03	no read audiobook in export	title/author	The Three Lives of Cate Kay	Read	Book	2025-10-03	1603888	31677474	B0D689JC2D	9781668118993	
Eat the Ones You Love	Sarah Maria Griffin	2025-10-04	2025-10-03	no read audiobook in export	identifier	Eat the Ones You Love	Read	Book	2025-10-04	1195072	32196388	B0CW3W1QL9	9781250353320	
Silver and Lead	Seanan McGuire	2025-10-05	2025-10-05	no read audiobook in export; finish date missing/different	identifier	Silver and Lead	Read	Book	2025-10-14	1830360	32364991	B0DRMVY8W7	9781250418227	
Fragments	K.T. Hanna	2025-10-08	2025-10-07	no read audiobook in export	title/author	Fragments	Read	Book	2025-10-08	769460	30771146	B07MKLM1PD		
Make Room for Love	Darcy Liao	2025-10-11	2025-10-11	no read audiobook in export; finish date missing/different	title/author	Make Room for Love	Read	Book	2025-10-14	1558415	31621453	B0FK6STJ1W		
Her Majesty's Royal Coven	Juno Dawson	2025-10-12	2025-10-11	no read audiobook in export	title/author	Her Majesty's Royal Coven	Read	Book	2025-10-12	465137	30570025	B09HSRMS1F	9780593588475	
The Shadow Cabinet	Juno Dawson	2025-10-12	2025-10-12	no read audiobook in export	probable title match—review	The Shadow Cabinet	Read	Book	2025-10-12	558734	32320844	B0B88W3SK1	9780008478582	
Human Rites: A Novel	Juno Dawson	2025-10-13	2025-10-12	no read audiobook in export	probable title match—review	Human Rites	Read	Book	2025-10-13	1510024	31563778	B0DNGLV1W3	9798217071616	
Queen B	Juno Dawson	2025-10-13	2025-10-13	no read audiobook in export	identifier	Queen B: The Story of Anne Boleyn, Witch Queen	Read	Book	2025-10-13	1214976	32365027	B0CMK54RRZ	9780593907702	
Delilah Green Doesn't Care	Ashley Herring Blake	2025-10-14	2025-10-13	no read audiobook in export	identifier	Delilah Green Doesn't Care	Read	Book	2025-10-14	455707	31972268	0593551699		
The Incandescent	Emily Tesh	2025-10-14	2025-10-14	no read audiobook in export; finish date missing/different	probable title match—review	The Incandescent	Read	Book	2025-08-02	1545311	32164634	B0DFQX9N3V		
The Poison Court	Amanda Downum	2025-10-14	2025-10-14	no read audiobook in export; finish date missing/different	title/author	The Poison Court	Read	Book		1254181	31279242	1980061904		
The Perfect Crimes of Marian Hayes	Cat Sebastian	2025-10-15	2025-10-15	no read audiobook in export; finish date missing/different	title/author	The Perfect Crimes of Marian Hayes	Read	Ebook	2025-10-16	484660	30425319	B09HLB7LHF		
Atomic Anna	Rachel Barenbaum	2025-10-17	2025-10-17	no read audiobook in export	title/author	Atomic Anna	Read	Book	2025-10-17	513646	32365016	B09S1FVWL3		
The Default World	Naomi Kanakia	2025-10-20	2025-10-20	no read audiobook in export	title/author	The Default World	Read	Ebook	2025-10-20	1292748	31317854	B0F978VTDT	9798855592405	
Salvaged	Madeleine Roux	2025-10-21	2025-10-20	no read audiobook in export	identifier	Salvaged	Read	Book	2025-10-21	448416	32365028	059315147X		
This World Is Not Yours	Kemi Ashing-Giwa	2025-10-21	2025-10-21	no read audiobook in export	probable title match—review	This World Is Not Yours	Read	Book	2025-10-21	1476223	32364974	B0DDZXJW2Q		
Tell Me I'm Worthless	Alison Rumfitt	2025-10-22	2025-10-21	no read audiobook in export	title/author	Tell Me I'm Worthless	Read	Book	2025-10-22	482844	30423142	B0B1JMBQDM		
Sundial	Catriona Ward	2025-10-22	2025-10-22	no read audiobook in export	title/author	Sundial	Read	Book	2025-10-22	473732	30394784	1250841194		
The Fervor	Alma Katsu	2025-10-23	2025-10-22	no read audiobook in export	title/author	The Fervor	Read	Book	2025-10-23	512552	32365032	B09FVXVXHF		
Silver Nitrate	Silvia Moreno-Garcia	2025-10-24	2025-10-23	no read audiobook in export	title/author	Silver Nitrate	Read	Ebook	2025-10-24	626730	30602385	B0BL8NK7TP		
Mexican Gothic	Silvia Moreno-Garcia	2025-10-24	2025-10-24	no read audiobook in export	title/author	Mexican Gothic	Read	Ebook	2025-10-24	428353	30404138	0593213866	9780593213865	
Jackal	Erin E. Adams	2025-10-24	2025-10-24	no read audiobook in export	title/author	Jackal	Read	Book	2025-10-24	511512	30463730	B09SNHB1QP		
Bad Cree	Jessica Johns	2025-10-25	2025-10-24	no read audiobook in export	probable title match—review	Bad Cree	Read	Book	2025-10-25	603189	32196470	B09YKRSDHT		
Bad Creek	Peyton June	2025-10-25	2025-10-25	no read audiobook in export	title/author	Bad Creek	Read	Book	2025-10-25	1775794	31886825	B0F2W5DZWK	9798897560875	
Sordidez	E.G. Condé	2025-10-26	2025-10-25	no read audiobook in export	identifier	Sordidez	Read	Ebook	2025-10-26	1149883	32066023	B0CXYNXF4M	9798875111020	
The Sovereign	C. L. Clark	2025-10-27	2025-10-26	no read audiobook in export	identifier	The Sovereign	Read	Book	2025-10-27	824788	32320838	B0DTRM2YZL	9781668642177	
The Mean Ones	Tatiana Schlote-Bonne	2025-10-28	2025-10-28	no read audiobook in export	identifier	The Mean Ones	Read	Book	2025-10-28	1996725	32364972	B0FNRZB6S8	9798349108259	
I Am the Dark That Answers When You Call	Jamison Shea	2025-10-29	2025-10-28	no read audiobook in export	identifier	I Am the Dark That Answers When You Call	Read	Book	2025-10-29	1042661	32365018	B0CNFHVPKN	9781250363152	
Cackle	Rachel Harrison	2025-11-01	2025-10-31	no read audiobook in export	title/author	Cackle	Read	Book	2025-11-01	454999	31132237	0593456866		
Rules for Ghosting	Shelly Jay Shore	2025-11-01	2025-11-01	no read audiobook in export	identifier	Rules for Ghosting	Read	Book	2025-11-01	1295104	32365013	B0CT73WR71	9780593948118	
I Will Never Leave You	Kara A. Kennedy	2025-11-02	2025-11-02	no read audiobook in export	identifier	I Will Never Leave You	Read	Book	2025-11-02	1083050	32365015	B0CLYPM756	9780593866047	
Son of the Morning	Akwaeke Emezi	2025-11-08	2025-11-07	no read audiobook in export	probable title match—review	Son of the Morning	Read	Book	2025-11-08	1309659	32364979	B0DWNJWT78	9780063323216	
The Macabre	Kosoko Jackson	2025-11-08	2025-11-08	no read audiobook in export	title/author	The Macabre	Read	Book	2025-11-08	1906178	32365041	B0DQF1T9R4	9780063394506	
The Whistler	Nick Medina	2025-11-09	2025-11-08	no read audiobook in export	probable title match—review	The Whistler	Read	Book	2025-11-09	1906176	32364975		9780593820407	
Killer Potential	Hannah Deitch	2025-11-10	2025-11-09	no read audiobook in export	title/author	Killer Potential	Read	Book	2025-11-10	1675540	31765613	B0D7WDBRV3	9780063356535	
Cry, Voidbringer	Elaine Ho	2025-11-11	2025-11-10	no read audiobook in export	identifier	Cry, Voidbringer	Read	Book	2025-11-11	1897662	32365029	B0FSN95FPL	9798347023646	
Veal	Mackenzie Nolan	2025-11-26	2025-11-25	no read audiobook in export	title/author	Veal	Read	Book	2025-11-26	1906033	32052435	B0FR6MJK3Z	9798347021437	
Bookshops & Bonedust	Travis Baldree	2025-11-26	2025-11-26	no read audiobook in export; finish date missing/different	title/author	Bookshops & Bonedust	Read	Book	2024-11-30	624232	30599331	B0BVKTF9XG	9781250910776	
Faebound	Saara El-Arifi	2025-12-17	2025-12-16	no read audiobook in export	title/author	Faebound	Read	Book	2025-12-17	969050	31477425	B0C6YNVJJG	9780593823873	
Get Over It, April Evans	Ashley Herring Blake	2026-02-05	2026-02-05	no read audiobook in export	title/author	Get Over It, April Evans	Read	Book	2026-02-05	1951277	32108414	B0FBHZH8DL	9798217282500	
The Left Hand of Darkness	Ursula K. Le Guin, Charlie Jane Anders - afterword	2026-02-19	2026-02-19	no read audiobook in export; finish date missing/different	title/author	The Left Hand of Darkness	Read	Book	2025-07-04	377842	9212187	B0CQQ275CT	9798891785106	
Archmage's Ire	Pirateaba	2026-04-07	2026-04-04	no read audiobook in export	title/author	Archmage's Ire	Read	Ebook	2026-04-07	2237915	32468720	B0GFG5MKRY	9781039448292	
