title	author	abs_finished	abs_started	issues	match	hardcover_title	status	media	hardcover_finished	book_id	edition_id	asin	isbn	candidates	review_decision	review_note	export_record_numbers
Bloom	Delilah S. Dawson	2025-01-10	2025-01-10	no read audiobook in export	title/author	Bloom	Read	Book	2025-01-10	838564	30851701	B0CYMQJ7H3			original exact match retained		
The Traitor Baru Cormorant	Seth Dickinson	2025-01-12	2025-01-11	no read audiobook in export	title/author	The Traitor Baru Cormorant	Read	Book	2025-01-12	441070	25267282	B014JUKKYM			original exact match retained		
I Who Have Never Known Men	Jacqueline Harpman	2025-01-15	2025-01-15	no read audiobook in export; finish date missing/different	title/author	I Who Have Never Known Men	Read	Book	2025-01-16	498097	30446998	1529191440			original exact match retained		
World Running Down	Al Hess	2025-01-18	2025-01-15	no read audiobook in export; finish date missing/different	title/author	World Running Down	Read	Book	2025-01-16	647337	30626715	B0C25C1QX3			original exact match retained		
The Weight of Ink	Rachel Kadish	2025-01-18	2025-01-16	no read audiobook in export; finish date missing/different	manual book-level pairing	The Weight of Ink	Read	Book	2025-01-17	431465	32164635	B0CTSQBMS2			provisional pairing accepted	Inspected title, author where supplied, and series context; descriptive suffix or sparse export metadata.	1372
The Luminous Dead	Caitlin Starling	2025-01-26	2025-01-25	no read audiobook in export	title/author	The Luminous Dead	Read	Book	2025-01-26	448080	30912658	0062898337			original exact match retained		
Carmilla	Joseph Sheridan Le Fanu	2025-01-29	2025-01-25	no read audiobook in export; finish date missing/different	manual book-level pairing	Carmilla	Read	Book	2025-01-25	456589	3910455	B015RJL1Z6			paired manually	Joseph Sheridan Le Fanu / J. Sheridan Le Fanu; same title.	1382
This Is Real and You Are Completely Unprepared	Alan Lew, Norman Fischer - foreword	2025-01-29	2025-01-29	no read audiobook in export	manual book-level pairing	This Is Real and You Are Completely Unprepared: The Days of Awe as a Journey of Transformation	Read	Book	2025-01-29	18163	17329222	B07F2MJ86H			provisional pairing accepted	Inspected title, author where supplied, and series context; descriptive suffix or sparse export metadata.	571
Bless the Blood	Walela Nehanda	2025-01-30	2025-01-29	no read audiobook in export	manual book-level pairing	Bless the Blood: A Cancer Memoir	Read	Book	2025-01-30	1146109	31913561	B0C4VTZMWR			paired manually	Distinctive title plus A Cancer Memoir subtitle; export author blank.	1386
The Senator's Wife	Jen Lyon	2025-01-31	2025-01-30	no read audiobook in export; finish date missing/different	title/author	The Senator's Wife	Read	Ebook	2025-01-27	903069	30925097	B0CJ5XXCWH			original exact match retained		
Caught Sleeping	Jen Lyon	2025-02-01	2025-01-31	no read audiobook in export; finish date missing/different	title/author	Caught Sleeping	Read	Ebook	2025-01-31	1264955	31290008	B0CPNSLJV9			original exact match retained		
The Monster Baru Cormorant	Seth Dickinson	2025-06-27	2025-06-27	no read audiobook in export; finish date missing/different	title/author	The Monster Baru Cormorant	Read	Book	2025-02-05	118479	30405457	125031092X	9781250310927		original exact match retained		
Against the Inquisition	Marcos Aguinis, Carolina De Robertis - translator	2025-02-06	2025-02-02	no read audiobook in export	title/author	Against the Inquisition	Read	Book	2025-02-06	487722	30434535	B07D9TTLZN			original exact match retained		
Single Player	Tara Tai	2025-02-13	2025-02-13	no read audiobook in export; finish date missing/different	manual book-level pairing	Single Player	Read	Book	2025-02-14	1402075	31891140	B0DDMPYRK8			provisional pairing accepted	Inspected title, author where supplied, and series context; descriptive suffix or sparse export metadata.	1399
Hammajang Luck	Makana Yamamoto	2025-02-17	2025-02-16	no read audiobook in export; finish date missing/different	title/author	Hammajang Luck	Read	Book	2025-02-18	1231119	31755203	B0D5KV534V			original exact match retained		
Homeward	Angela Jackson-Brown	2025-02-23	2025-02-23	no read audiobook in export	title/author	Homeward	Read	Book	2025-02-23	880782	30899593	B0BZT7RB3P			original exact match retained		
The Other March Sisters	Linda Epstein, Liz Parker, Ally Malinenko	2025-02-28	2025-02-27	no read audiobook in export	manual book-level pairing	The Other March Sisters	Read	Book	2025-02-28	1594487	31913571	B0DVD1F88M			provisional pairing accepted	Inspected title, author where supplied, and series context; descriptive suffix or sparse export metadata.	1408
The Phoenix Empress	K. Arsenault Rivera	2025-03-02	2025-03-01	no read audiobook in export; finish date missing/different	title/author	The Phoenix Empress	Read	Book	2025-03-03	485005	31913557	B07HGDL75T			original exact match retained		
The Warrior Moon	K. Arsenault Rivera	2025-03-05	2025-03-02	no read audiobook in export	title/author	The Warrior Moon	Read	Book	2025-03-05	465387	31913589	B07Y8PV55W			original exact match retained		
House of Crimson Curses	Ruby Roe	2025-03-08	2025-03-07	no read audiobook in export	title/author	House of Crimson Curses	Read	Ebook	2025-03-08	1726588	31826802	B0DTBSRVNT			original exact match retained		
The Unbroken	C. L. Clark	2025-03-11	2025-03-11	no read audiobook in export; finish date missing/different	title/author	The Unbroken	Read	Book	2025-01-07	428981	15344711	1549133861			original exact match retained		
The Whispering Dark	Kelly Andrew	2025-03-13	2025-03-11	no read audiobook in export	title/author	The Whispering Dark	Read	Book	2025-03-13	513331	30465712	B0B5YM97FR			original exact match retained		
He Who Drowned the World	Shelley Parker-Chan	2025-06-30	2025-06-30	no read audiobook in export; finish date missing/different	title/author	He Who Drowned the World	Read	Book	2025-03-16	1029526	31053978	B0BXQ7L7G6	9781529043471		original exact match retained		
The Thousand Eyes	A. K. Larkwood	2025-03-19	2025-03-17	no read audiobook in export; finish date missing/different	identifier	The Thousand Eyes	Read	Book	2025-03-20	465272	32164686	1250807883			original exact match retained		
The Bruising of Qilwa	Naseem Jamnia	2025-03-19	2025-03-19	no read audiobook in export; finish date missing/different	title/author	The Bruising of Qilwa	Read	Book	2025-03-20	512321	30464615	B0BLJ29Y83			original exact match retained		
Fire Logic	Laurie J. Marks	2025-03-21	2025-03-19	no read audiobook in export	title/author	Fire Logic	Read	Book	2025-03-21	101571	17323921		9781931520393		original exact match retained		
Earth Logic Elemental Logic, Book 2 (Unabridged)	Laurie J. Marks	2025-03-23	2025-03-21	no read audiobook in export	manual book-level pairing	Earth Logic	Read	Book	2025-03-23	458071	30433057				paired manually	Earth Logic; author and Elemental Logic volume 2 agree.	2190
Tigana	Guy Gavriel Kay	2025-03-26	2025-03-23	no read audiobook in export; finish date missing/different	title/author	Tigana	Read	Book	2025-03-27	432215	14299413	198009036X			original exact match retained		
Dungeon Crawler Carl	Matt Dinniman	2025-03-27	2025-03-26	no read audiobook in export	title/author	Dungeon Crawler Carl	Read	Ebook	2025-03-27	446681	30407789	B08V8B2CGV			original exact match retained		
The Primal Hunter 10	Zogarth	2025-03-28	2025-03-28	no read audiobook in export; finish date missing/different	title/author	The Primal Hunter 10	Read	Ebook		1390898	31418098	B0DK41WV5K			original exact match retained		
The Primal Hunter 9: A LitRPG Adventure	Zogarth	2025-03-28	2025-03-28	no read audiobook in export; finish date missing/different	manual book-level pairing	The Primal Hunter 9	Read	Ebook		1175710	31229730	B0D6H2N1YL			provisional pairing accepted	Inspected title, author where supplied, and series context; descriptive suffix or sparse export metadata.	1060
The Primal Hunter 8	Zogarth	2025-03-28	2025-03-28	no read audiobook in export; finish date missing/different	title/author	The Primal Hunter 8	Read	Ebook		1160718	31225984	B0CQYVL43H			original exact match retained		
The Primal Hunter 7 - A LitRPG Adventure	Zogarth	2025-03-28	2025-03-28	no read audiobook in export; finish date missing/different	manual book-level pairing	The Primal Hunter 7	Read	Ebook		1093424	31229957	B0CLNJQQD7			provisional pairing accepted	Inspected title, author where supplied, and series context; descriptive suffix or sparse export metadata.	1055
The Primal Hunter 6	Zogarth	2025-03-28	2025-03-28	no read audiobook in export; finish date missing/different	title/author	The Primal Hunter 6	Read	Book		1093426	31117444	B0CC6FHBQM			original exact match retained		
The Primal Hunter 5	Zogarth	2025-03-28	2025-03-28	no read audiobook in export; finish date missing/different	title/author	The Primal Hunter 5	Read	Book		638217	30616101	B0C34GCYVT			original exact match retained		
Primal Hunter 4	Zogarth	2025-03-28	2025-03-28	no read audiobook in export; finish date missing/different	manual book-level pairing	The Primal Hunter 4	Read	Book		638200	30616085	B0BK9W82PQ			paired manually	Leading The omitted; Zogarth and volume 4 agree.	407
The Primal Hunter 3	Zogarth	2025-03-28	2025-03-28	no read audiobook in export; finish date missing/different	title/author	The Primal Hunter 3	Read	Book		995246	31019999	B0B6JM8KKV			original exact match retained		
The Primal Hunter 2	Zogarth	2025-03-28	2025-03-28	no read audiobook in export; finish date missing/different	title/author	The Primal Hunter 2	Read	Book		587445	30554096	B09V5RZFDG			original exact match retained		
The Primal Hunter	Zogarth	2025-03-28	2025-03-28	no read audiobook in export; finish date missing/different	title/author	The Primal Hunter	Read	Book	2024-11-04	587435	30554086	B09MWP4277			original exact match retained		
The Primal Hunter 11	Zogarth	2025-03-29	2025-03-28	no read audiobook in export	title/author	The Primal Hunter 11	Read	Ebook	2025-03-29	1450207	31491621	B0DWG4J2SH			original exact match retained		
The Jewel and Her Lapidary	Fran Wilde	2025-03-29	2025-03-29	not marked read; no read audiobook in export; finish date missing/different	title/author	The Jewel and Her Lapidary	Want to Read	Book		439200	30423919	B01FG740UC			original exact match retained		
The Weaver and the Witch Queen	Genevieve Gornichec	2025-03-30	2025-03-29	no read audiobook in export	title/author	The Weaver and the Witch Queen	Read	Book	2025-03-30	770904	30772732	B0BLZS8KCT			original exact match retained		
A Broken Blade	Melissa Blair	2025-03-31	2025-03-30	no read audiobook in export; finish date missing/different	title/author	A Broken Blade	Read	Ebook	2025-04-01	531621	30486720	B0B3GB8FYT			original exact match retained		
A Shadow Crown	Melissa Blair	2025-04-02	2025-04-01	no read audiobook in export	title/author	A Shadow Crown	Read	Book	2025-04-02	713429	31756761	B0BV8ZH4MN			original exact match retained		
Bianca Torre Is Afraid of Everything	Justine Pucella Winans	2025-04-04	2025-04-03	no read audiobook in export	title/author	Bianca Torre Is Afraid of Everything	Read	Book	2025-04-04	454010	30408716	B0B7CQ7CLD			original exact match retained		
Afterlove	Tanya Byrne	2025-04-04	2025-04-04	no read audiobook in export; finish date missing/different	identifier	Afterlove	Read	Book	2025-04-05	451957	31938123	1444962469			original exact match retained		
You Exist Too Much	Zaina Arafat	2025-04-06	2025-04-05	no read audiobook in export	title/author	You Exist Too Much	Read	Book	2025-04-06	436333	21249776	1696601614			original exact match retained		
The Falling in Love Montage	Ciara Smyth	2025-04-08	2025-04-07	no read audiobook in export	title/author	The Falling in Love Montage	Read	Ebook	2025-04-08	441551	20420903	0063012553			original exact match retained		
Ophelia After All	Racquel Marie	2025-04-12	2025-04-11	no read audiobook in export; finish date missing/different	manual book-level pairing	Ophelia After All	Read	Book	2025-04-13	455367	31673825	B09JYKJ4VM			provisional pairing accepted	Inspected title, author where supplied, and series context; descriptive suffix or sparse export metadata.	2006
Mistakes Were Made	Meryl Wilsner	2025-04-17	2025-04-15	no read audiobook in export	title/author	Mistakes Were Made	Read	Book	2025-04-17	504004	30454215	B09Q74K9DR			original exact match retained		
To the Bone	Alena Bruzas	2025-04-28	2025-04-28	no read audiobook in export; finish date missing/different	title/author	To the Bone	Read	Book	2025-01-18	1463352	31507600	B0CQ8Y671Z			original exact match retained		
All the Bad Apples	Moïra Fowley-Doyle	2025-04-29	2025-04-28	no read audiobook in export; finish date missing/different	title/author	All the Bad Apples	Read	Book	2025-04-30	451272	5867129	059310613X			original exact match retained		
All the Hearts You Eat	Hailey Piper	2025-05-02	2025-04-30	no read audiobook in export	manual book-level pairing	All the Hearts You Eat	Read	Book	2025-05-02	1195091	32164640	B0CYF1XVFS			provisional pairing accepted	Inspected title, author where supplied, and series context; descriptive suffix or sparse export metadata.	2204
The Name-Bearer	Natalia Hernandez	2025-05-04	2025-05-04	no read audiobook in export; finish date missing/different	title/author	The Name-Bearer	Read	Book	2025-05-05	465215	30558066	B0CFBFHFV3			original exact match retained		
The Tyrant Baru Cormorant	Seth Dickinson	2025-05-05	2025-05-05	no read audiobook in export; finish date missing/different	identifier	The Tyrant Baru Cormorant	Read	Book	2025-02-07	440878	31913595	1250264189			original exact match retained		
The Unbroken	C.L. Clark	2025-05-05	2025-05-05	no read audiobook in export; finish date missing/different	title/author	The Unbroken	Read	Book	2025-01-07	428981	15344711	1549133861			original exact match retained		
The Follower of Flowers	Natalia Hernandez	2025-05-05	2025-05-04	no read audiobook in export	title/author	The Follower of Flowers	Read	Book	2025-05-05	1112763	31267681	B0CNQSZLYW			original exact match retained		
Oath of Fire	K. Arsenault Rivera	2025-05-07	2025-05-07	no read audiobook in export; finish date missing/different	manual book-level pairing	Oath of Fire	Read	Book	2025-05-09	1160415	32164698	B0CQ8WVJGL			provisional pairing accepted	Inspected title, author where supplied, and series context; descriptive suffix or sparse export metadata.	2064
Starling Days	Rowan Hisayo Buchanan	2025-05-10	2025-05-09	no read audiobook in export; finish date missing/different	title/author	Starling Days	Read	Book	2025-05-12	452004	32164632	109413807X			original exact match retained		
Overgrowth	Mira Grant	2025-05-11	2025-05-10	not marked read; no read audiobook in export; finish date missing/different	title/author	Overgrowth	Want to Read	Ebook		1634509	31844326	B0DFR282FJ			original exact match retained		
All My Mother's Lovers	Ilana Masad	2025-05-11	2025-05-11	no read audiobook in export; finish date missing/different	identifier	All My Mother's Lovers	Read	Book	2025-01-11	456676	31913599	0593211111			original exact match retained		
Ruinsong	Julia Ember	2025-05-12	2025-05-11	not marked read; no read audiobook in export; finish date missing/different	title/author	Ruinsong	Want to Read	Book		40098	17580379	166205047X			original exact match retained		
Thirst	Marina Yuszczuk, Heather Cleary - translator	2025-05-12	2025-05-12	no read audiobook in export	title/author	Thirst	Read	Ebook	2025-05-12	1061518	31085639	B0CB98N62J			original exact match retained		
Sister, Maiden, Monster	Lucy A. Snyder	2025-05-12	2025-05-12	no read audiobook in export; finish date missing/different	manual book-level pairing	Sister, Maiden, Monster	Read	Book	2025-05-13	584716	31880259	B0B1KHB8LB			provisional pairing accepted	Inspected title, author where supplied, and series context; descriptive suffix or sparse export metadata.	2210
Don't Let the Forest In	C.G. Drews	2025-05-13	2025-05-12	not marked read; no read audiobook in export; finish date missing/different	title/author	Don't Let the Forest In	Want to Read	Book		1043383	31067702	B0D9WL1F4T			original exact match retained		
The Mermaid, the Witch, and the Sea	Maggie Tokuda-Hall	2025-05-15	2025-05-14	no read audiobook in export	title/author	The Mermaid, the Witch, and the Sea	Read	Book	2025-05-15	111330	31112267	1799748537			original exact match retained		
Willa & Hesper	Amy Feltman	2025-05-18	2025-05-17	no read audiobook in export	title/author	Willa & Hesper	Read	Book	2025-05-18	449682	32164679	1478999810			original exact match retained		
Tryst Six Venom	Penelope Douglas	2025-05-18	2025-05-18	no read audiobook in export	title/author	Tryst Six Venom	Read	Book	2025-05-18	506111	30457149	B09KP18PC2			original exact match retained		
The Safekeep	Yael van der Wouden	2025-05-19	2025-05-19	no read audiobook in export; finish date missing/different	manual book-level pairing	The Safekeep	Read	Book	2025-01-05	1083952	31913555	B0CLFFDC9D			provisional pairing accepted	Inspected title, author where supplied, and series context; descriptive suffix or sparse export metadata.	1357
The Wandering Inn	Pirateaba	2025-05-19	2025-05-19	no read audiobook in export; finish date missing/different	title/author	The Wandering Inn	Read	Ebook		446694	31126148	1774240327			original exact match retained		
Hell's Wardens	Pirateaba	2025-05-19	2025-05-19	not marked read; no read audiobook in export; finish date missing/different	title/author	Hell's Wardens	Want to Read	Ebook		1576138	31901874	B0DCCZ5MG2			original exact match retained		
Fae and Fare	Pirateaba	2025-05-19	2025-05-19	no read audiobook in export; finish date missing/different	title/author	Fae and Fare	Read	Ebook		446699	30407810	1774241544			original exact match retained		
Flowers of Esthelm	Pirateaba	2025-05-19	2025-05-19	no read audiobook in export; finish date missing/different	title/author	Flowers of Esthelm	Read	Ebook		898265	30919996	1774248123			original exact match retained		
The Last Light	Pirateaba	2025-05-19	2025-05-19	no read audiobook in export; finish date missing/different	title/author	The Last Light	Read	Ebook		646503	30625722	B09FR6RBVY			original exact match retained		
Rains of Liscor	Pirateaba	2025-05-19	2025-05-19	no read audiobook in export; finish date missing/different	manual book-level pairing	The Rains of Liscor	Read	Ebook		1128283	30698683	B09XYL9MQJ			paired manually	Leading The omitted; same author and Wandering Inn volume 7.	405
Blood of Liscor	Pirateaba	2025-05-19	2025-05-19	no read audiobook in export; finish date missing/different	title/author	Blood of Liscor	Read	Book		707984	30698682	B0BDP2WRX7			original exact match retained		
The Wind Runner	Pirateaba	2025-05-19	2025-05-19	no read audiobook in export; finish date missing/different	title/author	The Wind Runner	Read	Ebook		1080261	31104310	B0C82TS539			original exact match retained		
The Titan of Baleros	Pirateaba	2025-05-19	2025-05-19	no read audiobook in export; finish date missing/different	title/author	The Titan of Baleros	Read	Ebook		1080265	31104314	B0CFRKVQJ5			original exact match retained		
The Empress of Beasts	Pirateaba	2025-05-19	2025-05-19	no read audiobook in export; finish date missing/different	title/author	The Empress of Beasts	Read	Ebook		1494206	31525707	B0D7F6BZBC			original exact match retained		
Hearing Red	Nicole Maser	2025-05-19	2025-05-19	no read audiobook in export; finish date missing/different	title/author	Hearing Red	Read	Book	2025-01-10	1375141	31400189	B0DM9STYKM			original exact match retained		
Scorched Grace	Margot Douaihy	2025-05-19	2025-05-19	no read audiobook in export; finish date missing/different	title/author	Scorched Grace	Read	Book	2024-12-28	629297	30605528	B0BN6MJSC5			original exact match retained		
The Churn	James S. A. Corey	2025-05-19	2025-05-19	not marked read; no read audiobook in export; finish date missing/different	title/author	The Churn	Want to Read	Book		431008	30448347	B09JB2RSL3			original exact match retained		
Leviathan Wakes	James S. A. Corey	2025-05-19	2025-05-19	no read audiobook in export; finish date missing/different	title/author	Leviathan Wakes	Read	Book		427621	30552943	B00P9XDQFY			original exact match retained		
Caliban's War	James S. A. Corey	2025-05-19	2025-05-19	no read audiobook in export; finish date missing/different	title/author	Caliban's War	Read	Book		434434	29504130	B075DK95GS			original exact match retained		
Gods of Risk	James S. A. Corey	2025-05-19	2025-05-19	not marked read; no read audiobook in export; finish date missing/different	title/author	Gods of Risk	Want to Read	Audio		430926	8582300	B09JB97WRH			original exact match retained		
Abaddon's Gate	James S. A. Corey	2025-05-19	2025-05-19	no read audiobook in export; finish date missing/different	title/author	Abaddon's Gate	Read	Book		430976	23959925	B00T6ODYMC			original exact match retained		
Cibola Burn	James S. A. Corey	2025-05-19	2025-05-19	no read audiobook in export; finish date missing/different	title/author	Cibola Burn	Read	Book		431006	30557817	B00K7PP15W			original exact match retained		
Nemesis Games	James S. A. Corey	2025-05-19	2025-05-19	no read audiobook in export; finish date missing/different	title/author	Nemesis Games	Read	Book		431010	30559887	B00Y1O1FYG			original exact match retained		
Babylon's Ashes	James S. A. Corey	2025-05-19	2025-05-19	no read audiobook in export; finish date missing/different	title/author	Babylon's Ashes	Read	Book		430940	1488067	B01D53NPLO			original exact match retained		
Strange Dogs	James S. A. Corey	2025-05-19	2025-05-19	no read audiobook in export; finish date missing/different	title/author	Strange Dogs	Read	Book		431017	30400895	B073X5V27J			original exact match retained		
Persepolis Rising	James S. A. Corey	2025-05-19	2025-05-19	no read audiobook in export; finish date missing/different	title/author	Persepolis Rising	Read	Book		430938	30444881	B074XM52YQ	9781501965630		original exact match retained		
Auberon	James S. A. Corey	2025-05-19	2025-05-19	no read audiobook in export; finish date missing/different	title/author	Auberon	Read	Ebook		430999	30448357	1549170090			original exact match retained		
Tiamat's Wrath	James S. A. Corey	2025-05-19	2025-05-19	no read audiobook in export; finish date missing/different	title/author	Tiamat's Wrath	Read	Book	2025-12-15	430977	14025078	1980006520			original exact match retained		
Leviathan Falls	James S.A. Corey	2025-05-19	2025-05-19	not marked read; no read audiobook in export; finish date missing/different	identifier	The Extinction Trials	Want to Read	Audio		507206	32096578	1980035962	9781980035961		original exact match retained		
Our Wives Under the Sea	Julia Armfield	2025-05-19	2025-05-19	no read audiobook in export; finish date missing/different	title/author	Our Wives Under the Sea	Read	Book	2025-01-25	473719	30394770	B09VTK47Q2	9781529017236		original exact match retained		
Blood Bound	Patricia Briggs	2025-05-19	2025-05-19	no read audiobook in export; finish date missing/different	title/author	Blood Bound	Read	Ebook		244394	30536920	B002V1AG7S			original exact match retained		
Iron Kissed	Patricia Briggs	2025-05-19	2025-05-19	no read audiobook in export; finish date missing/different	title/author	Iron Kissed	Read	Book		476895	5319772	B002V8MOTY			original exact match retained		
Bone Crossed	Patricia Briggs	2025-05-19	2025-05-19	no read audiobook in export; finish date missing/different	title/author	Bone Crossed	Read	Book		430125	28811959	B002V9Z4SQ			original exact match retained		
Silver Borne	Patricia Briggs	2025-05-19	2025-05-19	no read audiobook in export; finish date missing/different	title/author	Silver Borne	Read	Book		286218	30400509	B003C1UL94			original exact match retained		
River Marked	Patricia Briggs	2025-05-19	2025-05-19	no read audiobook in export; finish date missing/different	title/author	River Marked	Read	Book		459761	31320601	B004O416JW			original exact match retained		
Frost Burned	Patricia Briggs	2025-05-19	2025-05-19	no read audiobook in export; finish date missing/different	title/author	Frost Burned	Read	Book		473412	30400510	B00BL7ZMTK			original exact match retained		
Night Broken	Patricia Briggs	2025-05-19	2025-05-19	no read audiobook in export; finish date missing/different	title/author	Night Broken	Read	Book		430206	30536938	B00I2WV0WA			original exact match retained		
Fire Touched	Patricia Briggs	2025-05-19	2025-05-19	no read audiobook in export; finish date missing/different	title/author	Fire Touched	Read	Book		429935	5156151	B01BI1X19Q			original exact match retained		
Silence Fallen	Patricia Briggs	2025-05-19	2025-05-19	no read audiobook in export; finish date missing/different	title/author	Silence Fallen	Read	Ebook		429936	3263984	B01MYVARKX			original exact match retained		
Storm Cursed	Patricia Briggs	2025-05-19	2025-05-19	no read audiobook in export; finish date missing/different	title/author	Storm Cursed	Read	Ebook		430482	30412140	069819604X			original exact match retained		
Smoke Bitten	Patricia Briggs	2025-05-19	2025-05-19	no read audiobook in export; finish date missing/different	title/author	Smoke Bitten	Read	Book		430205	18762229	0593165764			original exact match retained		
Soul Taken	Patricia Briggs	2025-05-19	2025-05-19	not marked read; no read audiobook in export; finish date missing/different	title/author	Soul Taken	Want to Read	Book		502017	30458465	0593553675			original exact match retained		
Scamps & Scoundrels	Eric Ugland	2025-05-19	2025-05-19	no read audiobook in export; finish date missing/different	title/author	Scamps & Scoundrels	Read	Book		995041	31019792	1541435362	9781541435360		original exact match retained		
Second Story Man	Eric Ugland	2025-05-19	2025-05-19	no read audiobook in export; finish date missing/different	title/author	Second Story Man	Read	Ebook		638178	30616063	154143644X	9781541436442		original exact match retained		
Skull and Thrones	Eric Ugland	2025-05-19	2025-05-19	no read audiobook in export; finish date missing/different	title/author	Skull and Thrones	Read	Ebook		638177	30616062	1541436458	9781541436459		original exact match retained		
War of the Posers	Eric Ugland	2025-05-19	2025-05-19	no read audiobook in export; finish date missing/different	title/author	War of the Posers	Read	Ebook		638176	30616061	1705236545	9781705236543		original exact match retained		
Seas the Day	Eric Ugland	2025-05-19	2025-05-19	no read audiobook in export; finish date missing/different	title/author	Seas the Day	Read	Ebook		638110	30615994	1705236561	9781705236567		original exact match retained		
High Gloom	Eric Ugland	2025-05-19	2025-05-19	no read audiobook in export; finish date missing/different	title/author	High Gloom	Read	Ebook		638109	30615993	1705236588	9781705236581		original exact match retained		
Back to One	Eric Ugland	2025-05-19	2025-05-19	no read audiobook in export; finish date missing/different	title/author	Back to One	Read	Ebook		637883	30615752	B09PSVRV4J	9781666176247		original exact match retained		
Trick of the Night	Eric Ugland	2025-05-19	2025-05-19	no read audiobook in export; finish date missing/different	title/author	Trick Of The Night	Read	Ebook		637863	30615732	B09XJ79C11	9781666176261		original exact match retained		
2 Lies, 2 Thrones	Eric Ugland	2025-05-19	2025-05-19	no read audiobook in export; finish date missing/different	manual book-level pairing	2 Lies, 2 Thrones	Read	Book		1981771	31687310	B0D7XWC9YR			provisional pairing accepted	Inspected title, author where supplied, and series context; descriptive suffix or sparse export metadata.	1089
The Golem and the Jinni	Helene Wecker	2025-05-19	2025-05-19	no read audiobook in export; finish date missing/different	manual book-level pairing	The Golem and the Djinni	Read	Book		498604	31510651	B00BU8KV2S			paired manually	Jinni / Djinni spelling variant; same author.	370
The Hidden Palace	Helene Wecker	2025-05-19	2025-05-19	no read audiobook in export; finish date missing/different	title/author	The Hidden Palace	Read	Book		434198	18067279	0063097370			original exact match retained		
An Ancient Peace	Tanya Huff	2025-05-19	2025-05-19	no read audiobook in export; finish date missing/different	title/author	An Ancient Peace	Read	Ebook		458741	31687447	B014RNF5FA			original exact match retained		
A Peace Divided	Tanya Huff	2025-05-19	2025-05-19	no read audiobook in export; finish date missing/different	title/author	A Peace Divided	Read	Ebook		458742	31687368	B0711YPX7G			original exact match retained		
The Privilege of Peace	Tanya Huff	2025-05-19	2025-05-19	no read audiobook in export; finish date missing/different	title/author	The Privilege of Peace	Read	Book		461341	30524748	B07DNH7DCM			original exact match retained		
Valor's Choice	Tanya Huff	2025-05-19	2025-05-19	no read audiobook in export; finish date missing/different	title/author	Valor's Choice	Read	Book		458189	30433099	B002V5GTAM	9781400179923		original exact match retained		
The Better Part of Valor	Tanya Huff	2025-05-19	2025-05-19	no read audiobook in export; finish date missing/different	title/author	The Better Part of Valor	Read	Book		457634	30433060	B002VACF4Q	9781400179916		original exact match retained		
The Heart of Valor	Tanya Huff	2025-05-19	2025-05-19	no read audiobook in export; finish date missing/different	title/author	The Heart of Valor	Read	Book		325952	30424589	B002V8HIFE	9781400179893		original exact match retained		
Valor's Trial	Tanya Huff	2025-05-19	2025-05-19	no read audiobook in export; finish date missing/different	title/author	Valor's Trial	Read	Book		179916	15075092	B002V5D5WW	9781400179909		original exact match retained		
The Truth of Valor	Tanya Huff	2025-05-19	2025-05-19	no read audiobook in export; finish date missing/different	title/author	The Truth of Valor	Read	Book		283569	30520314	B00425UXPQ	9781400188390		original exact match retained		
Beneath the Dragoneye Moons	Selkie Myth	2025-05-19	2025-05-19	no read audiobook in export; finish date missing/different	manual book-level pairing	Oathbound Healer	Read	Ebook		637750	30615619	1039402259			paired manually	Oathbound Healer; Selkie Myth, series volume 1.	250
Beneath the Dragoneye Moons 2	Selkie Myth	2025-05-19	2025-05-19	no read audiobook in export; finish date missing/different	manual book-level pairing	Adventures in the Argo	Read	Ebook		637839	30615708	1039402313			paired manually	Adventures in the Argo; Selkie Myth, series volume 2.	44
Beneath the Dragoneye Moons 3	Selkie Myth	2025-05-19	2025-05-19	no read audiobook in export; finish date missing/different	manual book-level pairing	Ranger's Dawn	Read	Ebook		637838	30615707	B09CF14FKD			paired manually	Ranger's Dawn; Selkie Myth, series volume 3.	282
Beneath the Dragoneye Moons 4	Selkie Myth	2025-05-19	2025-05-19	no read audiobook in export; finish date missing/different	manual book-level pairing	Beyond the Wall	Read	Ebook		637837	30615706	B09L5BBJ6X			paired manually	Beyond the Wall; Selkie Myth, series volume 4.	1044
Beneath the Dragoneye Moons 5	Selkie Myth	2025-05-19	2025-05-19	no read audiobook in export; finish date missing/different	manual book-level pairing	Moonveiled Journeys	Read	Ebook		637836	30615705	B09SNZJ74S			paired manually	Moonveiled Journeys; Selkie Myth, series volume 5.	230
Beneath the Dragoneye Moons 6	Selkie Myth	2025-05-19	2025-05-19	no read audiobook in export; finish date missing/different	manual book-level pairing	Immortal Moments	Read	Ebook		637835	30615704	B09ZBKXSSD			paired manually	Immortal Moments; Selkie Myth, series volume 6.	187
Return to Remus	Selkie Myth	2025-05-19	2025-05-19	no read audiobook in export; finish date missing/different	title/author	Return to Remus	Read	Ebook		995089	31019840	B0BYQ5SXPP	9781039426092		original exact match retained		
New Horizons	Selkie Myth	2025-05-19	2025-05-19	no read audiobook in export; finish date missing/different	title/author	New Horizons	Read	Ebook		638242	30616126	B0C2RDTH2X	9781039426146		original exact match retained		
The Gladiator Gauntlet	Selkie Myth	2025-05-19	2025-05-19	no read audiobook in export; finish date missing/different	title/author	The Gladiator Gauntlet	Read	Ebook		638206	30616091	B0C673LP5N			original exact match retained		
Under Ashen Skies	Selkie Myth	2025-05-19	2025-05-19	no read audiobook in export; finish date missing/different	title/author	Under Ashen Skies	Read	Ebook		1182418	31207121	B0CP6T2DQP			original exact match retained		
Deadhouse Gates	Steven Erikson	2025-05-19	2025-05-19	no read audiobook in export; finish date missing/different	title/author	Deadhouse Gates	Read	Book		210733	17121546	B00BJ5YWLS			original exact match retained		
Memories of Ice	Steven Erikson	2025-05-19	2025-05-19	no read audiobook in export; finish date missing/different	title/author	Memories of Ice	Read	Book		133778	22499953	B00C295FWK			original exact match retained		
House of Chains	Steven Erikson	2025-05-19	2025-05-19	no read audiobook in export; finish date missing/different	title/author	House of Chains	Read	Book		130810	1528251	B00GUTGVEE			original exact match retained		
Midnight Tides	Steven Erikson	2025-05-19	2025-05-19	no read audiobook in export; finish date missing/different	title/author	Midnight Tides	Read	Book		289044	30426900	1473555167			original exact match retained		
The Bonehunters	Steven Erikson	2025-05-19	2025-05-19	no read audiobook in export; finish date missing/different	title/author	The Bonehunters	Read	Book		44100	1527364	B00J7XLAUK			original exact match retained		
Reaper's Gale	Steven Erikson	2025-05-19	2025-05-19	no read audiobook in export; finish date missing/different	title/author	Reaper's Gale	Read	Book		236602	30557812	B00M4LRBY6			original exact match retained		
Toll the Hounds	Steven Erikson	2025-05-19	2025-05-19	no read audiobook in export; finish date missing/different	title/author	Toll the Hounds	Read	Book		309316	31792755	B00UO410TW			original exact match retained		
The Crippled God	Steven Erikson	2025-05-19	2025-05-19	no read audiobook in export; finish date missing/different	title/author	The Crippled God	Read	Ebook		440991	30512982	B0118MSZCI			original exact match retained		
Sing the Four Quarters	Tanya Huff	2025-05-19	2025-05-19	no read audiobook in export; finish date missing/different	title/author	Sing the Four Quarters	Read	Book		457167	30424588	B0784XT5NY			original exact match retained		
Fifth Quarter	Tanya Huff	2025-05-19	2025-05-19	no read audiobook in export; finish date missing/different	manual book-level pairing	Fifth Quarter	Read	Book		457209	30433189	B0778YPXSV			provisional pairing accepted	Inspected title, author where supplied, and series context; descriptive suffix or sparse export metadata.	837
No Quarter	Tanya Huff	2025-05-19	2025-05-19	no read audiobook in export; finish date missing/different	title/author	No Quarter	Read	Book		2026454	30433195	B078NHK2CT			original exact match retained		
The Quartered Sea	Tanya Huff	2025-05-19	2025-05-19	no read audiobook in export; finish date missing/different	title/author	The Quartered Sea	Read	Book		457216	30433193	B079J4Z328			original exact match retained		
Metal from Heaven	August Clarke	2025-05-20	2025-05-18	no read audiobook in export	manual book-level pairing	Metal from Heaven	Read	Book	2025-05-20	1250823	32164700	B0DJRM6DPZ			provisional pairing accepted	Inspected title, author where supplied, and series context; descriptive suffix or sparse export metadata.	2110
A Blade So Black	L.L. McKinney	2025-05-20	2025-05-20	no read audiobook in export	title/author	A Blade So Black	Read	Book	2025-05-20	448891	7282278	1250207304			original exact match retained		
A Darker Shade of Magic	V. E. Schwab	2025-05-22	2025-05-22	no read audiobook in export; finish date missing/different	title/author	A Darker Shade of Magic	Read	Ebook		374090	30399523	B00VVZPEX6			original exact match retained		
Artificial Condition	Martha Wells	2025-05-22	2025-05-22	no read audiobook in export; finish date missing/different	title/author	Artificial Condition	Read	Book	2025-06-07	427537	7638727	B07BFDDWXN	9781501977831		original exact match retained		
Artificial Condition (Dramatized Adaptation)	Martha Wells	2025-05-22	2025-05-22	no read audiobook in export; edition scope needs review; finish date missing/different	manual book-level pairing	Artificial Condition	Read	Book	2025-06-07	427537	7638727	B0CK9HTFG5			paired manually	Same underlying work; dramatized edition is not established by this pairing.	37
Ink & Sigil	Kevin Hearne	2025-05-22	2025-05-22	no read audiobook in export; finish date missing/different	title/author	Ink & Sigil	Read	Book		430140	31515688	0593213882	9780593213889		original exact match retained		
Paper & Blood	Kevin Hearne	2025-05-22	2025-05-22	no read audiobook in export; finish date missing/different	title/author	Paper & Blood	Read	Book		430141	27174476	0593214919	9780593214916		original exact match retained		
Candle & Crow	Kevin Hearne	2025-05-22	2025-05-22	no read audiobook in export; finish date missing/different	title/author	Candle & Crow	Read	Book		1254793	31461371	B0CTNGWFB9			original exact match retained		
Electric Angel: A Cyberpunk LitRPG	Plum Parrot	2025-05-22	2025-05-22	no read audiobook in export; finish date missing/different	manual book-level pairing	Electric Angel	Read	Ebook		1603697	31677238	B0CBNFGWT2			provisional pairing accepted	Inspected title, author where supplied, and series context; descriptive suffix or sparse export metadata.	846
Ghost Chrysalis: A Dystopian Sci-Fi Adventure	Plum Parrot	2025-05-22	2025-05-22	no read audiobook in export; finish date missing/different	title/author	Ghost Chrysalis: A Dystopian Sci-Fi Adventure	Read	Book		1612310	31687333	B0CJ5V8JMM			original exact match retained		
Fortune's Envoy: A Dystopian Sci-Fi Adventure	Plum Parrot	2025-05-22	2025-05-22	no read audiobook in export; finish date missing/different	title/author	Fortune's Envoy: A Dystopian Sci-Fi Adventure	Read	Ebook		1612362	31687406	B0CPKT8GBD			original exact match retained		
Jovian Reverie	Plum Parrot	2025-05-22	2025-05-22	no read audiobook in export; finish date missing/different	manual book-level pairing	Jovian Reverie: A Dystopian Sci-Fi Adventure	Read	Book		1612275	31687284	B0CZPL4VRQ			provisional pairing accepted	Inspected title, author where supplied, and series context; descriptive suffix or sparse export metadata.	1108
By a Silver Thread	Rachel Aaron	2025-05-22	2025-05-22	no read audiobook in export; finish date missing/different	title/author	By a Silver Thread	Read	Book		1096992	31121017	B0C448L77M			original exact match retained		
With a Golden Sword	Rachel Aaron	2025-05-22	2025-05-22	no read audiobook in export; finish date missing/different	title/author	With a Golden Sword	Read	Book		1254290	31279351	B0CJSKZ24L			original exact match retained		
To the Bloody End	Rachel Aaron	2025-05-22	2025-05-22	no read audiobook in export; finish date missing/different	title/author	To the Bloody End	Read	Book		1254823	31279882	B0CT4B23YL			original exact match retained		
The Sins on Their Bones	Laura R. Samotin	2025-05-22	2025-05-22	no read audiobook in export; finish date missing/different	manual book-level pairing	The Sins on Their Bones	Read	Book	2024-11-23	1086190	31687459	B0CKS19LMM			provisional pairing accepted	Inspected title, author where supplied, and series context; descriptive suffix or sparse export metadata.	1285
Mandate of Heaven	Selkie Myth	2025-05-22	2025-05-22	no read audiobook in export; finish date missing/different	title/author	Mandate of Heaven	Read	Ebook		1131906	31319314	B0D48HJ8DC			original exact match retained		
Curious Beginnings	V.A. Lewis	2025-05-22	2025-05-22	no read audiobook in export; finish date missing/different	title/author	Curious Beginnings	Read	Ebook		638163	30616048	1039402895			original exact match retained		
A Demon's Pride: A LitRPG Adventure	V.A. Lewis	2025-05-22	2025-05-22	no read audiobook in export; finish date missing/different	manual book-level pairing	A Demon's Pride	Read	Ebook		637746	30615615	B09K4P7RR4			provisional pairing accepted	Inspected title, author where supplied, and series context; descriptive suffix or sparse export metadata.	2627
The Plaguelands	V.A. Lewis	2025-05-22	2025-05-22	no read audiobook in export; finish date missing/different	title/author	The Plaguelands	Read	Ebook		932977	30958101	B09QD834XT			original exact match retained		
Primeval Knowledge	V.A. Lewis	2025-05-22	2025-05-22	no read audiobook in export; finish date missing/different	title/author	Primeval Knowledge	Read	Ebook		932973	30958099	B0B69PVSKK			original exact match retained		
Corruption and Centinels	V.A. Lewis	2025-05-22	2025-05-22	no read audiobook in export; finish date missing/different	title/author	Corruption and Centinels	Read	Ebook		932974	30958098	B0BBWHPDSP	9781039414662		original exact match retained		
Grand Skill	V.A. Lewis	2025-05-22	2025-05-22	no read audiobook in export; finish date missing/different	title/author	Grand Skill	Read	Ebook		932975	30958097	B0C4QXTFCB	9781039427488		original exact match retained		
Wretched Insect: A LitRPG Adventure	V.A. Lewis	2025-05-22	2025-05-22	no read audiobook in export; finish date missing/different	manual book-level pairing	Wretched Insect	Read	Ebook		933069	30958193	B0CCYZ6SY6			provisional pairing accepted	Inspected title, author where supplied, and series context; descriptive suffix or sparse export metadata.	2623
The Treasures of Alexander: A LitRPG Adventure	V.A. Lewis	2025-05-22	2025-05-22	no read audiobook in export; finish date missing/different	manual book-level pairing	The Treasures of Alexander	Read	Ebook		933068	30958192	B0CJ3X78WQ			provisional pairing accepted	Inspected title, author where supplied, and series context; descriptive suffix or sparse export metadata.	2622
Hellprinces: A LitRPG Adventure	V.A. Lewis	2025-05-22	2025-05-22	no read audiobook in export; finish date missing/different	manual book-level pairing	Hellprinces	Read	Ebook		1459839	31503074	B0CLDB9854			provisional pairing accepted	Inspected title, author where supplied, and series context; descriptive suffix or sparse export metadata.	2621
To Play with Magic	Draith	2025-05-22	2025-05-22	no read audiobook in export; finish date missing/different	manual book-level pairing	To Play With Magic: A Mage Litrpg Adventure	Read	Ebook		1103492	31127508	B0CB728QS6			provisional pairing accepted	Inspected title, author where supplied, and series context; descriptive suffix or sparse export metadata.	993
Fleabag: A Monster Evolution LitRPG	SomeoneToForget	2025-05-22	2025-05-22	no read audiobook in export; finish date missing/different	title/author	Fleabag: A Monster Evolution LitRPG	Read	Book		1173884	31198351	B0CJK2Y3QF			original exact match retained		
Mistrunner: A Cyberpunk LitRPG	Nicholas Searcy	2025-05-22	2025-05-22	no read audiobook in export; finish date missing/different	title/author	Mistrunner: A Cyberpunk LitRPG	Read	Book		1612375	31687420	B0CGF5NL4G			original exact match retained		
Discount Armageddon	Seanan McGuire	2025-05-22	2025-05-22	no read audiobook in export; finish date missing/different	title/author	Discount Armageddon	Read	Book		439121	30742851	B00A4FS7YM			original exact match retained		
Midnight Blue-Light Special	Seanan McGuire	2025-05-22	2025-05-22	no read audiobook in export; finish date missing/different	title/author	Midnight Blue-Light Special	Read	Ebook		468233	30447740	B00BFF3GS2			original exact match retained		
Half-Off Ragnarok	Seanan McGuire	2025-05-22	2025-05-22	no read audiobook in export; finish date missing/different	title/author	Half-Off Ragnarok	Read	Book		458732	30386067	B00K1ENZPC			original exact match retained		
Pocket Apocalypse	Seanan McGuire	2025-05-22	2025-05-22	no read audiobook in export; finish date missing/different	title/author	Pocket Apocalypse	Read	Book		340848	21363964	B00TFV51JU			original exact match retained		
Chaos Choreography	Seanan McGuire	2025-05-22	2025-05-22	no read audiobook in export; finish date missing/different	title/author	Chaos Choreography	Read	Book		459495	30385945	B01AO691QI			original exact match retained		
Magic for Nothing	Seanan McGuire	2025-05-22	2025-05-22	no read audiobook in export; finish date missing/different	title/author	Magic for Nothing	Read	Ebook		461498	30448030	B06XKL2HHS			original exact match retained		
Tricks for Free	Seanan McGuire	2025-05-22	2025-05-22	no read audiobook in export; finish date missing/different	title/author	Tricks for Free	Read	Ebook		461252	30385924	B079YWPXQK			original exact match retained		
That Ain't Witchcraft	Seanan McGuire	2025-05-22	2025-05-22	no read audiobook in export; finish date missing/different	title/author	That Ain't Witchcraft	Read	Ebook		476790	30411565	B07P7WV9HW			original exact match retained		
Imaginary Numbers	Seanan McGuire	2025-05-22	2025-05-22	no read audiobook in export; finish date missing/different	title/author	Imaginary Numbers	Read	Book		459504	30385939	B0853F753S			original exact match retained		
Calculated Risks	Seanan McGuire	2025-05-22	2025-05-22	no read audiobook in export; finish date missing/different	title/author	Calculated Risks	Read	Book		13688	1730076	B08XVM9PG7			original exact match retained		
Spelunking Through Hell	Seanan McGuire	2025-05-22	2025-05-22	no read audiobook in export; finish date missing/different	title/author	Spelunking Through Hell	Read	Book		476217	30397586	B09T7783R1			original exact match retained		
Backpacking Through Bedlam	Seanan McGuire	2025-05-22	2025-05-22	no read audiobook in export; finish date missing/different	title/author	Backpacking Through Bedlam	Read	Book		651393	30631997	B0BTTX5SPG			original exact match retained		
Aftermarket Afterlife	Seanan McGuire	2025-05-22	2025-05-22	no read audiobook in export; finish date missing/different	title/author	Aftermarket Afterlife	Read	Book		1084104	31108140	B0CQKL1MDF			original exact match retained		
A Small Town in Southern Illvaria: An Isekai LitRPG	Acaswell	2025-05-22	2025-05-22	no read audiobook in export; finish date missing/different	manual book-level pairing	A Small Town in Southern Illvaria	Read	Ebook		1019997	31044534	B0CFRK9ZK7			provisional pairing accepted	Inspected title, author where supplied, and series context; descriptive suffix or sparse export metadata.	40
Hunger Pangs	Joy Demorra	2025-05-22	2025-05-22	no read audiobook in export; edition scope needs review; finish date missing/different	manual book-level pairing	Hunger Pangs: True Love Bites: Fluff and Fangs	Read	Ebook	2025-01-06	573703	31708901	B0B2KC9FDB			provisional pairing accepted	ABS subtitle True Love Bites and series volume 1 agree; Fluff and Fangs variant not established.	1344
Rosemary and Rue	Seanan McGuire	2025-05-22	2025-05-22	no read audiobook in export; finish date missing/different	title/author	Rosemary and Rue	Read	Book		27719	31534965	B003N40JHE			original exact match retained		
A Local Habitation	Seanan McGuire	2025-05-22	2025-05-22	no read audiobook in export; finish date missing/different	title/author	A Local Habitation	Read	Book		458726	30395516	B003C232NK			original exact match retained		
An Artificial Night	Seanan McGuire	2025-05-22	2025-05-22	no read audiobook in export; finish date missing/different	title/author	An Artificial Night	Read	Ebook		458727	3381280	B00414KJUW			original exact match retained		
Late Eclipses	Seanan McGuire	2025-05-22	2025-05-22	no read audiobook in export; finish date missing/different	title/author	Late Eclipses	Read	Ebook		458728	30447776	B005Z4TH46			original exact match retained		
One Salt Sea	Seanan McGuire	2025-05-22	2025-05-22	no read audiobook in export; finish date missing/different	title/author	One Salt Sea	Read	Book		458729	30395478	B005Z3FGO2			original exact match retained		
Ashes of Honor	Seanan McGuire	2025-05-22	2025-05-22	no read audiobook in export; finish date missing/different	title/author	Ashes of Honor	Read	Ebook		461561	30447764	B00915EYF2			original exact match retained		
The Winter Long	Seanan McGuire	2025-05-22	2025-05-22	no read audiobook in export; finish date missing/different	title/author	The Winter Long	Read	Book		357084	24910611	B00N42IF8U			original exact match retained		
A Red-Rose Chain	Seanan McGuire	2025-05-22	2025-05-22	no read audiobook in export; finish date missing/different	title/author	A Red-Rose Chain	Read	Ebook		474220	30447757	B0118JBF1E			original exact match retained		
Once Broken Faith	Seanan McGuire	2025-05-22	2025-05-22	no read audiobook in export; finish date missing/different	title/author	Once Broken Faith	Read	Book		458731	30395321	B01KU8QI34			original exact match retained		
The Brightest Fell	Seanan McGuire	2025-05-22	2025-05-22	no read audiobook in export; finish date missing/different	title/author	The Brightest Fell	Read	Book		458745	30395283	B0759M7QK6			original exact match retained		
Night and Silence	Seanan McGuire	2025-05-22	2025-05-22	no read audiobook in export; finish date missing/different	title/author	Night and Silence	Read	Ebook		215626	32315185	B07H9BK8BS			original exact match retained		
A Killing Frost	Seanan McGuire	2025-05-22	2025-05-22	no read audiobook in export; finish date missing/different	title/author	A Killing Frost	Read	Book		459505	30397831	B08HZJBBGH			original exact match retained		
When Sorrows Come	Seanan McGuire	2025-05-22	2025-05-22	no read audiobook in export; finish date missing/different	title/author	When Sorrows Come	Read	Book		458748	30397731	B09G3L8WP1			original exact match retained		
Be the Serpent	Seanan McGuire	2025-05-22	2025-05-22	no read audiobook in export; finish date missing/different	title/author	Be the Serpent	Read	Book		651439	30632046	B0BDSXQS5W			original exact match retained		
Sleep No More	Seanan McGuire	2025-05-22	2025-05-22	no read audiobook in export; finish date missing/different	title/author	Sleep No More	Read	Book		460226	31141826	B0C7XFD1YZ			original exact match retained		
The Innocent Sleep	Seanan McGuire	2025-05-22	2025-05-22	no read audiobook in export; finish date missing/different	title/author	The Innocent Sleep	Read	Book		1097245	31121269	B0CLGS2TC6			original exact match retained		
Some Desperate Glory	Emily Tesh	2025-05-22	2025-05-22	no read audiobook in export; finish date missing/different	title/author	Some Desperate Glory	Read	Book		465106	31501092	B09YHYSMCT			original exact match retained		
Starter Villain	John Scalzi	2025-05-22	2025-05-22	no read audiobook in export; finish date missing/different	title/author	Starter Villain	Read	Book		773299	30775702	B0C6FPMDGV			original exact match retained		
A Stitch in Time	Andrew J. Robinson	2025-05-22	2025-05-22	no read audiobook in export; finish date missing/different	title/author	A Stitch in Time	Read	Book		467318	30385001	B0C8VHYFJ5			original exact match retained		
The Three-Body Problem	Cixin Liu, Ken Liu	2025-05-22	2025-05-22	no read audiobook in export; finish date missing/different	title/author	The Three-Body Problem	Read	Book		208339	4682596	B0BVW67D5L			original exact match retained		
The Dark Forest	Cixin Liu, Joel Martinsen - translator	2025-05-22	2025-05-22	no read audiobook in export; finish date missing/different	title/author	The Dark Forest	Read	Book	2023-12-01	427838	30492103	B010PKSKBA			original exact match retained		
Death's End	Cixin Liu, Ken Liu - translator	2025-05-22	2025-05-22	no read audiobook in export; finish date missing/different	title/author	Death's End	Read	Book		427523	6929659	B01LW7OXWP			original exact match retained		
Ever After	Kim Harrison	2025-05-22	2025-05-22	no read audiobook in export; finish date missing/different	title/author	Ever After	Read	Book		477400	30453583	B009R9KG5E			original exact match retained		
The Undead Pool	Kim Harrison	2025-05-22	2025-05-22	no read audiobook in export; finish date missing/different	title/author	The Undead Pool	Read	Book		476182	30453582	B00HUBJFPI			original exact match retained		
American Demon	Kim Harrison	2025-05-22	2025-05-22	not marked read; no read audiobook in export; finish date missing/different	title/author	American Demon	Want to Read	Book		459465	30397980	0593214137			original exact match retained		
Million Dollar Demon	Kim Harrison	2025-05-22	2025-05-22	no read audiobook in export; finish date missing/different	title/author	Million Dollar Demon	Read	Book		461895	30397806	0593409744			original exact match retained		
Trouble with the Cursed	Kim Harrison	2025-05-22	2025-05-22	no read audiobook in export; finish date missing/different	title/author	Trouble with the Cursed	Read	Book		503501	30453575	B09GX6GXP1			original exact match retained		
Demons of Good and Evil	Kim Harrison	2025-05-22	2025-05-22	no read audiobook in export; finish date missing/different	title/author	Demons of Good and Evil	Read	Book		655482	30637115	B0BG96TCVH			original exact match retained		
Perfect Shadow	Brent Weeks	2025-05-22	2025-05-22	no read audiobook in export; finish date missing/different	title/author	Perfect Shadow	Read	Ebook		1950990	30412281	B0053ZUL9C			original exact match retained		
The Way of Shadows	Brent Weeks	2025-05-22	2025-05-22	no read audiobook in export; finish date missing/different	title/author	The Way of Shadows	Read	Book		196346	30400849	B09GWC6SB7			original exact match retained		
Shadow's Edge	Brent Weeks	2025-05-22	2025-05-22	no read audiobook in export; finish date missing/different	title/author	Shadow's Edge	Read	Book		249941	30598308	B0BLXMQ833	9781668630013		original exact match retained		
Beyond the Shadows	Brent Weeks	2025-05-22	2025-05-22	no read audiobook in export; finish date missing/different	title/author	Beyond the Shadows	Read	Book		59766	30819856	B0BLY76VZS	9781668630037		original exact match retained		
The Brightest Shadow	Sarah Lin	2025-05-22	2025-05-22	no read audiobook in export; finish date missing/different	title/author	The Brightest Shadow	Read	Book		446708	30407819	177424568X			original exact match retained		
The Mayor of Noobtown	Ryan Rimmel	2025-05-22	2025-05-22	no read audiobook in export; finish date missing/different	identifier	The Mayor of Noobtown	Read	Ebook		646489	30625708	1774240122			original exact match retained		
The Village of Noobtown	Ryan Rimmel	2025-05-22	2025-05-22	no read audiobook in export; finish date missing/different	manual book-level pairing	Village of Noobtown	Read	Ebook		646490	30625709	1774240963			paired manually	Leading The variation; same author and Noobtown volume 2.	447
Castle of the Noobs	Ryan Rimmel	2025-05-22	2025-05-22	no read audiobook in export; finish date missing/different	identifier	Castle of the Noobs	Read	Ebook		646488	30625707	177424389X			original exact match retained		
Dungeons and Noobs	Ryan Rimmel	2025-05-22	2025-05-22	no read audiobook in export; finish date missing/different	identifier	Dungeons and Noobs	Read	Ebook		646487	30625706	1774246678			original exact match retained		
Noob Game Plus	Ryan Rimmel	2025-05-22	2025-05-22	no read audiobook in export; finish date missing/different	identifier	Noob Game Plus	Read	Ebook		646486	30625705	1039400019			original exact match retained		
Nautical Noobs	Ryan Rimmel	2025-05-22	2025-05-22	no read audiobook in export; finish date missing/different	title/author	Nautical Noobs	Read	Ebook		646485	30625704	B09RRWFR4S			original exact match retained		
Tower of the Noobs	Ryan Rimmel	2025-05-22	2025-05-22	no read audiobook in export; finish date missing/different	title/author	Tower of the Noobs	Read	Ebook		646484	30625703	B0BRBRB95D			original exact match retained		
The Witch and the Vampire	Francesca Flores	2025-05-22	2025-05-22	no read audiobook in export; finish date missing/different	title/author	The Witch and the Vampire	Read	Book		490723	30438047	B0BQPPFTMF			original exact match retained		
Hive Minds Give Good Hugs	"Natalie ""Thundamoo"" Maher"	2025-05-22	2025-05-22	no read audiobook in export; finish date missing/different	manual book-level pairing	Hive Minds Give Good Hugs	Read	Ebook		917423	30941375	B0BBWT87ZT			paired manually	Natalie Maher / Thundamoo author alias; same title.	1177
Pattern Recognition	William Gibson	2025-05-22	2025-05-22	no read audiobook in export; finish date missing/different	title/author	Pattern Recognition	Read	Book		265984	30399419	B076MJR5K5			original exact match retained		
The Left-Handed Booksellers of London	Garth Nix	2025-05-22	2025-05-22	no read audiobook in export; finish date missing/different	title/author	The Left-Handed Booksellers of London	Read	Book		450849	20775551	0655691308			original exact match retained		
The Amazing Adventures of Kavalier & Clay	Michael Chabon	2025-05-22	2025-05-22	no read audiobook in export; finish date missing/different	title/author	The Amazing Adventures of Kavalier & Clay	Read	Book		467910	31547229	B00890C97U			original exact match retained		
Skyclad	Scott Browder	2025-05-22	2025-05-22	no read audiobook in export; finish date missing/different	title/author	Skyclad	Read	Book		637737	30615606	1774244209			original exact match retained		
Skybound	Scott Browder	2025-05-22	2025-05-22	no read audiobook in export; finish date missing/different	manual book-level pairing	Skybound	Read	Book		1612399	31687463	B0BBKGQKZF			provisional pairing accepted	Inspected title, author where supplied, and series context; descriptive suffix or sparse export metadata.	1281
A Damsel and a Demigod	Annette Marie	2025-05-22	2025-05-22	not marked read; no read audiobook in export; finish date missing/different	title/author	A Damsel and a Demigod	Want to Read	Ebook		460330	30411687	1705250521			original exact match retained		
Thistlefoot	GennaRose Nethercott	2025-05-22	2025-05-22	no read audiobook in export; finish date missing/different	title/author	Thistlefoot	Read	Book		513055	31492087	B09S248CNP			original exact match retained		
The Lost Metal	Brandon Sanderson	2025-05-22	2025-05-22	no read audiobook in export; finish date missing/different	title/author	The Lost Metal	Read	Book		427863	30387670	B09N446YK7			original exact match retained		
Skinwalker	Faith Hunter	2025-05-22	2025-05-22	no read audiobook in export; finish date missing/different	title/author	Skinwalker	Read	Book		263142	6919719	B003EI2V2A			original exact match retained		
Blood Cross: Jane Yellowrock, Book 2	Faith Hunter	2025-05-22	2025-05-22	no read audiobook in export; finish date missing/different	manual book-level pairing	Blood Cross	Read	Ebook		59858	30520108	B003FQBS3Y			paired manually	Series suffix only; Faith Hunter and volume 2 agree.	66
Raven Cursed: Jane Yellowrock, Book 4	Faith Hunter	2025-05-22	2025-05-22	no read audiobook in export; finish date missing/different	manual book-level pairing	Raven Cursed	Read	Ebook		476427	30397813	B006OCV7L4			paired manually	Series suffix only; Faith Hunter and volume 4 agree.	281
Death's Rival	Faith Hunter	2025-05-22	2025-05-22	no read audiobook in export; finish date missing/different	title/author	Death's Rival	Read	Book		461184	30397793	B009IWTEDA			original exact match retained		
Blood Trade: Jane Yellowrock, Book 6	Faith Hunter	2025-05-22	2025-05-22	no read audiobook in export; finish date missing/different	manual book-level pairing	Blood Trade	Read	Book		458595	30397786	B00BMXYGMW			paired manually	Series suffix only; Faith Hunter and volume 6 agree.	68
Black Arts	Faith Hunter	2025-05-22	2025-05-22	no read audiobook in export; finish date missing/different	title/author	Black Arts	Read	Book		458598	30397548	B00GS3UDJQ			original exact match retained		
Dark Heir	Faith Hunter	2025-05-22	2025-05-22	no read audiobook in export; finish date missing/different	title/author	Dark Heir	Read	Book		458601	30397482	B00STWV7HG			original exact match retained		
Shadow Rites	Faith Hunter	2025-05-22	2025-05-22	no read audiobook in export; finish date missing/different	title/author	Shadow Rites	Read	Book		461186	30397698	B01C4Q08VI			original exact match retained		
Dark Queen	Faith Hunter	2025-05-22	2025-05-22	no read audiobook in export; finish date missing/different	title/author	Dark Queen	Read	Book		461185	30397630	B07BBWDLSV			original exact match retained		
Shattered Bonds	Faith Hunter	2025-05-22	2025-05-22	no read audiobook in export; finish date missing/different	title/author	Shattered Bonds	Read	Book		458515	30397611	B07YQ7WQ7P			original exact match retained		
True Dead	Faith Hunter	2025-05-22	2025-05-22	no read audiobook in export; finish date missing/different	title/author	True Dead	Read	Book		461131	30397744	B09FMVRLMV			original exact match retained		
Final Heir	Faith Hunter	2025-05-22	2025-05-22	no read audiobook in export; finish date missing/different	title/author	Final Heir	Read	Book		523743	30477382	B0BGJQT3SN			original exact match retained		
When the Angels Left the Old Country	Sacha Lamb	2025-05-22	2025-05-22	no read audiobook in export; finish date missing/different	manual book-level pairing	When the Angels Left the Old Country	Read	Book		649200	31687339	B0B8Q94TMJ			provisional pairing accepted	Inspected title, author where supplied, and series context; descriptive suffix or sparse export metadata.	1126
The Rook	Daniel O'Malley	2025-05-22	2025-05-22	no read audiobook in export; finish date missing/different	title/author	The Rook	Read	Book		431967	30646133	B007FTJKRI			original exact match retained		
Stiletto	Daniel O'Malley	2025-05-22	2025-05-22	no read audiobook in export; finish date missing/different	title/author	Stiletto	Read	Book		439892	30405417	B01DDZBJM6			original exact match retained		
Blitz	Daniel O'Malley	2025-05-22	2025-05-22	no read audiobook in export; finish date missing/different	title/author	Blitz	Read	Book		440157	30404888	B0B2HX7DN6			original exact match retained		
The Yiddish Policemen's Union	Michael Chabon	2025-05-22	2025-05-22	no read audiobook in export; finish date missing/different	title/author	The Yiddish Policemen's Union	Read	Book		377099	16913880	B01F9PHNB4			original exact match retained		
Hounded	Kevin Hearne	2025-05-22	2025-05-22	no read audiobook in export; finish date missing/different	title/author	Hounded	Read	Book		428349	27980853	B004V4OD04			original exact match retained		
Hexed	Kevin Hearne	2025-05-22	2025-05-22	no read audiobook in export; finish date missing/different	title/author	Hexed	Read	Book		429262	30492474	B0052FRKMO			original exact match retained		
Hammered	Kevin Hearne	2025-05-22	2025-05-22	no read audiobook in export; finish date missing/different	title/author	Hammered	Read	Book		135686	31687350	B0057HS0NK			original exact match retained		
Tricked	Kevin Hearne	2025-05-22	2025-05-22	no read audiobook in export; finish date missing/different	title/author	Tricked	Read	Book		429264	31687390	B007V55FJ8	9780449013052		original exact match retained		
Trapped	Kevin Hearne	2025-05-22	2025-05-22	no read audiobook in export; finish date missing/different	title/author	Trapped	Read	Book		429265	31475388	B009PRHPMU	9780449013076		original exact match retained		
Shattered	Kevin Hearne	2025-05-22	2025-05-22	no read audiobook in export; finish date missing/different	title/author	Shattered	Read	Book		270843	31687375	B00JV2RPQ0	9780804147903		original exact match retained		
Staked	Kevin Hearne	2025-05-22	2025-05-22	no read audiobook in export; finish date missing/different	title/author	Staked	Read	Book		150498	31343336	B017WQALGM	9780804147927		original exact match retained		
Scourged	Kevin Hearne	2025-05-22	2025-05-22	no read audiobook in export; finish date missing/different	title/author	Scourged	Read	Book		459290	31687289	B075H2KL3X	9780804147941		original exact match retained		
Two Tales of the Iron Druid Chronicles	Kevin Hearne	2025-05-22	2025-05-22	no read audiobook in export; edition scope needs review; finish date missing/different	manual book-level pairing	Kaibab Unbound | A Test of Mettle	Read	Book | Ebook	 | 	1192413,429339	31217215,30400064	B00XUMA190			paired manually	Audible B00XUMA190 description names Kaibab Unbound and A Test of Mettle; both are Read in export. Combined edition not established. Source: https://www.audible.com/pd/B00XUMA190	202,42
Carniepunk: The Demon Barker of Wheat Street	Kevin Hearne	2025-05-22	2025-05-22	no read audiobook in export; finish date missing/different	manual book-level pairing	Carniepunk	Read	Book		468512	31687426	B00NBAXV6G	9781442383678		provisional pairing accepted	Carniepunk is a 38-page Kevin Hearne record in Iron Druid, consistent with the standalone Demon Barker story, not the full anthology.	1280
Grimoire of the Lamb	Kevin Hearne	2025-05-22	2025-05-22	no read audiobook in export; finish date missing/different	manual book-level pairing	The Grimoire of the Lamb	Read	Book		1612285	31687301	B00CLR5884	9780804128827		paired manually	Leading The variation; same author.	1105
Three Slices	Kevin Hearne, Delilah S. Dawson, Chuck Wendig	2025-05-22	2025-05-22	no read audiobook in export; finish date missing/different	manual book-level pairing	Three Slices	Read	Book		1105681	31129705	B00VTQ8TO8			paired manually	Export credits coauthor Delilah S. Dawson; ABS also credits Hearne and Wendig.	3203
Lirael	Garth Nix	2025-05-22	2025-05-22	no read audiobook in export; finish date missing/different	title/author	Lirael	Read	Book		52026	27437335	B002V02R62			original exact match retained		
Sabriel	Garth Nix	2025-05-22	2025-05-22	no read audiobook in export; finish date missing/different	title/author	Sabriel	Read	Book		118111	30880083	B002UUP42M			original exact match retained		
Randomize	Andy Weir	2025-05-22	2025-05-22	not marked read; no read audiobook in export; finish date missing/different	title/author	Randomize	Want to Read	Ebook		427926	30390694	1978650817			original exact match retained		
Escape From Yokai Land	Charles Stross	2025-05-22	2025-05-22	no read audiobook in export; finish date missing/different	title/author	Escape from Yokai Land	Read	Book		563807	31103983	1705035183			original exact match retained		
The Martian	Andy Weir	2025-05-22	2025-05-22	no read audiobook in export; finish date missing/different	title/author	The Martian	Read	Book		292354	12841480	B082BHJMFF			original exact match retained		
The Calculating Stars	Mary Robinette Kowal	2025-05-22	2025-05-22	no read audiobook in export; finish date missing/different	title/author	The Calculating Stars	Read	Book		186438	28439044	B07DVCTB9R			original exact match retained		
The Fated Sky	Mary Robinette Kowal	2025-05-22	2025-05-22	no read audiobook in export; finish date missing/different	title/author	The Fated Sky	Read	Book		459558	31505262	B07G8FH9H7			original exact match retained		
The Relentless Moon	Mary Robinette Kowal	2025-05-22	2025-05-22	no read audiobook in export; finish date missing/different	title/author	The Relentless Moon	Read	Book		273891	30337469	B08B7G68YV			original exact match retained		
Middlegame	Seanan McGuire	2025-05-22	2025-05-22	no read audiobook in export; finish date missing/different	title/author	Middlegame	Read	Book		428651	22783788	1250223350			original exact match retained		
Heir of Fire	Sarah J. Maas	2025-05-22	2025-05-22	no read audiobook in export; finish date missing/different	title/author	Heir of Fire	Read	Book		1363844	30432118	B09CHB2YXJ			original exact match retained		
Tower of Dawn	Sarah J. Maas	2025-05-22	2025-05-22	no read audiobook in export; finish date missing/different	title/author	Tower of Dawn	Read	Book		429015	30852060	B0759X8K2X			original exact match retained		
Kingdom of Ash	Sarah J. Maas	2025-05-22	2025-05-22	no read audiobook in export; finish date missing/different	title/author	Kingdom of Ash	Read	Book		429018	7875136	B07J682QY2			original exact match retained		
Empire of Storms	Sarah J. Maas	2025-05-22	2025-05-22	no read audiobook in export; finish date missing/different	title/author	Empire of Storms	Read	Book		183545	30825891	B01KIQVHL6			original exact match retained		
Throne of Glass	Sarah J. Maas	2025-05-22	2025-05-22	no read audiobook in export; finish date missing/different	title/author	Throne of Glass	Read	Book		39629	30809266	1547607548			original exact match retained		
Queen of Shadows	Sarah J. Maas	2025-05-22	2025-05-22	no read audiobook in export; finish date missing/different	title/author	Queen of Shadows	Read	Book		153090	30606003	B012BTUEVC			original exact match retained		
Midnight Riot	Ben Aaronovitch	2025-05-22	2025-05-22	no read audiobook in export; finish date missing/different	manual book-level pairing	Rivers of London	Read	Book		440003	11302913	B009CZNUGU	9781452680071		paired manually	US title for Rivers of London; Ben Aaronovitch, first Rivers of London novel.	677
Moon Over Soho	Ben Aaronovitch	2025-05-22	2025-05-22	no read audiobook in export; finish date missing/different	title/author	Moon Over Soho	Read	Book		5921	11058082	B009CZN2AE	9781452680088		original exact match retained		
Whispers Under Ground	Ben Aaronovitch	2025-05-22	2025-05-22	no read audiobook in export; finish date missing/different	title/author	Whispers Under Ground	Read	Book		432534	2076729	B009D126RC	9781452680095		original exact match retained		
Broken Homes	Ben Aaronovitch	2025-05-22	2025-05-22	no read audiobook in export; finish date missing/different	title/author	Broken Homes	Read	Book		160470	8347118	B00IA53J6Y			original exact match retained		
Foxglove Summer	Ben Aaronovitch	2025-05-22	2025-05-22	no read audiobook in export; finish date missing/different	title/author	Foxglove Summer	Read	Book		432535	2908469	B00QXW6NY6			original exact match retained		
The Hanging Tree	Ben Aaronovitch	2025-05-22	2025-05-22	no read audiobook in export; finish date missing/different	title/author	The Hanging Tree	Read	Book		432529	31515597	B01MY0246S			original exact match retained		
Lies Sleeping	Ben Aaronovitch	2025-05-22	2025-05-22	no read audiobook in export; finish date missing/different	title/author	Lies Sleeping	Read	Book		432531	30428661	1984890751			original exact match retained		
False Value	Ben Aaronovitch	2025-05-22	2025-05-22	no read audiobook in export; finish date missing/different	title/author	False Value	Read	Book		432525	27751819	059316735X			original exact match retained		
Amongst Our Weapons	Ben Aaronovitch	2025-05-22	2025-05-22	no read audiobook in export; finish date missing/different	title/author	Amongst Our Weapons	Read	Book		476216	30826253	B09P8WS16M			original exact match retained		
Guards! Guards!	Terry Pratchett	2025-05-22	2025-05-22	no read audiobook in export; finish date missing/different	title/author	Guards! Guards!	Read	Book		446212	12591508	B0032NANJA			original exact match retained		
Guards! Guards!	Terry Pratchett, Ben Aaronovitch - afterword	2025-05-22	2025-05-22	no read audiobook in export; finish date missing/different	title/author	Guards! Guards!	Read	Book		446212	12591508	B09M8WGGBN			original exact match retained		
Men at Arms	Terry Pratchett	2025-05-22	2025-05-22	no read audiobook in export; finish date missing/different	title/author	Men at Arms	Read	Book		446110	14070015	B09MDKMN8R			original exact match retained		
California Demon	Debra Dunbar	2025-05-22	2025-05-22	no read audiobook in export; finish date missing/different	manual book-level pairing	California Demon: An Imp World Urban Fantasy	Read	Book		1612290	31687307	B08XZVZ9DG			provisional pairing accepted	Inspected title, author where supplied, and series context; descriptive suffix or sparse export metadata.	1093
A Demon Bound	Debra Dunbar	2025-05-22	2025-05-22	no read audiobook in export; finish date missing/different	title/author	A Demon Bound	Read	Book		612355	30584756	B00I5ODTKQ			original exact match retained		
Imp Series, Books 1-3	Debra Dunbar	2025-05-22	2025-05-22	no read audiobook in export; edition scope needs review; finish date missing/different	manual book-level pairing	A Demon Bound | Satan's Sword | Elven Blood	Read	Book	 |  | 	612355,612354,612353	30584756,30584755,30584754	B07TK4T9SR			paired manually	All three constituents are Read: A Demon Bound, Satan's Sword, Elven Blood. Omnibus edition not established.	1150,1182,134
Satan's Sword	Debra Dunbar	2025-05-22	2025-05-22	no read audiobook in export; finish date missing/different	title/author	Satan's Sword	Read	Book		612354	30584755	B00KM6YX1Y			original exact match retained		
Elven Blood	Debra Dunbar	2025-05-22	2025-05-22	no read audiobook in export; finish date missing/different	title/author	Elven Blood	Read	Book		612353	30584754	B00NGTOCJW			original exact match retained		
Devil's Paw	Debra Dunbar	2025-05-22	2025-05-22	no read audiobook in export; finish date missing/different	title/author	Devil's Paw	Read	Book		612352	30584753	B00QSFDU2G			original exact match retained		
Imp Forsaken	Debra Dunbar	2025-05-22	2025-05-22	no read audiobook in export; finish date missing/different	title/author	Imp Forsaken	Read	Book		612351	30584752	B00TGE77G6			original exact match retained		
Angel of Chaos	Debra Dunbar	2025-05-22	2025-05-22	no read audiobook in export; finish date missing/different	title/author	Angel of Chaos	Read	Book		612349	30584750	B00XWV3YLG			original exact match retained		
Kingdom of Lies	Debra Dunbar	2025-05-22	2025-05-22	no read audiobook in export; finish date missing/different	title/author	Kingdom of Lies	Read	Book		612350	30584751	B01AGZWHHW			original exact match retained		
Down the Chimney	Debra Dunbar	2025-05-22	2025-05-22	no read audiobook in export; finish date missing/different	manual book-level pairing	Down The Chimney	Read	Book		1612272	31687280	B07LC24P8Z			provisional pairing accepted	Inspected title, author where supplied, and series context; descriptive suffix or sparse export metadata.	1064
With This Ring	Debra Dunbar	2025-05-22	2025-05-22	no read audiobook in export; finish date missing/different	manual book-level pairing	With This Ring	Read	Book		1612332	31687362	B08BQFS2L9			provisional pairing accepted	Inspected title, author where supplied, and series context; descriptive suffix or sparse export metadata.	1154
Demons of Desire	Debra Dunbar	2025-05-22	2025-05-22	no read audiobook in export; finish date missing/different	title/author	Demons of Desire	Read	Book		612358	30584759	B014VBWCYK			original exact match retained		
Sins of the Flesh	Debra Dunbar	2025-05-22	2025-05-22	no read audiobook in export; finish date missing/different	title/author	Sins of the Flesh	Read	Book		612357	30584758	B018Y0T0US			original exact match retained		
Cornucopia	Debra Dunbar	2025-05-22	2025-05-22	no read audiobook in export; finish date missing/different	manual book-level pairing	Cornucopia	Read	Book		1612330	31687358	B07892NM1Y			provisional pairing accepted	Inspected title, author where supplied, and series context; descriptive suffix or sparse export metadata.	1148
Initializing	K. T. Hanna	2025-05-22	2025-05-22	no read audiobook in export; finish date missing/different	manual book-level pairing	Initializing	Read	Book		1509604	31563135	B07G1M4H42			provisional pairing accepted	Inspected title, author where supplied, and series context; descriptive suffix or sparse export metadata.	192
Edgedancer	Brandon Sanderson	2025-05-22	2025-05-22	no read audiobook in export; finish date missing/different	title/author	Edgedancer	Read	Book		427544	17695374	B0B5M28HZK			original exact match retained		
The Way of Kings	Brandon Sanderson	2025-05-22	2025-05-22	no read audiobook in export; finish date missing/different	title/author	The Way of Kings	Read	Book		386446	3134360	B003ZWFO7E			original exact match retained		
Words of Radiance	Brandon Sanderson	2025-05-22	2025-05-22	no read audiobook in export; finish date missing/different	title/author	Words of Radiance	Read	Book		374131	419923	B00HWF0MHW			original exact match retained		
Singularity Sky	Charles Stross	2025-05-22	2025-05-22	no read audiobook in export; finish date missing/different	title/author	Singularity Sky	Read	Book		446310	2198728	B002V5BFEM			original exact match retained		
Iron Sunrise	Charles Stross	2025-05-22	2025-05-22	no read audiobook in export; finish date missing/different	title/author	Iron Sunrise	Read	Book		446311	21717047	B002V1AGCS			original exact match retained		
Sparrow Hill Road	Seanan McGuire	2025-05-22	2025-05-22	no read audiobook in export; finish date missing/different	title/author	Sparrow Hill Road	Read	Book		437788	26447410	B00JVUA80W			original exact match retained		
The Girl in the Green Silk Gown	Seanan McGuire	2025-05-22	2025-05-22	no read audiobook in export; finish date missing/different	title/author	The Girl in the Green Silk Gown	Read	Book		439322	26683663	1541485165			original exact match retained		
Angel of the Overpass	Seanan McGuire	2025-05-22	2025-05-22	no read audiobook in export; finish date missing/different	title/author	Angel of the Overpass	Read	Ebook		458750	30584414	1515942341			original exact match retained		
Three Mages and a Margarita	Annette Marie	2025-05-22	2025-05-22	no read audiobook in export; finish date missing/different	title/author	Three Mages and a Margarita	Read	Book		459804	30601738	1977330436	9781977330437		original exact match retained		
Two Witches and a Whiskey	Annette Marie	2025-05-22	2025-05-22	no read audiobook in export; finish date missing/different	title/author	Two Witches and a Whiskey	Read	Book		460329	31687396	1977330452			original exact match retained		
The Alchemist and an Amaretto	Annette Marie	2025-05-22	2025-05-22	no read audiobook in export; finish date missing/different	title/author	The Alchemist and an Amaretto	Read	Ebook		461291	30585246	1515934047			original exact match retained		
Druid Vices and a Vodka	Annette Marie	2025-05-22	2025-05-22	no read audiobook in export; finish date missing/different	title/author	Druid Vices and a Vodka	Read	Book		461290	30562839	1515934055			original exact match retained		
Lost Talismans and a Tequila	Annette Marie	2025-05-22	2025-05-22	no read audiobook in export; finish date missing/different	title/author	Lost Talismans and a Tequila	Read	Ebook		461289	30585240	1515934063			original exact match retained		
Damned Souls and a Sangria	Annette Marie	2025-05-22	2025-05-22	no read audiobook in export; finish date missing/different	title/author	Damned Souls and a Sangria	Read	Book		460327	30451865	1515934071			original exact match retained		
Viridian Gate Online: Firebrand: A litRPG Adventure	James Hunter, J. D. Astra	2025-05-22	2025-05-22	no read audiobook in export; finish date missing/different	manual book-level pairing	Firebrand	Read	Book		1612329	31687357	B07RP3JQ46			paired manually	Firebrand record with blank author; consistent with same import batch and adjacent Firebrand volumes. Book-level pairing; sparse catalog metadata.	1147
Viridian Gate Online: Embers of Rebellion	J.D. Astra	2025-05-22	2025-05-22	no read audiobook in export; finish date missing/different	manual book-level pairing	Embers of Rebellion	Read	Book		769833	31687379	B07YF4X8VT			paired manually	Same individual title and author; series prefix omitted.	1208
Dominion of Blades	Matt Dinniman	2025-05-22	2025-05-22	no read audiobook in export; finish date missing/different	title/author	Dominion of Blades	Read	Book		680445	30667875	B072XTFXLG			original exact match retained		
The Hobgoblin Riot	Matt Dinniman	2025-05-22	2025-05-22	no read audiobook in export; finish date missing/different	manual book-level pairing	The Hobgoblin Riot: Dominion of Blades Book 2: A LitRPG Adventure	Read	Book		770123	30829590	B07FCRJFDP			paired manually	Dominion of Blades Book 2 / A LitRPG Adventure subtitle; author agrees.	1027
Forever Fantasy Online	Rachel Aaron, Travis Bach	2025-05-22	2025-05-22	no read audiobook in export; finish date missing/different	title/author	Forever Fantasy Online	Read	Book		507292	31088650	B07D3ZGLF9			original exact match retained		
Last Bastion	Rachel Aaron, Travis Bach	2025-05-22	2025-05-22	no read audiobook in export; finish date missing/different	title/author	Last Bastion	Read	Book		587479	31141816	B07QR169F7			original exact match retained		
The Once King	Rachel Aaron, Travis Bach	2025-05-22	2025-05-22	no read audiobook in export; finish date missing/different	title/author	The Once King	Read	Book		587478	31141803	B08171XVRT			original exact match retained		
Master of the Revels	Nicole Galland	2025-05-22	2025-05-22	no read audiobook in export; finish date missing/different	title/author	Master of the Revels	Read	Book		469865	30524580	0063016176			original exact match retained		
What Abigail Did That Summer	Ben Aaronovitch	2025-05-22	2025-05-22	no read audiobook in export; finish date missing/different	title/author	What Abigail Did That Summer	Read	Book		468077	31630312	1541489845	9781541489844		original exact match retained		
The October Man	Ben Aaronovitch	2025-05-22	2025-05-22	no read audiobook in export; finish date missing/different	title/author	The October Man	Read	Book		432498	30428653	1541489837	9781541489837		original exact match retained		
Penric's Fox	Lois McMaster Bujold	2025-05-22	2025-05-22	no read audiobook in export; finish date missing/different	title/author	Penric's Fox	Read	Book		461431	30484209	B078N68JWW			original exact match retained		
Masquerade in Lodi	Lois McMaster Bujold	2025-05-22	2025-05-22	no read audiobook in export; finish date missing/different	title/author	Masquerade in Lodi	Read	Book		592004	30559793	1665048964			original exact match retained		
Mira's Last Dance	Lois McMaster Bujold	2025-05-22	2025-05-22	no read audiobook in export; finish date missing/different	title/author	Mira's Last Dance	Read	Book		461430	30432951	B0714L6X2T			original exact match retained		
The Prisoner of Limnos	Lois McMaster Bujold	2025-05-22	2025-05-22	no read audiobook in export; finish date missing/different	title/author	The Prisoner of Limnos	Read	Book		461432	30432950	B078P1SBF1			original exact match retained		
The Orphans of Raspay	Lois McMaster Bujold	2025-05-22	2025-05-22	no read audiobook in export; finish date missing/different	title/author	The Orphans of Raspay	Read	Book		460703	30412131	1094193720			original exact match retained		
The Physicians of Vilnoc	Lois McMaster Bujold	2025-05-22	2025-05-22	no read audiobook in export; finish date missing/different	title/author	The Physicians of Vilnoc	Read	Book		461136	30484214	179993943X			original exact match retained		
The Assassins of Thasalon	Lois McMaster Bujold	2025-05-22	2025-05-22	no read audiobook in export; finish date missing/different	title/author	The Assassins of Thasalon	Read	Book		626661	30602309	B097HZWVCG			original exact match retained		
A Psalm for the Wild-Built	Becky Chambers	2025-05-22	2025-05-22	no read audiobook in export; finish date missing/different	title/author	A Psalm for the Wild-Built	Read	Book		445011	28452919	1250807743			original exact match retained		
Project Hail Mary	Andy Weir	2025-05-22	2025-05-22	no read audiobook in export; finish date missing/different	title/author	Project Hail Mary	Read	Book		427578	3274049	B08G9PRS1K			original exact match retained		
To Be Taught, If Fortunate	Becky Chambers	2025-05-22	2025-05-22	no read audiobook in export; finish date missing/different	title/author	To Be Taught, If Fortunate	Read	Book		98275	30405524	0062959042			original exact match retained		
This Is How You Lose the Time War	Max Gladstone, Amal El-Mohtar	2025-05-22	2025-05-22	no read audiobook in export; finish date missing/different	title/author	This Is How You Lose the Time War	Read	Ebook		249097	26220245	1508287058	9781508287056		original exact match retained		
The Galaxy, and the Ground Within	Becky Chambers	2025-05-27	2025-05-27	no read audiobook in export; finish date missing/different	title/author	The Galaxy, and the Ground Within	Read	Book		435198	13560725	0063069199			original exact match retained		
The Long Way to a Small, Angry Planet	Becky Chambers	2025-05-22	2025-05-22	no read audiobook in export; finish date missing/different	title/author	The Long Way to a Small, Angry Planet	Read	Book		748620	24681207	0062969536			original exact match retained		
The Long Way to a Small, Angry Planet: Booktrack Edition	Becky Chambers	2025-05-22	2025-05-22	no read audiobook in export; finish date missing/different	manual book-level pairing	The Long Way to a Small, Angry Planet	Read	Book		748620	24681207	B07DFN5FBP			provisional pairing accepted	Inspected title, author where supplied, and series context; descriptive suffix or sparse export metadata.	387
A Closed and Common Orbit: Booktrack Edition	Becky Chambers	2025-05-22	2025-05-22	no read audiobook in export; finish date missing/different	manual book-level pairing	A Closed and Common Orbit	Read	Book		325996	5869570	1529330394			provisional pairing accepted	Inspected title, author where supplied, and series context; descriptive suffix or sparse export metadata.	41
Record of a Spaceborn Few: Booktrack Edition	Becky Chambers	2025-05-22	2025-05-22	no read audiobook in export; finish date missing/different	manual book-level pairing	Record of a Spaceborn Few	Read	Book		263418	31482854	B07KY5614C			provisional pairing accepted	Inspected title, author where supplied, and series context; descriptive suffix or sparse export metadata.	285
Black Sun	Rebecca Roanhorse	2025-05-22	2025-05-22	no read audiobook in export; finish date missing/different	title/author	Black Sun	Read	Book		429027	31482868	1508283060			original exact match retained		
Trail of Lightning	Rebecca Roanhorse	2025-05-22	2025-05-22	no read audiobook in export; finish date missing/different	title/author	Trail of Lightning	Read	Book		164876	28321739	B07FSRBKNM			original exact match retained		
Dreadnought	April Daniels	2025-05-22	2025-05-22	no read audiobook in export; finish date missing/different	title/author	Dreadnought	Read	Book		368509	30403604	B072C3MZ8V			original exact match retained		
Sovereign	April Daniels	2025-05-22	2025-05-22	no read audiobook in export; finish date missing/different	title/author	Sovereign	Read	Book		466328	30384011	B0735XJGL4			original exact match retained		
Gideon the Ninth	Tamsyn Muir	2025-05-22	2025-05-22	no read audiobook in export; finish date missing/different	title/author	Gideon the Ninth	Read	Book		20941	30399881	1980004900	9781980004905		original exact match retained		
Harrow the Ninth	Tamsyn Muir	2025-05-22	2025-05-22	no read audiobook in export; finish date missing/different	title/author	Harrow the Ninth	Read	Book		215901	30399888	1980004935	9781980004936		original exact match retained		
House of Earth and Blood	Sarah J. Maas	2025-05-22	2025-05-22	no read audiobook in export; finish date missing/different	title/author	House of Earth and Blood	Read	Book		465201	14974657	B082YHZPTY			original exact match retained		
Minimum Wage Magic	Rachel Aaron	2025-05-22	2025-05-22	no read audiobook in export; finish date missing/different	title/author	Minimum Wage Magic	Read	Book		439342	19125588	B07M6RY5PR			original exact match retained		
Part-Time Gods	Rachel Aaron	2025-05-22	2025-05-22	no read audiobook in export; finish date missing/different	title/author	Part-Time Gods	Read	Book		468019	30385854	B07TLD2QJ5			original exact match retained		
Night Shift Dragons	Rachel Aaron	2025-05-22	2025-05-22	no read audiobook in export; finish date missing/different	title/author	Night Shift Dragons	Read	Book		439349	30490702	B0881Y2LHS			original exact match retained		
Once & Future	A. R. Capetta, Cory McCarthy	2025-05-22	2025-05-22	no read audiobook in export; finish date missing/different	title/author	Once & Future	Read	Book		453873	30425178	1549115871			original exact match retained		
The Black Prism	Brent Weeks	2025-05-22	2025-05-22	no read audiobook in export; finish date missing/different	title/author	The Black Prism	Read	Book		446963	25267092	B01HZXFARW			original exact match retained		
The Blinding Knife: Booktrack Edition	Brent Weeks	2025-05-22	2025-05-22	no read audiobook in export; finish date missing/different	manual book-level pairing	The Blinding Knife	Read	Book		477964	26322662	1549102818			provisional pairing accepted	Inspected title, author where supplied, and series context; descriptive suffix or sparse export metadata.	346
The Broken Eye	Brent Weeks	2025-05-22	2025-05-22	no read audiobook in export; finish date missing/different	title/author	The Broken Eye	Read	Book		12127	4220294	B00MJDZYLQ			original exact match retained		
The Blood Mirror	Brent Weeks	2025-05-22	2025-05-22	no read audiobook in export; finish date missing/different	title/author	The Blood Mirror	Read	Book		86440	30431967	B01K8S3XDE			original exact match retained		
The Burning White	Brent Weeks	2025-05-22	2025-05-22	no read audiobook in export; finish date missing/different	title/author	The Burning White	Read	Book		446514	23500642	147897835X			original exact match retained		
Junkyard Cats	Faith Hunter	2025-05-22	2025-05-22	no read audiobook in export; finish date missing/different	title/author	Junkyard Cats	Read	Book		982520	31007356	B082LSC2RR			original exact match retained		
A Little Hatred	Joe Abercrombie	2025-05-22	2025-05-22	no read audiobook in export; finish date missing/different	title/author	A Little Hatred	Read	Book		427662	31484700	1478916591			original exact match retained		
Feed	Mira Grant	2025-05-22	2025-05-22	no read audiobook in export; finish date missing/different	title/author	Feed	Read	Book		273279	30399911	B003K28EP8			original exact match retained		
Deadline	Mira Grant	2025-05-22	2025-05-22	no read audiobook in export; finish date missing/different	title/author	Deadline	Read	Book		439110	12009412	B0053ZWEHO			original exact match retained		
Blackout	Mira Grant	2025-05-22	2025-05-22	no read audiobook in export; finish date missing/different	title/author	Blackout	Read	Book		439107	12506872	B0083JNQC4			original exact match retained		
Dark Matter (Movie Tie-In)	Blake Crouch	2025-05-22	2025-05-22	no read audiobook in export; finish date missing/different	manual book-level pairing	Dark Matter	Read	Book		57214	10826328	B01CUKULGA	9781101924488		paired manually	Same Blake Crouch novel; movie tie-in edition descriptor only.	112
Recursion	Blake Crouch	2025-05-22	2025-05-22	no read audiobook in export; finish date missing/different	title/author	Recursion	Read	Book		202782	30399466	1984886878	9781984886873		original exact match retained		
In Other Lands	Sarah Rees Brennan	2025-05-22	2025-05-22	no read audiobook in export; finish date missing/different	title/author	In Other Lands	Read	Book		16459	3262811	B07BNTS8ZQ			original exact match retained		
Winter Tide	Ruthanna Emrys	2025-05-22	2025-05-22	no read audiobook in export; finish date missing/different	title/author	Winter Tide	Read	Ebook		167883	17700591	B06XGDG8YR			original exact match retained		
The Forgetting Moon	Brian Lee Durfee	2025-05-22	2025-05-22	not marked read; no read audiobook in export; finish date missing/different	title/author	The Forgetting Moon	Want to Read	Book		445546	10712499	1980029768	9781980029762		original exact match retained		
The City of Brass	S. A. Chakraborty	2025-05-22	2025-05-22	no read audiobook in export; finish date missing/different	title/author	The City of Brass	Read	Book		379619	30390553	B075KKRQPP			original exact match retained		
The Kingdom of Copper	S. A. Chakraborty	2025-05-22	2025-05-22	no read audiobook in export; finish date missing/different	title/author	The Kingdom of Copper	Read	Book		439240	28322953	0062866702			original exact match retained		
Alien: River of Pain	Christopher Golden, Dirk Maggs	2025-05-22	2025-05-22	no read audiobook in export; finish date missing/different	title/author	Alien: River of Pain	Read	Book		695949	30684529	B06XP18SFZ	9781603933957		original exact match retained		
Alien: Sea of Sorrows	Dirk Maggs, James A. Moore	2025-05-22	2025-05-22	no read audiobook in export; edition scope needs review; finish date missing/different	manual book-level pairing	Alien: Sea of Sorrows	Read	Book		463060	30684555	B07B3JVLNC			paired manually	ABS also credits dramatist Dirk Maggs; export credits James A. Moore. Underlying work matched, adaptation edition not established.	12
Black Leopard, Red Wolf	Marlon James	2025-05-22	2025-05-22	no read audiobook in export; finish date missing/different	title/author	Black Leopard, Red Wolf	Read	Book		432346	30402602	0525526838			original exact match retained		
Storm of Locusts	Rebecca Roanhorse	2025-05-22	2025-05-22	no read audiobook in export; finish date missing/different	title/author	Storm of Locusts	Read	Ebook		440045	30447565	B07Q2G1CX3			original exact match retained		
Homeland	R. A. Salvatore	2025-05-22	2025-05-22	no read audiobook in export; finish date missing/different	title/author	Homeland	Read	Book		369226	4959462	B00BW5V1FU			original exact match retained		
Exile	R. A. Salvatore	2025-05-22	2025-05-22	no read audiobook in export; finish date missing/different	title/author	Exile	Read	Book		446224	31773401	B00BWSI8A8			original exact match retained		
Sojourn	R. A. Salvatore	2025-05-22	2025-05-22	no read audiobook in export; finish date missing/different	title/author	Sojourn	Read	Book		15630	29308455	B00BWQUFRE			original exact match retained		
The Crystal Shard	R. A. Salvatore	2025-05-22	2025-05-22	no read audiobook in export; finish date missing/different	title/author	The Crystal Shard	Read	Book		28782	10821723	B00BWA4ULM			original exact match retained		
Parasite Rex	Carl Zimmer	2025-05-22	2025-05-22	no read audiobook in export; finish date missing/different	manual book-level pairing	Parasite rex inside the bizarre world of nature's most dangerous creatures	Read	Book		9543	2979985	B07CLNZSBJ			paired manually	Same author; long descriptive subtitle omitted in ABS.	723
Uncanny Collateral	Brian McClellan	2025-05-22	2025-05-22	not marked read; no read audiobook in export; finish date missing/different	title/author	Uncanny Collateral	Want to Read	Book		460264	30411615	B07PXN7N1T			original exact match retained		
The Dispatcher	John Scalzi	2025-05-22	2025-05-22	no read audiobook in export; finish date missing/different	title/author	The Dispatcher	Read	Book		427962	30405917	B01KKPH1VA			original exact match retained		
The Bride Test	Helen Hoang	2025-05-22	2025-05-22	no read audiobook in export; finish date missing/different	title/author	The Bride Test	Read	Book		434866	30737911	B07L5YJ7VW			original exact match retained		
The Kiss Quotient	Helen Hoang	2025-05-22	2025-05-22	no read audiobook in export; finish date missing/different	title/author	The Kiss Quotient	Read	Book		358461	31692566	B07D3B4CSY			original exact match retained		
Strange the Dreamer	Laini Taylor	2025-05-22	2025-05-22	no read audiobook in export; finish date missing/different	title/author	Strange the Dreamer	Read	Book		376651	16747880	B01NBW5LNR			original exact match retained		
Muse of Nightmares	Laini Taylor	2025-05-22	2025-05-22	no read audiobook in export; finish date missing/different	title/author	Muse of Nightmares	Read	Book		202648	31563579	1549142666			original exact match retained		
The Raven Tower	Ann Leckie	2025-05-22	2025-05-22	no read audiobook in export; finish date missing/different	title/author	The Raven Tower	Read	Book		337974	30402240	B07L5Z7N2S			original exact match retained		
Believe Me	Eddie Izzard	2025-05-22	2025-05-22	no read audiobook in export; finish date missing/different	manual book-level pairing	Believe Me: A Memoir of Love, Death, and Jazz Chickens	Read	Book		436227	20416210	B06XWYMP73			provisional pairing accepted	Inspected title, author where supplied, and series context; descriptive suffix or sparse export metadata.	605
Daughter of Smoke and Bone	Laini Taylor	2025-05-22	2025-05-22	no read audiobook in export; finish date missing/different	manual book-level pairing	Daughter of Smoke & Bone	Read	Book		232764	30403579	B005O1Y68C			paired manually	and / ampersand variation; same author.	111
Days of Blood & Starlight	Laini Taylor	2025-05-22	2025-05-22	no read audiobook in export; finish date missing/different	title/author	Days of Blood & Starlight	Read	Book		2127585	5508316	B009LN8EPA			original exact match retained		
Dreams of Gods & Monsters	Laini Taylor	2025-05-22	2025-05-22	no read audiobook in export; finish date missing/different	title/author	Dreams of Gods & Monsters	Read	Book		475422	30406604	B00JIYMJZ8			original exact match retained		
Night of Cake & Puppets	Laini Taylor	2025-05-22	2025-05-22	no read audiobook in export; finish date missing/different	title/author	Night of Cake & Puppets	Read	Book		477974	9415765	B00H3R2MVI			original exact match retained		
Wishful Drinking	Carrie Fisher	2025-05-22	2025-05-22	no read audiobook in export; finish date missing/different	title/author	Wishful Drinking	Read	Book		306828	24075379	B002V5GX0I	9780743583411		original exact match retained		
Starless	Jacqueline Carey	2025-05-22	2025-05-22	no read audiobook in export; finish date missing/different	title/author	Starless	Read	Book		448671	5510652	B07DLF47PK			original exact match retained		
The Last Days of August	Jon Ronson	2025-05-22	2025-05-22	no read audiobook in export; finish date missing/different	title/author	The Last Days of August	Read	Book		645598	30624674	B07JK61MK3			original exact match retained		
Strange Practice	Vivian Shaw	2025-05-22	2025-05-22	no read audiobook in export; finish date missing/different	title/author	Strange Practice	Read	Book		430499	27156242	B074HCGXMR			original exact match retained		
Dreadful Company	Vivian Shaw	2025-05-22	2025-05-22	no read audiobook in export; finish date missing/different	title/author	Dreadful Company	Read	Ebook		428779	31802991	B07FP32DJF			original exact match retained		
The Blade Itself	Joe Abercrombie	2025-05-22	2025-05-22	no read audiobook in export; finish date missing/different	title/author	The Blade Itself	Read	Book		383404	30652201	B014LL6R5U			original exact match retained		
Before They Are Hanged	Joe Abercrombie	2025-05-22	2025-05-22	no read audiobook in export; finish date missing/different	title/author	Before They Are Hanged	Read	Book		434460	30693293	B014LL69TO			original exact match retained		
Last Argument of Kings	Joe Abercrombie	2025-05-22	2025-05-22	no read audiobook in export; finish date missing/different	title/author	Last Argument of Kings	Read	Book		433213	30693294	B014LL6Y4O			original exact match retained		
Skyward	Brandon Sanderson	2025-05-22	2025-05-22	no read audiobook in export; finish date missing/different	title/author	Skyward	Read	Book		427749	15451021	B07H7Q5D3M			original exact match retained		
The Diary of a Hounslow Girl	Ambreen Razia	2025-05-22	2025-05-22	no read audiobook in export; finish date missing/different	title/author	The Diary of a Hounslow Girl	Read	Book		1134046	31158113	B07KWF6W4M			original exact match retained		
Alien: Out of the Shadows	Dirk Maggs, Tim Lebbon	2025-05-22	2025-05-22	no read audiobook in export; edition scope needs review; finish date missing/different	manual book-level pairing	Alien: Out of the Shadows	Read	Book		1604318	30413310	B08GC2361R			paired manually	ABS also credits dramatist Dirk Maggs; export credits Tim Lebbon. Underlying work matched, adaptation edition not established.	998
Falling Free	Lois McMaster Bujold	2025-05-22	2025-05-22	no read audiobook in export; finish date missing/different	title/author	Falling Free	Read	Book		267124	24007057	B002V5IRNY			original exact match retained		
Shards of Honor	Lois McMaster Bujold	2025-05-22	2025-05-22	no read audiobook in export; finish date missing/different	title/author	Shards of Honor	Read	Book		474582	32045911	B002V0LTHK			original exact match retained		
Barrayar	Lois McMaster Bujold	2025-05-22	2025-05-22	no read audiobook in export; finish date missing/different	title/author	Barrayar	Read	Book		458046	30636645	B00309OTU0			original exact match retained		
The Warrior's Apprentice	Lois McMaster Bujold	2025-05-22	2025-05-22	no read audiobook in export; finish date missing/different	title/author	The Warrior's Apprentice	Read	Book		442592	18798853	B0036K2EZK			original exact match retained		
The Vor Game	Lois McMaster Bujold	2025-05-22	2025-05-22	no read audiobook in export; finish date missing/different	title/author	The Vor Game	Read	Book		458118	30542058	B002V0GFSS			original exact match retained		
Cetaganda	Lois McMaster Bujold	2025-05-22	2025-05-22	no read audiobook in export; finish date missing/different	title/author	Cetaganda	Read	Book		856240	30872035	B0036JUM0A			original exact match retained		
Ethan of Athos	Lois McMaster Bujold	2025-05-22	2025-05-22	no read audiobook in export; finish date missing/different	title/author	Ethan of Athos	Read	Book		344286	14535813	B002UZL0U2			original exact match retained		
Brothers in Arms	Lois McMaster Bujold	2025-05-22	2025-05-22	no read audiobook in export; finish date missing/different	title/author	Brothers in Arms	Read	Book		457553	30433121	B002VACF0U			original exact match retained		
Mirror Dance	Lois McMaster Bujold	2025-05-22	2025-05-22	no read audiobook in export; finish date missing/different	title/author	Mirror Dance	Read	Book		442049	3096228	B002V1A7F4			original exact match retained		
Memory	Lois McMaster Bujold	2025-05-22	2025-05-22	no read audiobook in export; finish date missing/different	title/author	Memory	Read	Book		856239	30395490	B002V1BM9O			original exact match retained		
Komarr	Lois McMaster Bujold	2025-05-22	2025-05-22	no read audiobook in export; finish date missing/different	title/author	Komarr	Read	Book		458044	30433125	B002UZYXVU			original exact match retained		
Winterfair Gifts	Lois McMaster Bujold	2025-05-22	2025-05-22	no read audiobook in export; finish date missing/different	title/author	Winterfair Gifts	Read	Book		458963	31687466	B002UZJKTA			original exact match retained		
Diplomatic Immunity	Lois McMaster Bujold	2025-05-22	2025-05-22	no read audiobook in export; finish date missing/different	title/author	Diplomatic Immunity	Read	Book		458045	30433111	B002V8LAAI			original exact match retained		
The Flowers of Vashnoi	Lois McMaster Bujold	2025-05-22	2025-05-22	no read audiobook in export; finish date missing/different	title/author	The Flowers of Vashnoi	Read	Book		439341	30412127	1982557702			original exact match retained		
Captain Vorpatril's Alliance	Lois McMaster Bujold	2025-05-22	2025-05-22	no read audiobook in export; finish date missing/different	title/author	Captain Vorpatril's Alliance	Read	Book		106668	30633337	B009P56HIK			original exact match retained		
Cryoburn	Lois McMaster Bujold	2025-05-22	2025-05-22	no read audiobook in export; finish date missing/different	title/author	Cryoburn	Read	Ebook		459626	30794437	B0046CL6HY			original exact match retained		
Gentleman Jole and the Red Queen	Lois McMaster Bujold	2025-05-22	2025-05-22	no read audiobook in export; finish date missing/different	title/author	Gentleman Jole and the Red Queen	Read	Book		349418	31450431	B019G0PTD2			original exact match retained		
Blood of the Earth	Faith Hunter	2025-05-22	2025-05-22	no read audiobook in export; finish date missing/different	title/author	Blood of the Earth	Read	Book		458610	30398309	B01J4HC0TS			original exact match retained		
Curse on the Land	Faith Hunter	2025-05-22	2025-05-22	no read audiobook in export; finish date missing/different	title/author	Curse on the Land	Read	Book		458611	30398265	B01M3UZH89			original exact match retained		
Girls & Boys	Dennis Kelly	2025-05-22	2025-05-22	no read audiobook in export; finish date missing/different	title/author	Girls & Boys	Read	Book	2025-12-16	436633	23268097	B07DL1VSHB			original exact match retained		
Sins of Empire	Brian McClellan	2025-05-22	2025-05-22	no read audiobook in export; finish date missing/different	manual book-level pairing	Sins of Empire	Read	Book		467520	30508345	B06WLM8K6B			provisional pairing accepted	Inspected title, author where supplied, and series context; descriptive suffix or sparse export metadata.	305
Wrath of Empire	Brian McClellan	2025-05-22	2025-05-22	no read audiobook in export; finish date missing/different	title/author	Wrath of Empire	Read	Book		461271	30508296	B07BMH2BGK			original exact match retained		
Kill the Farm Boy	Kevin Hearne, Delilah S. Dawson	2025-05-22	2025-05-22	no read audiobook in export; finish date missing/different	manual book-level pairing	Kill the Farm Boy	Read	Book		465839	30425203	B079J78HNB	9780525593669		paired manually	Export credits coauthor Delilah S. Dawson; ABS also credits Kevin Hearne.	1186
Mortal Engines	Philip Reeve	2025-05-22	2025-05-22	no read audiobook in export; finish date missing/different	title/author	Mortal Engines	Read	Book		181024	30795015	B076PN6TRH	9781338214321		original exact match retained		
October	China Mieville	2025-05-22	2025-05-22	no read audiobook in export; finish date missing/different	manual book-level pairing	October: The Story of the Russian Revolution	Read	Book		442920	14498809	B06XWG6X42			provisional pairing accepted	Inspected title, author where supplied, and series context; descriptive suffix or sparse export metadata.	1001
For We Are Many	Dennis E. Taylor	2025-05-22	2025-05-22	no read audiobook in export; finish date missing/different	title/author	For We Are Many	Read	Ebook		427993	30407482	B01N17THEO			original exact match retained		
Children of Blood and Bone	Tomi Adeyemi	2025-05-22	2025-05-22	no read audiobook in export; finish date missing/different	title/author	Children of Blood and Bone	Read	Book		428314	21244801	B075NSTP58			original exact match retained		
One Good Dragon Deserves Another	Rachel Aaron	2025-05-22	2025-05-22	no read audiobook in export; finish date missing/different	title/author	One Good Dragon Deserves Another	Read	Book		468037	30385872	B012EHUVKA			original exact match retained		
No Good Dragon Goes Unpunished	Rachel Aaron	2025-05-22	2025-05-22	no read audiobook in export; finish date missing/different	title/author	No Good Dragon Goes Unpunished	Read	Ebook		468035	30385870	B01IWE7UY4			original exact match retained		
A Dragon of a Different Color	Rachel Aaron	2025-05-22	2025-05-22	no read audiobook in export; finish date missing/different	title/author	A Dragon of a Different Color	Read	Book		468036	30385871	B075GXN8P2			original exact match retained		
Last Dragon Standing	Rachel Aaron	2025-05-22	2025-05-22	no read audiobook in export; finish date missing/different	title/author	Last Dragon Standing	Read	Ebook		468024	30385859	B079NL6P2H			original exact match retained		
The Fifth Season	N. K. Jemisin	2025-05-22	2025-05-22	no read audiobook in export; finish date missing/different	title/author	The Fifth Season	Read	Book		427825	20057999	B012HQ7IPY			original exact match retained		
The Obelisk Gate	N. K. Jemisin	2025-05-22	2025-05-22	no read audiobook in export; finish date missing/different	title/author	The Obelisk Gate	Read	Book		427868	30390634	B01K5RQ6J6			original exact match retained		
The Stone Sky	N. K. Jemisin	2025-05-22	2025-05-22	no read audiobook in export; finish date missing/different	title/author	The Stone Sky	Read	Book		427884	30390649	B07288JYYG			original exact match retained		
Every Heart a Doorway	Seanan McGuire	2025-05-22	2025-05-22	no read audiobook in export; finish date missing/different	title/author	Every Heart a Doorway	Read	Book		428383	31482871	B0161TMJ5C			original exact match retained		
Artemis	Andy Weir	2025-05-22	2025-05-22	no read audiobook in export; finish date missing/different	manual book-level pairing	Artemis	Read	Book		99422	30406820	B072R1CY4P			paired manually	ABS author field includes reader Tereza Dockalova; Andy Weir matches export.	664
Oathbringer	Brandon Sanderson	2025-05-22	2025-05-22	no read audiobook in export; finish date missing/different	title/author	Oathbringer	Read	Book		459452	30455612	B0718Z5K4C			original exact match retained		
Blood of Elves	Andrzej Sapkowski	2025-05-22	2025-05-22	no read audiobook in export; finish date missing/different	title/author	Blood of Elves	Read	Book		445065	32343691	B00XV1ALO0			original exact match retained		
Ninefox Gambit	Yoon Ha Lee	2025-05-22	2025-05-22	no read audiobook in export; finish date missing/different	manual book-level pairing	Ninefox Gambit	Read	Book		427867	31548915	B01GIOKF3S	9781501919381		provisional pairing accepted	Inspected title, author where supplied, and series context; descriptive suffix or sparse export metadata.	244
The Family Trade	Charles Stross	2025-05-22	2025-05-22	no read audiobook in export; finish date missing/different	title/author	The Family Trade	Read	Book		441093	30880114	B00UG33W6U			original exact match retained		
The Hidden Family	Charles Stross	2025-05-22	2025-05-22	no read audiobook in export; finish date missing/different	title/author	The Hidden Family	Read	Book		457229	30696347	B00XK3FZF4			original exact match retained		
The Clan Corporate	Charles Stross	2025-05-22	2025-05-22	no read audiobook in export; finish date missing/different	title/author	The Clan Corporate	Read	Book		463499	30381162	B01012V9JW			original exact match retained		
The Merchants' War	Charles Stross	2025-05-22	2025-05-22	no read audiobook in export; finish date missing/different	title/author	The Merchants' War	Read	Book		457766	31687455	B014EMLGUM			original exact match retained		
The Revolution Business	Charles Stross	2025-05-22	2025-05-22	no read audiobook in export; finish date missing/different	title/author	The Revolution Business	Read	Book		457714	30421008	B0189OKEO0			original exact match retained		
The Trade of Queens	Charles Stross	2025-05-22	2025-05-22	no read audiobook in export; finish date missing/different	title/author	The Trade of Queens	Read	Book		89047	31687361	B0195CI1QS			original exact match retained		
Empire Games	Charles Stross	2025-05-22	2025-05-22	no read audiobook in export; finish date missing/different	title/author	Empire Games	Read	Book		448665	30795277	B01NCWQP6F			original exact match retained		
Dark State	Charles Stross	2025-05-22	2025-05-22	no read audiobook in export; finish date missing/different	manual book-level pairing	Dark State	Read	Book		459046	31157633	B078MR6WQ6			provisional pairing accepted	Inspected title, author where supplied, and series context; descriptive suffix or sparse export metadata.	110
Mutineer	Mike Shepherd	2025-05-22	2025-05-22	no read audiobook in export; finish date missing/different	title/author	Mutineer	Read	Book		351855	26230501	B002V8H6V0			original exact match retained		
Deserter	Mike Shepherd	2025-05-22	2025-05-22	no read audiobook in export; finish date missing/different	title/author	Deserter	Read	Book		1023700	31048219	B002V0LUOW			original exact match retained		
Defiant	Mike Shepherd	2025-05-22	2025-05-22	no read audiobook in export; finish date missing/different	title/author	Defiant	Read	Book		643162	30621960	B002V1NQ66			original exact match retained		
Resolute	Mike Shepherd	2025-05-22	2025-05-22	no read audiobook in export; finish date missing/different	title/author	Resolute	Read	Book		1023718	31048237	B002V1NQAC			original exact match retained		
Audacious	Mike Shepherd	2025-05-22	2025-05-22	no read audiobook in export; finish date missing/different	title/author	Audacious	Read	Book		1023701	31048220	B002V1NQDO			original exact match retained		
Intrepid	Mike Shepherd	2025-05-22	2025-05-22	no read audiobook in export; finish date missing/different	title/author	Intrepid	Read	Book		1023702	31048221	B002V0A7AA			original exact match retained		
Ancillary Justice	Ann Leckie	2025-05-22	2025-05-22	no read audiobook in export; finish date missing/different	title/author	Ancillary Justice	Read	Book		95034	30629193	1549174908	9781549174902		original exact match retained		
Ancillary Sword	Ann Leckie	2025-05-22	2025-05-22	no read audiobook in export; finish date missing/different	title/author	Ancillary Sword	Read	Book		42612	30447521	B00O5GFLRC			original exact match retained		
Ancillary Mercy	Ann Leckie	2025-05-22	2025-05-22	no read audiobook in export; finish date missing/different	title/author	Ancillary Mercy	Read	Book		89213	30889924	B014JWUK8Q			original exact match retained		
Agent of Hel	Jacqueline Carey	2025-05-22	2025-05-22	no read audiobook in export; finish date missing/different	manual book-level pairing	Dark Currents	Read	Book		473150	31599994	B009UX3BUE			paired manually	ABS subtitle is Dark Currents and series is Agent of Hel volume 1; matches export.	107
Autumn Bones	Jacqueline Carey	2025-05-22	2025-05-22	no read audiobook in export; finish date missing/different	title/author	Autumn Bones	Read	Book		461552	30393652	B00FJR96ZE			original exact match retained		
Poison Fruit	Jacqueline Carey	2025-05-22	2025-05-22	no read audiobook in export; finish date missing/different	title/author	Poison Fruit	Read	Book		459433	30393654	B00O8IPW3K			original exact match retained		
Off to Be the Wizard	Scott Meyer	2025-05-22	2025-05-22	no read audiobook in export; finish date missing/different	title/author	Off to Be the Wizard	Read	Book		427622	12252114	B00IIS32NI			original exact match retained		
Ghost Talkers	Mary Robinette Kowal	2025-05-22	2025-05-22	no read audiobook in export; finish date missing/different	title/author	Ghost Talkers	Read	Book		441128	2435539	B01GSJHSS8			original exact match retained		
Dead Rising	Debra Dunbar	2025-05-22	2025-05-22	no read audiobook in export; finish date missing/different	title/author	Dead Rising	Read	Book		496530	30444990	B01KU584NE			original exact match retained		
Indexing	Seanan McGuire	2025-05-22	2025-05-22	no read audiobook in export; finish date missing/different	title/author	Indexing	Read	Book		318992	31600040	B00IK12AZ4			original exact match retained		
Indexing: Reflections	Seanan McGuire	2025-05-22	2025-05-22	no read audiobook in export; finish date missing/different	title/author	Indexing: Reflections	Read	Book		995889	31020646	B0198LMI2O			original exact match retained		
Shadows of Self	Brandon Sanderson	2025-05-22	2025-05-22	no read audiobook in export; finish date missing/different	title/author	Shadows of Self	Read	Book		135725	30468880	B014LLCT7A			original exact match retained		
The Bands of Mourning	Brandon Sanderson	2025-05-22	2025-05-22	no read audiobook in export; finish date missing/different	title/author	The Bands of Mourning	Read	Book		427966	2316588	B0189QQXRA			original exact match retained		
The Alloy of Law	Brandon Sanderson	2025-05-22	2025-05-22	no read audiobook in export; finish date missing/different	title/author	The Alloy of Law	Read	Book		330249	30422640	B005ZUI3OA			original exact match retained		
The Final Empire	Brandon Sanderson	2025-05-22	2025-05-22	no read audiobook in export; finish date missing/different	manual book-level pairing	Mistborn: The Final Empire	Read	Book		369692	5195452	B002V0QCYU			paired manually	Mistborn series prefix added; same author and first novel.	674
The Well of Ascension	Brandon Sanderson	2025-05-22	2025-05-22	no read audiobook in export; finish date missing/different	title/author	The Well of Ascension	Read	Book		427383	18882062	B002V5GLQ4			original exact match retained		
The Hero of Ages	Brandon Sanderson	2025-05-22	2025-05-22	no read audiobook in export; finish date missing/different	title/author	The Hero of Ages	Read	Book		103241	4780391	B002VA9IKK			original exact match retained		
Naamah's Kiss	Jacqueline Carey	2025-05-22	2025-05-22	no read audiobook in export; finish date missing/different	title/author	Naamah's Kiss	Read	Ebook		386472	533188	B002VA9N4Q			original exact match retained		
Naamah's Curse	Jacqueline Carey	2025-05-22	2025-05-22	no read audiobook in export; finish date missing/different	title/author	Naamah's Curse	Read	Book		93422	19342135	B003R2X1JK			original exact match retained		
Naamah's Blessing	Jacqueline Carey	2025-05-22	2025-05-22	no read audiobook in export; finish date missing/different	title/author	Naamah's Blessing	Read	Book		261819	3729310	B0058JNUCS			original exact match retained		
Beggars in Spain	Nancy Kress	2025-05-22	2025-05-22	no read audiobook in export; finish date missing/different	title/author	Beggars in Spain	Read	Book		327532	22236020	B002V1JFFC			original exact match retained		
Steelheart	Brandon Sanderson	2025-05-22	2025-05-22	no read audiobook in export; finish date missing/different	title/author	Steelheart	Read	Book		39657	30565057	B00ECDZ08I			original exact match retained		
Mitosis	Brandon Sanderson	2025-05-22	2025-05-22	no read audiobook in export; finish date missing/different	manual book-level pairing	Mitosis: A Reckoners Story	Read	Book		427474	30425894	B00LSYYMY2			provisional pairing accepted	Inspected title, author where supplied, and series context; descriptive suffix or sparse export metadata.	909
Firefight	Brandon Sanderson	2025-05-22	2025-05-22	no read audiobook in export; finish date missing/different	title/author	Firefight	Read	Book	2025-12-16	427458	31563073	B00O3IUEII			original exact match retained		
Calamity	Brandon Sanderson	2025-05-22	2025-05-22	no read audiobook in export; finish date missing/different	title/author	Calamity	Read	Book		427477	31687337	B019P7DVPE			original exact match retained		
Brilliance of the Moon	Lian Hearn	2025-05-22	2025-05-22	no read audiobook in export; finish date missing/different	title/author	Brilliance of the Moon	Read	Book		229421	15015433	B002V5BU42			original exact match retained		
Across the Nightingale Floor	Lian Hearn	2025-05-22	2025-05-22	no read audiobook in export; finish date missing/different	title/author	Across the Nightingale Floor	Read	Book		307890	25369771	B002VAA7UU			original exact match retained		
Grass for His Pillow	Lian Hearn	2025-05-22	2025-05-22	no read audiobook in export; finish date missing/different	title/author	Grass for His Pillow	Read	Book		446802	23063169	B002V5CMTO			original exact match retained		
The Aeronaut's Windlass	Jim Butcher	2025-05-22	2025-05-22	no read audiobook in export; finish date missing/different	title/author	The Aeronaut's Windlass	Read	Book		458602	6454628	B0143O99FK			original exact match retained		
Furies of Calderon	Jim Butcher	2025-05-22	2025-05-22	no read audiobook in export; finish date missing/different	title/author	Furies of Calderon	Read	Book		380212	30504276	B002V8HC7I			original exact match retained		
Cursor's Fury	Jim Butcher	2025-05-22	2025-05-22	no read audiobook in export; finish date missing/different	title/author	Cursor's Fury	Read	Book		437923	30429326	B002V0TG16			original exact match retained		
Captain's Fury	Jim Butcher	2025-05-22	2025-05-22	no read audiobook in export; finish date missing/different	title/author	Captain's Fury	Read	Book		258514	1948989	B002V5CMK8			original exact match retained		
Princeps' Fury	Jim Butcher	2025-05-22	2025-05-22	no read audiobook in export; finish date missing/different	title/author	Princeps' Fury	Read	Book		40860	30919438	B002V0KCYG			original exact match retained		
First Lord's Fury	Jim Butcher	2025-05-22	2025-05-22	no read audiobook in export; finish date missing/different	title/author	First Lord's Fury	Read	Book		10095	30492172	B01JZM8RH6			original exact match retained		
Insurrection	Thomas M. Reid	2025-05-22	2025-05-22	no read audiobook in export; finish date missing/different	title/author	Insurrection	Read	Ebook		837630	31687437	B00AW2ZHMC			original exact match retained		
Dissolution	Richard Lee Byers	2025-05-22	2025-05-22	no read audiobook in export; finish date missing/different	title/author	Dissolution	Read	Ebook		271668	296765	B00AWDA6C2			original exact match retained		
Queen of the Darkness	Anne Bishop	2025-05-22	2025-05-22	no read audiobook in export; finish date missing/different	title/author	Queen of the Darkness	Read	Book		275805	1982776	B003RCE1JY			original exact match retained		
Daughter of the Blood	Anne Bishop	2025-05-22	2025-05-22	no read audiobook in export; finish date missing/different	title/author	Daughter of the Blood	Read	Book		447718	26484641	B003C28KXM			original exact match retained		
Heir to the Shadows	Anne Bishop	2025-05-22	2025-05-22	no read audiobook in export; finish date missing/different	title/author	Heir to the Shadows	Read	Book		446147	30506635	B003LMNK2E			original exact match retained		
Cryptonomicon	Neal Stephenson	2025-05-22	2025-05-22	no read audiobook in export; finish date missing/different	title/author	Cryptonomicon	Read	Book		386719	5310645	B086WMZ9WR			original exact match retained		
Kushiel's Dart	Jacqueline Carey	2025-05-22	2025-05-22	no read audiobook in export; finish date missing/different	title/author	Kushiel's Dart	Read	Book		427397	10192683	B002V8HEEE	9781400179497		original exact match retained		
Kushiel's Chosen	Jacqueline Carey	2025-05-22	2025-05-22	no read audiobook in export; finish date missing/different	title/author	Kushiel's Chosen	Read	Book		439003	32164650	B002VA8LKS	9781400179503		original exact match retained		
Kushiel's Avatar	Jacqueline Carey	2025-05-22	2025-05-22	no read audiobook in export; finish date missing/different	title/author	Kushiel's Avatar	Read	Book		439093	11559033	B002V082MA	9781400179510		original exact match retained		
Kushiel's Justice	Jacqueline Carey	2025-05-22	2025-05-22	no read audiobook in export; finish date missing/different	manual book-level pairing	Kushiel's Justice	Read	Book		380013	31687460	B002V5GZQK			provisional pairing accepted	Inspected title, author where supplied, and series context; descriptive suffix or sparse export metadata.	1291
Kushiel's Mercy	Jacqueline Carey	2025-05-22	2025-05-22	no read audiobook in export; finish date missing/different	title/author	Kushiel's Mercy	Read	Book		338270	31687318	B002V0TG4I			original exact match retained		
The Hallowed Hunt	Lois McMaster Bujold	2025-05-22	2025-05-22	no read audiobook in export; finish date missing/different	title/author	The Hallowed Hunt	Read	Ebook		383394	30436804	B002V0QHSG			original exact match retained		
Penric and the Shaman	Lois McMaster Bujold	2025-05-22	2025-05-22	no read audiobook in export; finish date missing/different	title/author	Penric and the Shaman	Read	Book		461429	30432952	B01NACOKLN			original exact match retained		
Penric's Mission: A Novella in the World of the Five Gods	Lois McMaster Bujold	2025-05-22	2025-05-22	no read audiobook in export; finish date missing/different	manual book-level pairing	Penric's Mission	Read	Book		489681	30436805	B01MUCWLLY			provisional pairing accepted	Inspected title, author where supplied, and series context; descriptive suffix or sparse export metadata.	270
The Curse of Chalion	Lois McMaster Bujold	2025-05-22	2025-05-22	no read audiobook in export; finish date missing/different	title/author	The Curse of Chalion	Read	Book		146704	22817578	B002V0M5FU			original exact match retained		
Paladin of Souls	Lois McMaster Bujold	2025-05-22	2025-05-22	no read audiobook in export; finish date missing/different	title/author	Paladin of Souls	Read	Book		381205	20163176	B002UZLB92			original exact match retained		
Machine Man	Max Barry	2025-05-22	2025-05-22	no read audiobook in export; finish date missing/different	title/author	Machine Man 	Read	Book		333174	5030319	B005FMYOIC			original exact match retained		
Snow Crash	Neal Stephenson	2025-05-22	2025-05-22	no read audiobook in export; finish date missing/different	title/author	Snow Crash	Read	Book		92854	6323255	B002UUKWCY			original exact match retained		
Bellwether	Connie Willis	2025-05-22	2025-05-22	no read audiobook in export; finish date missing/different	title/author	Bellwether	Read	Book		107801	16610886	B002V1BMW6			original exact match retained		
1Q84	Haruki Murakami, Jay Rubin - translator, Philip Gabriel - translator	2025-05-22	2025-05-22	no read audiobook in export; finish date missing/different	title/author	1Q84	Read	Book		427687	28550547	B005XZM7R6			original exact match retained		
Hard-Boiled Wonderland and the End of the World	Haruki Murakami	2025-05-22	2025-05-22	no read audiobook in export; finish date missing/different	title/author	Hard-Boiled Wonderland and the End of the World	Read	Book		430705	20105775	B07DFM7Y68			original exact match retained		
Fool Moon	Jim Butcher	2025-05-22	2025-05-22	no read audiobook in export; finish date missing/different	title/author	Fool Moon	Read	Book		183010	19170037	B002V1BII4			original exact match retained		
Grave Peril	Jim Butcher	2025-05-22	2025-05-22	no read audiobook in export; finish date missing/different	title/author	Grave Peril	Read	Book		309362	30117722	B002V8MMPU			original exact match retained		
Death Masks	Jim Butcher	2025-05-22	2025-05-22	no read audiobook in export; finish date missing/different	title/author	Death Masks	Read	Book		1244	19221704	B002V9ZE4A			original exact match retained		
Turn Coat	Jim Butcher	2025-05-22	2025-05-22	no read audiobook in export; finish date missing/different	title/author	Turn Coat	Read	Book		187503	17446455	B002V0M1R2			original exact match retained		
Changes: The Dresden Files, Book 12	Jim Butcher	2025-05-22	2025-05-22	no read audiobook in export; finish date missing/different	manual book-level pairing	Changes	Read	Book		252854	30527416	B003DORDUU			paired manually	Series suffix only; Jim Butcher and volume 12 agree.	649
Side Jobs	Jim Butcher	2025-05-22	2025-05-22	no read audiobook in export; finish date missing/different	manual book-level pairing	Side Jobs: Stories from The Dresden Files	Read	Book		445869	30430493	B004708FYW			provisional pairing accepted	Inspected title, author where supplied, and series context; descriptive suffix or sparse export metadata.	650
Ghost Story	Jim Butcher	2025-05-22	2025-05-22	no read audiobook in export; finish date missing/different	title/author	Ghost Story	Read	Book		333169	30446743	B00UVR0LWY			original exact match retained		
Go the F--k to Sleep	Adam Mansbach, Ricardo Cortes - illustrator	2025-05-22	2025-05-22	no read audiobook in export; finish date missing/different	manual book-level pairing	Go the Fuck to Sleep	Read	Book		799532	30806478	B00551W570			paired manually	Censored title; same author and illustrator.	160
The Name of the Wind	Patrick Rothfuss	2025-05-22	2025-05-22	no read audiobook in export; finish date missing/different	title/author	The Name of the Wind	Read	Book		379217	19454574	B002UZMLXM			original exact match retained		
The Wise Man's Fear	Patrick Rothfuss	2025-05-22	2025-05-22	no read audiobook in export; finish date missing/different	title/author	The Wise Man's Fear	Read	Book		381332	31488150	B007Q37QD8			original exact match retained		
Bad Habit	Alana S. Portero, Mara Faye Lethem - translator	2025-05-22	2025-05-22	no read audiobook in export	manual book-level pairing	Bad Habit	Read	Book	2025-05-22	1204816	32164695	B0CCW3TN5J			provisional pairing accepted	Inspected title, author where supplied, and series context; descriptive suffix or sparse export metadata.	2218
The Sword of Kaigen: A Theonite War Story	M. L. Wang	2025-05-23	2025-05-22	no read audiobook in export	manual book-level pairing	The Sword of Kaigen	Read	Book	2025-05-23	445706	30396833	B08GGD1BH1			provisional pairing accepted	Inspected title, author where supplied, and series context; descriptive suffix or sparse export metadata.	419
Wrath Goddess Sing	Maya Deane	2025-05-25	2025-05-24	no read audiobook in export	manual book-level pairing	Wrath Goddess Sing	Read	Book	2025-05-25	455447	31668545	B09JXLRPMQ			provisional pairing accepted	Inspected title, author where supplied, and series context; descriptive suffix or sparse export metadata.	1516
Raven Stratagem	Yoon Ha Lee	2025-05-25	2025-05-25	not marked read; no read audiobook in export; finish date missing/different	title/author	Raven Stratagem	Want to Read	Book		430697	31534766	B072JV8KMX			original exact match retained		
Revenant Gun	Yoon Ha Lee	2025-05-25	2025-05-25	not marked read; no read audiobook in export; finish date missing/different	title/author	Revenant Gun	Want to Read	Book		459138	30400629	B07DLGK6LR			original exact match retained		
Hexarchate Stories	Yoon Ha Lee	2025-05-25	2025-05-25	not marked read; no read audiobook in export; finish date missing/different	title/author	Hexarchate Stories	Want to Read	Book		459137	30567068	198000661X			original exact match retained		
Compass Rose	Anna Burke	2025-05-26	2025-05-25	no read audiobook in export	title/author	Compass Rose	Read	Book	2025-05-26	439105	12372412	B07VKF2R57			original exact match retained		
Moonstone: The Boy Who Never Was	Sjon, Victoria Cribb - translator	2025-05-26	2025-05-26	no read audiobook in export	title/author	Moonstone: The Boy Who Never Was	Read	Book	2025-05-26	1222850	31247898	B01IIPG43U			original exact match retained		
Knot of Shadows	Lois McMaster Bujold	2025-05-26	2025-05-26	no read audiobook in export; finish date missing/different	title/author	Knot of Shadows	Read	Book		696198	30684850	B09MR6VNJD			original exact match retained		
Heroes Die	Matthew Stover	2025-05-26	2025-05-26	no read audiobook in export; finish date missing/different	manual book-level pairing	Heroes Die	Read	Book		78154	13759378	B006X6EQAK			paired manually	Matthew Stover / Matthew Woodring Stover name variation.	575
Caine’s Law	Matthew Stover	2025-05-26	2025-05-26	no read audiobook in export; finish date missing/different	manual book-level pairing	Caine's law	Read	Book		459283	31677253	B007MF0I2G			paired manually	Matthew Stover / Matthew Woodring Stover name variation.	2398
One More Last Time	Eric Ugland	2025-05-27	2025-05-27	no read audiobook in export; finish date missing/different	title/author	One More Last Time	Read	Book		497387	30446039	1541404467	9781541404465		original exact match retained		
Heir Today, Pawn Tomorrow: A LitRPG/GameLit Novel	Eric Ugland	2025-05-27	2025-05-27	no read audiobook in export; finish date missing/different	manual book-level pairing	Heir Today, Pawn Tomorrow	Read	Book		637923	30615792	1541404475	9781541404472		provisional pairing accepted	Inspected title, author where supplied, and series context; descriptive suffix or sparse export metadata.	168
Dungeon Mauling	Eric Ugland	2025-05-27	2025-05-27	no read audiobook in export; finish date missing/different	title/author	Dungeon Mauling	Read	Ebook		637922	30615791	1541404548	9781541404540		original exact match retained		
Dukes and Ladders: A LitRPG/Gamelit Adventure	Eric Ugland	2025-05-27	2025-05-27	no read audiobook in export; finish date missing/different	manual book-level pairing	Dukes and Ladders	Read	Book		637921	30615790	1515942457	9781515942450		provisional pairing accepted	Inspected title, author where supplied, and series context; descriptive suffix or sparse export metadata.	127
Home, Siege Home: A LitRPG/GameLit Novel	Eric Ugland	2025-05-27	2025-05-27	no read audiobook in export; finish date missing/different	manual book-level pairing	Home, Siege Home	Read	Book		637920	30615789	1515942465	9781515942467		provisional pairing accepted	Inspected title, author where supplied, and series context; descriptive suffix or sparse export metadata.	180
The Bare Hunt	Eric Ugland	2025-05-27	2025-05-27	no read audiobook in export; finish date missing/different	title/author	The Bare Hunt	Read	Book		637919	30615788	1494548682	9781494548681		original exact match retained		
Eastbound and Town	Eric Ugland	2025-05-27	2025-05-27	no read audiobook in export; finish date missing/different	title/author	Eastbound and Town	Read	Book		637918	30615787	1977300502	9781977300508		original exact match retained		
Four Beheadings and a Funeral	Eric Ugland	2025-05-27	2025-05-27	no read audiobook in export; finish date missing/different	title/author	Four Beheadings and a Funeral	Read	Ebook		995399	31020151	1494548690	9781494548698		original exact match retained		
Eat, Slay, Love	Eric Ugland	2025-05-27	2025-05-27	no read audiobook in export; finish date missing/different	title/author	Eat, Slay, Love	Read	Book		637916	30615785	1705267920	9781705267929		original exact match retained		
Killing Them Awfully	Eric Ugland	2025-05-27	2025-05-27	no read audiobook in export; finish date missing/different	title/author	Killing Them Awfully	Read	Book		637915	30615784	1705267947	9781705267943		original exact match retained		
Wild Wild Quest	Eric Ugland	2025-05-27	2025-05-27	no read audiobook in export; finish date missing/different	title/author	Wild Wild Quest	Read	Ebook		637911	30615780	B09N9ZGVD6	9781705267967		original exact match retained		
Flex in the City	Eric Ugland	2025-05-27	2025-05-27	no read audiobook in export; finish date missing/different	title/author	Flex in the City	Read	Book		637822	30615691	B0BH6Z68LZ	9781666176186		original exact match retained		
Bad to the Throne	Eric Ugland	2025-05-27	2025-05-27	no read audiobook in export; finish date missing/different	title/author	Bad to the Throne	Read	Book		1077660	31101719	B0DC74YPT3			original exact match retained		
He Who Fights with Monsters: A LitRPG Adventure	Shirtaloon, Travis Deverell	2025-05-27	2025-05-27	no read audiobook in export; finish date missing/different	manual book-level pairing	He Who Fights with Monsters	Read	Book		2371526	31147086	1774248182			provisional pairing accepted	Inspected title, author where supplied, and series context; descriptive suffix or sparse export metadata.	1042
He Who Fights with Monsters 2	Shirtaloon, Travis Deverell	2025-05-27	2025-05-27	no read audiobook in export; finish date missing/different	title/author	He Who Fights with Monsters 2	Read	Book		587448	30554099	1774249162			original exact match retained		
He Who Fights with Monsters 4	Shirtaloon, Travis Deverell	2025-05-27	2025-05-27	no read audiobook in export; finish date missing/different	manual book-level pairing	He Who Fights with Monsters 4: He Who Fights with Monsters, Book 4	Read	Ebook		587443	31230439	B09GHD1R2R			paired manually	Repeated series subtitle adds Book 4; same author and volume.	1045
He Who Fights with Monsters 5	Shirtaloon, Travis Deverell	2025-05-27	2025-05-27	no read audiobook in export; finish date missing/different	title/author	He Who Fights with Monsters 5	Read	Ebook		587442	31230441	B09PSSTFP3			original exact match retained		
He Who Fights with Monsters 6	Shirtaloon, Travis Deverell	2025-05-27	2025-05-27	no read audiobook in export; finish date missing/different	title/author	He Who Fights With Monsters 6	Read	Book		587441	31230443	B09WB2V33H			original exact match retained		
He Who Fights with Monsters 7	Shirtaloon, Travis Deverell	2025-05-27	2025-05-27	no read audiobook in export; finish date missing/different	title/author	He Who Fights with Monsters 7	Read	Ebook		567927	31019901	B0B5HY4BM7			original exact match retained		
He Who Fights with Monsters 8	Shirtaloon, Travis Deverell	2025-05-27	2025-05-27	no read audiobook in export; finish date missing/different	title/author	He Who Fights With Monsters 8	Read	Ebook		638211	31230445	B0BDMQN3S8	9781039410008		original exact match retained		
He Who Fights with Monsters 10	Shirtaloon, Travis Deverell	2025-05-27	2025-05-27	no read audiobook in export; finish date missing/different	title/author	He Who Fights with Monsters 10	Read	Ebook		856789	31230447	B0C1PV6Q7C			original exact match retained		
He Who Fights with Monsters 11: A LitRPG Adventure	Shirtaloon, Travis Deverell	2025-05-27	2025-05-27	no read audiobook in export; finish date missing/different	manual book-level pairing	He Who Fights with Monsters 11	Read	Ebook		1205399	31230448	B0D1DPR1X3			provisional pairing accepted	Inspected title, author where supplied, and series context; descriptive suffix or sparse export metadata.	1057
The Fifth Elephant	Terry Pratchett	2025-05-27	2025-05-27	no read audiobook in export; finish date missing/different	title/author	The Fifth Elephant	Read	Book		152389	30417874	B09M8X6H8X			original exact match retained		
The Unkindest Tide	Seanan McGuire	2025-05-27	2025-05-27	no read audiobook in export; finish date missing/different	title/author	The Unkindest Tide	Read	Book		476457	30397845	B07Z9KFK8L			original exact match retained		
Demon Daughter	Lois McMaster Bujold	2025-05-27	2025-05-27	no read audiobook in export; finish date missing/different	title/author	Demon Daughter	Read	Book		1109443	31133464	B0CT45TLCQ			original exact match retained		
Never Anyone but You	Rupert Thomson	2025-05-30	2025-05-29	no read audiobook in export	title/author	Never Anyone But You	Read	Book	2025-05-30	514038	32164652	B07BC67TVF			original exact match retained		
Alien: Covenant Origins	Alan Dean Foster	2025-06-02	2025-06-01	no read audiobook in export	title/author	Alien: Covenant Origins	Read	Book	2025-06-02	782567	31668727	B0752RX6NJ			original exact match retained		
Grave Importance	Vivian Shaw	2025-06-03	2025-06-02	no read audiobook in export	title/author	Grave Importance	Read	Book	2025-06-03	468160	30385995	1478945176			original exact match retained		
When Dusk Comes	J.J. Arias	2025-06-09	2025-06-08	no read audiobook in export	title/author	When Dusk Comes	Read	Ebook	2025-06-09	514852	30467386	B0F2GJ3NP1			original exact match retained		
Sunset Fallen	J.J. Arias	2025-06-10	2025-06-09	no read audiobook in export; finish date missing/different	title/author	Sunset Fallen	Read	Book	2025-06-11	1183048	31207750	B0F2BBK1LL			original exact match retained		
New Day Rising	J.J. Arias	2025-06-11	2025-06-11	no read audiobook in export	title/author	New Day Rising	Read	Book	2025-06-11	1182475	31207178	B0F71TXB9P			original exact match retained		
Split Tooth	Tanya Tagaq	2025-06-12	2025-06-11	no read audiobook in export	title/author	Split Tooth	Read	Book	2025-06-12	448581	9653241	073523745X			original exact match retained		
Sheepfarmer's Daughter	Elizabeth Moon	2025-06-13	2025-06-12	no read audiobook in export	title/author	Sheepfarmer's Daughter	Read	Book	2025-06-13	441105	6376275	B003C26RG4			original exact match retained		
Oath of Gold	Elizabeth Moon	2025-06-14	2025-06-13	no read audiobook in export; finish date missing/different	title/author	Oath Of Gold	Read	Book	2025-06-15	457203	30603848	B003BATFV6			original exact match retained		
All Systems Red	Martha Wells	2025-06-14	2025-05-22	no read audiobook in export; finish date missing/different	title/author	All Systems Red	Read	Book	2025-06-15	427971	31608045	B076XSGP65	9781501977824		original exact match retained		
Exit Strategy	Martha Wells	2025-06-15	2025-05-22	no read audiobook in export	title/author	Exit Strategy	Read	Book	2025-06-15	432448	30401469	B07FF9TJ2K	9781501999994		original exact match retained		
Divided Allegiance	Elizabeth Moon	2025-06-15	2025-06-13	no read audiobook in export; finish date missing/different	title/author	Divided Allegiance	Read	Book	2025-06-14	468576	31097376	B003C1Z4NC			original exact match retained		
The Tombs of Atuan	Ursula K. Le Guin	2025-06-19	2025-06-19	no read audiobook in export	title/author	The Tombs of Atuan	Read	Ebook	2025-06-19	37746	28306385	B003U6SERW	9781449840839		original exact match retained		
The Farthest Shore	Ursula K. Le Guin	2025-06-19	2025-06-19	no read audiobook in export	title/author	The Farthest Shore	Read	Book	2025-06-19	6524	1500515	B003U70Z5K			original exact match retained		
I Feed Her to the Beast and the Beast Is Me	Jamison Shea	2025-06-20	2025-06-20	no read audiobook in export; finish date missing/different	title/author	I Feed Her to the Beast and the Beast Is Me	Read	Ebook	2025-01-20	835496	30848200	B0BWFVYGLF			original exact match retained		
Something New Under the Sun	Alexandra Kleeman	2025-06-22	2025-06-22	no read audiobook in export	title/author	Something New Under the Sun	Read	Book	2025-06-22	445449	30407117	0593410556			original exact match retained		
The Bone Shard Emperor	Andrea Stewart	2025-06-23	2025-06-23	no read audiobook in export	title/author	The Bone Shard Emperor	Read	Book	2025-06-23	465197	30382870	B09L54VXRL			original exact match retained		
Two Ravens and One Crow	Kevin Hearne	2025-06-24	2025-06-24	no read audiobook in export; finish date missing/different	title/author	Two Ravens and One Crow	Read	Book		429336	31129712	B0094JO09K			original exact match retained		
The Bone Shard War	Andrea Stewart	2025-06-24	2025-06-24	no read audiobook in export	title/author	The Bone Shard War	Read	Book	2025-06-24	465105	30382778	B0BBYR5GRX			original exact match retained		
Dream On, Ramona Riley	Ashley Herring Blake	2025-06-25	2025-06-24	no read audiobook in export	manual book-level pairing	Dream On, Ramona Riley	Read	Book	2025-06-25	1376948	32164713	B0DDCVMW7H			provisional pairing accepted	Inspected title, author where supplied, and series context; descriptive suffix or sparse export metadata.	2239
Equal Rites	Terry Pratchett	2025-06-25	2025-06-25	no read audiobook in export	title/author	Equal Rites	Read	Book	2025-06-25	434155	30414541	B09LYYDBYH			original exact match retained		
Silver in the Wood & Drowned Country	Emily Tesh	2025-06-27	2025-06-27	no read audiobook in export; edition scope needs review	manual book-level pairing	Silver in the Wood | Drowned Country	Read	Book	2025-06-27 | 2025-06-27	448971,461995	12251542,30385155	1705235506			paired manually	Both constituent novels are Read; combined audiobook edition not established.	1987,2245
All-Night Pharmacy	Ruth Madievsky	2025-06-27	2025-06-27	no read audiobook in export; finish date missing/different	identifier	All-Night Pharmacy	Read	Book	2025-06-18	791556	30796893	B0C9VXVSGG	9781696612791		original exact match retained		
The Hollow Heart	Marie Rutkoski	2025-06-27	2025-06-27	no read audiobook in export; finish date missing/different	title/author	The Hollow Heart	Read	Book	2025-06-18	462531	32164685	1250815525			original exact match retained		
Tales from the Folly	Charlaine Harris - introduction, Ben Aaronovitch	2025-06-27	2025-06-27	no read audiobook in export; finish date missing/different	manual book-level pairing	Tales from the Folly: A Rivers of London Short Story Collection	Read	Book		476538	31020661	1705269524			paired manually	ABS lists introduction writer first; Ben Aaronovitch and distinctive title agree.	334
The Unfinished Line	Jen Lyon	2025-06-27	2025-06-27	no read audiobook in export; finish date missing/different	title/author	The Unfinished Line	Read	Book	2025-01-24	1600212	31672894	B0DP5GZJ8W			original exact match retained		
The Midnight Lie	Marie Rutkoski	2025-06-27	2025-06-27	no read audiobook in export; finish date missing/different	title/author	The Midnight Lie	Read	Book	2025-06-17	1377481	31402555	1529336066			original exact match retained		
The House in the Cerulean Sea	Tj Klune	2025-06-27	2025-06-27	no read audiobook in export	title/author	The House in the Cerulean Sea	Read	Ebook	2025-06-27	436805	30391814	1250264294			original exact match retained		
Fair Game	Patricia Briggs	2025-06-27	2025-06-27	no read audiobook in export; finish date missing/different	title/author	Fair Game	Read	Ebook		11787	30520096	B007A4LT90			original exact match retained		
Cry Wolf	Patricia Briggs	2025-06-27	2025-06-27	no read audiobook in export; finish date missing/different	title/author	Cry Wolf	Read	Book		467013	30537530	B002V1NIAU			original exact match retained		
Wild Sign	Patricia Briggs	2025-06-27	2025-06-27	no read audiobook in export; finish date missing/different	title/author	Wild Sign	Read	Book		459301	30391998	0593347307			original exact match retained		
A World Between	Emily Hashimoto	2025-06-27	2025-06-27	no read audiobook in export; finish date missing/different	manual book-level pairing	A World Between	Read	Book	2025-01-18	450562	31913591	B092G8K83C			provisional pairing accepted	Inspected title, author where supplied, and series context; descriptive suffix or sparse export metadata.	1373
Alpha and Omega	Patricia Briggs	2025-06-27	2025-06-27	not marked read; no read audiobook in export; finish date missing/different	title/author	Alpha and Omega	Want to Read	Audio		467501	31020290	B00B0Z8HCW			original exact match retained		
House of Hunger	Alexis Henderson	2025-06-27	2025-06-27	no read audiobook in export; finish date missing/different	title/author	House of Hunger	Read	Book	2025-05-10	512884	30465236	B09RXSYLRV			original exact match retained		
The Skin and Its Girl	Sarah Cypher	2025-06-28	2025-06-28	no read audiobook in export; finish date missing/different	title/author	The Skin and Its Girl	Read	Book	2025-01-20	742497	30739721	B0B9TNJP3F	9780593668856		original exact match retained		
Working God's Mischief	Glen Cook	2025-06-28	2025-06-28	no read audiobook in export; finish date missing/different	title/author	Working God's Mischief	Read	Book		458782	30553035	B00IUQCU0O			original exact match retained		
The Ghosts of Rose Hill	R. M. Romero	2025-06-28	2025-06-28	no read audiobook in export; finish date missing/different	title/author	The Ghosts of Rose Hill	Read	Ebook	2025-05-03	479575	30663294	B09LK5SNXQ			original exact match retained		
The Tyranny of the Night	Glen Cook	2025-06-28	2025-06-28	no read audiobook in export; edition scope needs review; finish date missing/different	manual book-level pairing	The Tyranny of the Night / Lord of the Silent Kingdom / Surrender to the Will of the Night / Working God's Mischief	Read	Book		457608	30426265	B007RQ1SMO			paired manually	Read catalog record lists this title plus three sequels; series volume 1. Coverage established, edition scope unclear.	771
Lord of the Silent Kingdom	Glen Cook	2025-06-28	2025-06-28	no read audiobook in export; finish date missing/different	title/author	Lord of the Silent Kingdom	Read	Book		70040	11058679	B007TNLSTS			original exact match retained		
Surrender to the Will of the Night	Glen Cook	2025-06-28	2025-06-28	no read audiobook in export; finish date missing/different	title/author	Surrender to the Will of the Night	Read	Book		459511	31615332	B007TANUB0			original exact match retained		
The Masquerades of Spring	Ben Aaronovitch	2025-06-28	2025-06-28	not marked read; no read audiobook in export; finish date missing/different	title/author	The Masquerades of Spring	Want to Read	Book		1316100	31658021	B0DF84PR9C	9781541489868		original exact match retained		
Winter's Gifts	Ben Aaronovitch	2025-06-28	2025-06-28	no read audiobook in export; finish date missing/different	title/author	Winter's Gifts	Read	Book		799921	30806977	B0BNLHC43Y			original exact match retained		
The Last Graduate	Naomi Novik	2025-06-29	2025-06-29	no read audiobook in export	title/author	The Last Graduate	Read	Book	2025-06-29	441044	30396979	0593287436			original exact match retained		
Strange New World	Vivian Shaw	2025-06-29	2025-06-29	no read audiobook in export; finish date missing/different	identifier	Strange New World	Read	Book	2025-06-26	1788250	32164628	B0DJN6BFT5	9781668650219		original exact match retained		
Bitter Waters	Vivian Shaw	2025-06-29	2025-06-29	no read audiobook in export; finish date missing/different	title/author	Bitter Waters	Read	Book	2025-06-25	1432040	31468589	B0CKNMFN4S	9781668642191		original exact match retained		
The Golden Enclaves	Naomi Novik	2025-06-30	2025-06-29	no read audiobook in export	title/author	The Golden Enclaves	Read	Book	2025-06-30	459821	30391820	B09NQKQRWL			original exact match retained		
Night Owls	A. R. Vishny	2025-06-30	2025-06-30	no read audiobook in export; finish date missing/different	identifier	Night Owls	Read	Book	2025-01-03	1194231	31913640	B0CQYWVVKK	9780063327337		original exact match retained		
Fire logic	Laurie J. Marks	2025-06-30	2025-06-30	no read audiobook in export; finish date missing/different	title/author	Fire Logic	Read	Book	2025-03-21	101571	17323921				original exact match retained		
VenCo	Cherie Dimaline	2025-06-30	2025-06-30	no read audiobook in export; finish date missing/different	title/author	VenCo	Read	Book	2025-02-08	555833	30515005	B09ZYPVFBS			original exact match retained		
The Black Company	Glen Cook	2025-07-01	2025-07-01	no read audiobook in export; finish date missing/different	title/author	The Black Company	Read	Ebook		445457	9166836	B003T1LJ70			original exact match retained		
Shadows Linger	Glen Cook	2025-07-01	2025-07-01	no read audiobook in export; finish date missing/different	title/author	Shadows Linger	Read	Book		446111	9758404	B003XX5CCM			original exact match retained		
The White Rose	Glen Cook	2025-07-01	2025-07-01	no read audiobook in export; finish date missing/different	title/author	The White Rose	Read	Book		446115	2598901	B003XWTMNI			original exact match retained		
Shadow Games	Glen Cook	2025-07-01	2025-07-01	no read audiobook in export; finish date missing/different	title/author	Shadow Games	Read	Book		445955	28650479	B003UCLS4C			original exact match retained		
Dreams of Steel	Glen Cook	2025-07-01	2025-07-01	no read audiobook in export; finish date missing/different	title/author	Dreams of Steel	Read	Book		446114	10757786	B003VWI3D0			original exact match retained		
Bleak Seasons	Glen Cook	2025-07-01	2025-07-01	no read audiobook in export; finish date missing/different	title/author	Bleak Seasons	Read	Book		1465317	13952788	B003XS5K7O			original exact match retained		
She Is the Darkness	Glen Cook	2025-07-01	2025-07-01	no read audiobook in export; finish date missing/different	title/author	She Is the Darkness	Read	Book		446112	16847443	B00419VFSC			original exact match retained		
Water Sleeps	Glen Cook	2025-07-01	2025-07-01	no read audiobook in export; finish date missing/different	title/author	Water Sleeps	Read	Book		446081	590859	B003XSSV0M			original exact match retained		
Soldiers Live	Glen Cook	2025-07-01	2025-07-01	no read audiobook in export; finish date missing/different	title/author	Soldiers Live	Read	Book		446113	2600138	B0041HJKKY			original exact match retained		
The Final Girl Support Group	Grady Hendrix	2025-07-01	2025-07-01	no read audiobook in export; finish date missing/different	title/author	The Final Girl Support Group	Read	Ebook	2025-02-19	436462	30404198	0593410033			original exact match retained		
The Scar	China Mieville	2025-07-01	2025-07-01	no read audiobook in export; finish date missing/different	title/author	The Scar	Read	Book		268734	7947248	B00OYRN3TU			original exact match retained		
Artemis	Andy Weir / cte Tereza Dockalova	2025-07-01	2025-07-01	no read audiobook in export; finish date missing/different	manual book-level pairing	Artemis	Read	Book		99422	30406820				paired manually	ABS author field includes reader Tereza Dockalova; Andy Weir matches export.	664
The Atrocity Archives	Charles Stross	2025-07-01	2025-05-22	no read audiobook in export; finish date missing/different	title/author	The Atrocity Archives	Read	Ebook		21233	30809890	B00DUDO1RM			original exact match retained		
The Fuller Memorandum	Charles Stross	2025-07-01	2025-05-22	no read audiobook in export; finish date missing/different	title/author	The Fuller Memorandum	Read	Book		459379	30809891	B004V4O9W6			original exact match retained		
The Rhesus Chart	Charles Stross	2025-07-01	2025-05-22	no read audiobook in export; finish date missing/different	title/author	The Rhesus Chart	Read	Book		459296	30809892	B00LFVN2SA			original exact match retained		
The Annihilation Score	Charles Stross	2025-07-01	2025-05-22	no read audiobook in export; finish date missing/different	title/author	The Annihilation Score	Read	Ebook		351361	30786517	B0155E4902			original exact match retained		
The Nightmare Stacks	Charles Stross	2025-07-01	2025-05-22	no read audiobook in export; finish date missing/different	title/author	The Nightmare Stacks	Read	Book		463508	30381171	B01GEZP5LI			original exact match retained		
The Delirium Brief	Charles Stross	2025-07-01	2025-05-22	no read audiobook in export; finish date missing/different	title/author	The Delirium Brief	Read	Book		461496	31687465	B06Y6FMZ94			original exact match retained		
The Labyrinth Index	Charles Stross	2025-07-01	2025-05-22	no read audiobook in export; finish date missing/different	title/author	The Labyrinth Index	Read	Book		461481	31687432	1501999737	9781501999734		original exact match retained		
The Grief of Stones	Katherine Addison	2025-07-01	2025-07-01	no read audiobook in export	identifier	The Grief of Stones	Read	Book	2025-07-01	465135	30382808	B09GGZJQL2	9781250856616		original exact match retained		
Southern Lights	Liz Arncliffe	2025-07-02	2025-07-02	no read audiobook in export; finish date missing/different	title/author	Southern Lights	Read	Book	2025-07-03	1670494	32164699	B0DZZHQM1J	9798855569605		original exact match retained		
The Dispossessed	Ursula K. Le Guin	2025-07-03	2025-07-02	no read audiobook in export	title/author	The Dispossessed	Read	Book	2025-07-03	267204	4417592	B0041PD25K			original exact match retained		
The Left Hand of Darkness	Ursula K. Le Guin	2025-07-03	2025-07-03	no read audiobook in export; finish date missing/different	title/author	The Left Hand of Darkness	Read	Book	2025-07-04	377842	9212187	B01NH0D987			original exact match retained		
Unworthy	J.A. Vodvarka	2025-07-04	2025-07-04	no read audiobook in export; finish date missing/different	manual book-level pairing	Unworthy: The Blacksea Odyssey Book 1	Read	Ebook	2025-04-10	1190851	31756994	B0DT2BVPHV	9798895398265		paired manually	The Blacksea Odyssey Book 1 subtitle; same author.	2189
Sea Wolf	Anna Burke	2025-07-04	2025-07-04	no read audiobook in export	title/author	Sea Wolf	Read	Book	2025-07-04	465274	30382948	B0BC2J19P6			original exact match retained		
The Grief Keeper	Alexandra Villasante	2025-07-04	2025-07-04	no read audiobook in export; finish date missing/different	title/author	The Grief Keeper	Read	Ebook	2025-04-28	521655	30474996	0593151046			original exact match retained		
The Stars and the Blackness Between Them	Junauda Petrus	2025-07-04	2025-07-04	no read audiobook in export; finish date missing/different	title/author	The Stars and the Blackness Between Them	Read	Book	2025-02-13	444281	31913637	0593106032			original exact match retained		
The Lily and the Crown	Roslyn Sinclair	2025-07-05	2025-07-04	no read audiobook in export	title/author	The Lily and the Crown	Read	Book	2025-07-05	590051	30557343	B08WJHFQ29			original exact match retained		
The Knight and the Moth	Rachel Gillig	2025-07-06	2025-07-05	no read audiobook in export	identifier	The Knight and the Moth	Read	Book	2025-07-06	1120724	32164710	B0DJPSYMN1	9781668647776		original exact match retained		
The Warden	Daniel M. Ford	2025-07-07	2025-06-24	no read audiobook in export	title/author	The Warden	Read	Ebook	2025-07-07	555810	30514981	B0D7MX5YRY			original exact match retained		
Advocate	Daniel M. Ford	2025-07-08	2025-07-07	no read audiobook in export	title/author	Advocate	Read	Book	2025-07-08	1707845	31803327	B0DWCPX3VL	9781666694857		original exact match retained		
The Buffalo Hunter Hunter	Stephen Graham Jones	2025-07-09	2025-07-08	no read audiobook in export; finish date missing/different	title/author	The Buffalo Hunter Hunter	Read	Book	2025-07-10	1437438	31475163	B0DD52VDNL	9781668117323		original exact match retained		
Black Water Sister	Zen Cho	2025-07-10	2025-07-09	no read audiobook in export	title/author	Black Water Sister	Read	Book	2025-07-10	429064	23510890	1980036039			original exact match retained		
Girls Girls Girls	Shoshana von Blanckensee	2025-07-13	2025-07-12	no read audiobook in export	manual book-level pairing	Girls Girls Girls	Read	Book	2025-07-13	1906014	32164687	B0DJH8S2BK	9798217076680		provisional pairing accepted	Inspected title, author where supplied, and series context; descriptive suffix or sparse export metadata.	2261
Bury Our Bones in the Midnight Soil	V. E. Schwab	2025-07-14	2025-07-14	no read audiobook in export; finish date missing/different	title/author	Bury Our Bones in the Midnight Soil	Read	Book	2025-07-06	1396631	31603931	B0D74FY9CG	9781035064687		original exact match retained		
Blood on Her Tongue	Johanna Van Veen	2025-07-14	2025-07-13	no read audiobook in export	title/author	Blood on Her Tongue	Read	Book	2025-07-14	1373576	31398629	B0DPLGMPVL	9781004185221		original exact match retained		
The Echo Wife	Sarah Gailey	2025-07-14	2025-07-14	no read audiobook in export	title/author	The Echo Wife	Read	Book	2025-07-14	427729	13438092	1250755131			original exact match retained		
Somewhere Beyond the Sea	TJ Klune	2025-07-15	2025-07-15	no read audiobook in export	title/author	Somewhere Beyond the Sea	Read	Book	2025-07-15	994867	31019620	B0CKWP6FM1			original exact match retained		
A Conventional Boy	Charles Stross	2025-07-15	2025-07-15	no read audiobook in export; finish date missing/different	title/author	A Conventional Boy	Read	Book	2025-07-16	1612299	31687317	B0DMTK2X56	9781405564083		original exact match retained		
Elatsoe	Darcie Little Badger	2025-07-16	2025-07-15	no read audiobook in export	title/author	Elatsoe	Read	Book	2025-07-16	432278	24927818	1662039034			original exact match retained		
Night Owls	A.R. Vishny	2025-07-17	2025-07-17	no read audiobook in export; finish date missing/different	manual book-level pairing	Night Owls	Read	Book	2025-01-03	1194231	31913640	B0CQYWVVKK			provisional pairing accepted	Inspected title, author where supplied, and series context; descriptive suffix or sparse export metadata.	523
Godly Heathens	H.E. Edgmon	2025-07-17	2025-07-16	no read audiobook in export	title/author	Godly Heathens	Read	Book	2025-07-17	511752	30464002	B0BVKXC723	9781250290489		original exact match retained		
Providence Girls	Morgan Dante	2025-07-18	2025-07-17	no read audiobook in export	title/author	Providence Girls	Read	Book	2025-07-18	1217569	31242640	B0DVB4TJL9			original exact match retained		
The Rust Maidens	Gwendolyn Kiste	2025-07-19	2025-07-18	no read audiobook in export	title/author	The Rust Maidens	Read	Book	2025-07-19	450636	22903964	B07XPFS61J			original exact match retained		
Crown of Midnight	Sarah J. Maas	2025-07-21	2025-07-21	no read audiobook in export; finish date missing/different	title/author	Crown of Midnight	Read	Book		283659	30809252	1547607556	9781547607556		original exact match retained		
Deep Roots	Ruthanna Emrys	2025-07-21	2025-07-21	no read audiobook in export; finish date missing/different	title/author	Deep Roots	Read	Book	2025-07-22	31121	30404539	B07F7CGTXY			original exact match retained		
Tehanu	Ursula K. Le Guin	2025-07-22	2025-07-21	no read audiobook in export	title/author	Tehanu	Read	Book	2025-07-22	439834	29142357	B01G9EPERE			original exact match retained		
The Furthest Station	Ben Aaronovitch	2025-07-22	2025-07-22	no read audiobook in export; finish date missing/different	title/author	The Furthest Station	Read	Book		432530	30517254	B06XPX5B47	9781473222458		original exact match retained		
Tales from Earthsea	Ursula K. Le Guin	2025-07-22	2025-07-22	no read audiobook in export	title/author	Tales from Earthsea	Read	Book	2025-07-22	457055	22687041	B01KOTMZFE	9781501926655		original exact match retained		
His Dark Materials: The Golden Compass	Philip Pullman	2025-07-22	2025-07-22	no read audiobook in export; finish date missing/different	manual book-level pairing	The Golden Compass	Read	Book		355708	24358857	B0D9C9BMTW			paired manually	Series prefix only; same author and volume 1.	715
The Amber Spyglass	Philip Pullman	2025-07-22	2025-07-22	no read audiobook in export; finish date missing/different	title/author	The Amber Spyglass	Read	Book		477834	30553765	0241548713			original exact match retained		
The Sharing Knife, Volume 1	Lois McMaster Bujold	2025-07-22	2025-07-22	no read audiobook in export; finish date missing/different	manual book-level pairing	Beguilement	Read	Book		447837	15363668	B002V8KZAE	9781624608247		paired manually	Beguilement; same author and series volume 1.	487
The Sharing Knife, Volume 2	Lois McMaster Bujold	2025-07-22	2025-07-22	no read audiobook in export; finish date missing/different	manual book-level pairing	Legacy	Read	Book		373804	31687442	B002VA9SVO			paired manually	Legacy; same author and series volume 2.	1287
The Sharing Knife, Volume 3	Lois McMaster Bujold	2025-07-22	2025-07-22	no read audiobook in export; finish date missing/different	manual book-level pairing	Passage	Read	Book		748532	9032084	B002VA8X3I			paired manually	Passage; same author and series volume 3.	1256
The Sharing Knife, Vol. 4: Horizon	Lois McMaster Bujold	2025-07-22	2025-07-22	no read audiobook in export; finish date missing/different	manual book-level pairing	Horizon	Read	Book		182034	12591811	B002V9XB6I			paired manually	Horizon; same author and series volume 4.	2772
Knife Children	Lois McMaster Bujold	2025-07-22	2025-07-22	no read audiobook in export; finish date missing/different	title/author	Knife Children	Read	Ebook		461428	30569294	1982699787			original exact match retained		
The Spirit Ring	Lois McMaster Bujold	2025-07-22	2025-07-22	no read audiobook in export; finish date missing/different	title/author	The Spirit Ring	Read	Book		326787	15365286	1982692839			original exact match retained		
Kraken	China Mieville	2025-07-22	2025-07-22	not marked read; no read audiobook in export; finish date missing/different	title/author	Kraken	Want to Read	Audio		295020	31094917	B003TPS0ZU			original exact match retained		
The Hunger Games	Suzanne Collins	2025-07-22	2025-07-22	no read audiobook in export; finish date missing/different	title/author	The Hunger Games	Read	Book		88639	1589497	B07HHH7L77			original exact match retained		
Catching Fire	Suzanne Collins	2025-07-22	2025-07-22	no read audiobook in export; finish date missing/different	title/author	Catching Fire	Read	Book		175780	7988314	1338589016			original exact match retained		
Mockingjay	Suzanne Collins	2025-07-22	2025-07-22	no read audiobook in export; finish date missing/different	title/author	Mockingjay	Read	Book		463683	27387551	1338589040			original exact match retained		
Certain Dark Things	Silvia Moreno-Garcia	2025-07-22	2025-07-22	no read audiobook in export; finish date missing/different	title/author	Certain Dark Things	Read	Book	2024-12-29	449038	12613281	1250808278			original exact match retained		
Bitter	Akwaeke Emezi	2025-07-22	2025-07-22	no read audiobook in export; finish date missing/different	title/author	Bitter	Read	Book	2025-02-12	444483	30906437	B09C9VYVC4			original exact match retained		
The Other Wind	Ursula K. Le Guin	2025-07-22	2025-07-22	no read audiobook in export	title/author	The Other Wind	Read	Book	2025-07-22	445966	7084723	B071KLHTRV			original exact match retained		
Sword in the Stars	A. R. Capetta, Cory McCarthy	2025-07-22	2025-07-22	no read audiobook in export; finish date missing/different	title/author	Sword in the Stars	Read	Book	2025-07-23	465332	32164678	1549152483			original exact match retained		
Nona the Ninth	Tamsyn Muir	2025-07-23	2025-07-22	no read audiobook in export	title/author	Nona the Ninth	Read	Book	2025-07-23	462513	30413195	B0B1QVZKZG			original exact match retained		
Rocannon's World	Ursula K. Le Guin	2025-07-23	2025-07-23	no read audiobook in export	title/author	Rocannon's World	Read	Book	2025-07-23	1134855	31158925	B0CTCX2PM8			original exact match retained		
Planet of Exile	Ursula K. Le Guin	2025-07-23	2025-07-23	no read audiobook in export	title/author	Planet of Exile	Read	Book	2025-07-23	443913	32164627	B0DN3P46N9			original exact match retained		
City of Illusions	Ursula K. Le Guin	2025-07-24	2025-07-23	no read audiobook in export	title/author	City of Illusions	Read	Book	2025-07-24	441798	16548591	B0DT4QPM4V			original exact match retained		
Four Ways to Forgiveness	Ursula K. Le Guin	2025-07-24	2025-07-24	no read audiobook in export	title/author	Four Ways to Forgiveness	Read	Book	2025-07-24	230886	28164019				original exact match retained		
The Telling	Ursula K. Le Guin	2025-07-24	2025-07-24	no read audiobook in export	title/author	The Telling	Read	Book	2025-07-24	458012	21297089	B0CQQ7QHS7			original exact match retained		
Girls of Storm and Shadow	Natasha Ngan	2025-07-25	2025-07-25	no read audiobook in export	identifier	Girls of Storm and Shadow	Read	Book	2025-07-25	507104	32164697	1549118781			original exact match retained		
The Black Bird Oracle	Deborah Harkness	2025-07-26	2025-07-26	no read audiobook in export	title/author	The Black Bird Oracle	Read	Ebook	2025-07-26	1108774	31726306	B0CPYZ6RPY	9780593909232		original exact match retained		
Beggars Ride	Nancy Kress	2025-07-28	2025-07-27	no read audiobook in export; finish date missing/different	manual book-level pairing	Beggars Ride	Read	Book	2025-07-29	69945	32164662	B002VAA7XC			provisional pairing accepted	Inspected title, author where supplied, and series context; descriptive suffix or sparse export metadata.	2292
Abhorsen	Garth Nix	2025-07-29	2025-07-28	no read audiobook in export	title/author	Abhorsen	Read	Book	2025-07-29	40324	21055481	B002V5GY0M	9780807205655		original exact match retained		
Terciel & Elinor	Garth Nix	2025-07-31	2025-07-31	no read audiobook in export; finish date missing/different	manual book-level pairing	Terciel and Elinor	Read	Book	2025-08-01	445758	6592488	0593555287			paired manually	Ampersand / and variation; same author.	2297
Little Rot	Akwaeke Emezi	2025-08-01	2025-08-01	no read audiobook in export; finish date missing/different	manual book-level pairing	Little Rot	Read	Book	2025-02-11	1157860	31913651	B0CNQRX82H	9780593867617		provisional pairing accepted	Inspected title, author where supplied, and series context; descriptive suffix or sparse export metadata.	1395
To Hold the Bridge	Garth Nix	2025-08-01	2025-07-31	no read audiobook in export	title/author	To Hold the Bridge	Read	Book	2025-08-01	458374	32176289	B00UU4DBFW	9780062398123		original exact match retained		
Such Lovely Skin	Tatiana Schlote-Bonne	2025-08-01	2025-08-01	no read audiobook in export	title/author	Such Lovely Skin	Read	Book	2025-08-01	1195062	31219870	B0D2FV6VDD	9798217020935		original exact match retained		
I Was a Teenage Slasher	Stephen Graham Jones	2025-08-02	2025-08-01	no read audiobook in export	title/author	I Was a Teenage Slasher	Read	Book	2025-08-02	1084092	31108128	B0CLGXGPLT	9781797175966		original exact match retained		
Children of Virtue and Vengeance	Tomi Adeyemi	2025-08-02	2025-08-02	no read audiobook in export	title/author	Children of Virtue and Vengeance	Read	Book	2025-08-02	432216	30402308	B07DF31P87	9781250309907		original exact match retained		
Children of Anguish and Anarchy	Tomi Adeyemi	2025-08-03	2025-08-02	no read audiobook in export	identifier	Children of Anguish and Anarchy	Read	Book	2025-08-03	620126	31756391	B0CJG2BBNF	9781250247858		original exact match retained		
All These Worlds	Dennis E. Taylor	2025-08-03	2025-08-03	no read audiobook in export	title/author	All These Worlds	Read	Book	2025-08-03	427990	28912712	B07341FZDC			original exact match retained		
Not Till We Are Lost	Dennis E. Taylor	2025-08-04	2025-08-04	no read audiobook in export	title/author	Not Till We Are Lost	Read	Ebook	2025-08-04	1432670	31469389	B0CW23CC7L			original exact match retained		
The War of the Noobs	Ryan Rimmel	2025-08-04	2025-08-04	no read audiobook in export	title/author	The War of the Noobs	Read	Ebook	2025-08-04	1575192	31640713	B0DM6RRPSW			original exact match retained		
The Empire of Gold: A Novel	S. A. Chakraborty	2025-08-05	2025-08-04	no read audiobook in export	manual book-level pairing	The Empire of Gold	Read	Book	2025-08-05	441041	30405487	0062984772			provisional pairing accepted	Inspected title, author where supplied, and series context; descriptive suffix or sparse export metadata.	455
Demon's Bluff	Kim Harrison	2025-08-06	2025-08-05	no read audiobook in export	title/author	Demon's Bluff	Read	Book	2025-08-06	1219065	32365010	B0CTNT9XWX			original exact match retained		
Andrea Vernon and the Superhero-Industrial Complex	Alexander C. Kane	2025-08-07	2025-08-06	no read audiobook in export	title/author	Andrea Vernon and the Superhero-Industrial Complex	Read	Book	2025-08-07	672286	30658143	B07NP61PHX			original exact match retained		
House of Sky and Breath	Sarah J. Maas	2025-08-07	2025-08-07	no read audiobook in export	title/author	House of Sky and Breath	Read	Ebook	2025-08-07	429093	30401166	B09MZPZ1WG			original exact match retained		
House of Sky and Breath (Part 1 of 2) (Dramatized Adaptation)	Sarah J. Maas	2025-08-07	2025-08-07	no read audiobook in export; edition scope needs review	manual book-level pairing	House of Sky and Breath	Read	Ebook	2025-08-07	429093	30401166	B0D3R2WQQ1	9798890551993		paired manually	Read whole novel covers underlying work; separate dramatized part edition not established.	185
House of Sky and Breath (Part 2 of 2) (Dramatized Adaptation)	Sarah J. Maas	2025-08-07	2025-08-07	no read audiobook in export; edition scope needs review	manual book-level pairing	House of Sky and Breath	Read	Ebook	2025-08-07	429093	30401166	B0D9PG137D	9798890552716		paired manually	Read whole novel covers underlying work; separate dramatized part edition not established.	185
Azarinth Healer: Book One: A LitRPG Adventure	Rhaegar	2025-08-07	2025-08-07	no read audiobook in export; finish date missing/different	manual book-level pairing	Azarinth Healer: Book One	Read	Book		638219	30616103	B0BLZNZ47B			paired manually	Descriptive suffix only; Rhaegar and Book One agree, not later volumes.	46
Azarinth Healer: Book Two	Rhaegar	2025-08-07	2025-08-07	no read audiobook in export; finish date missing/different	title/author	Azarinth Healer: Book Two	Read	Ebook		917368	31438282	B0C2QQNGWT			original exact match retained		
On a Throne of Lies	Eric Ugland	2025-08-07	2025-08-07	no read audiobook in export; finish date missing/different	title/author	On a Throne of Lies	Read	Ebook		1076311	31100376	B0CJG27S9V			original exact match retained		
Azarinth Healer, Book Three	Rhaegar	2025-08-08	2025-08-08	no read audiobook in export; finish date missing/different	title/author	Azarinth Healer: Book Three	Read	Ebook		1074916	31098981	B0CPQ4Y33K			original exact match retained		
Azarinth Healer: Book Four	Rhaegar	2025-08-09	2025-08-08	no read audiobook in export	title/author	Azarinth Healer: Book Four	Read	Ebook	2025-08-09	1458149	31500760	B0DMQ2WP9F			original exact match retained		
Revelation: A LitRPG Adventure	V.A. Lewis	2025-08-11	2025-08-11	no read audiobook in export	manual book-level pairing	Revelation	Read	Ebook	2025-08-11	1760730	31867649	B0CP8G5SX6			provisional pairing accepted	Inspected title, author where supplied, and series context; descriptive suffix or sparse export metadata.	2615
Beast: A LitRPG Adventure	V.A. Lewis	2025-08-11	2025-08-11	no read audiobook in export	manual book-level pairing	Beast	Read	Ebook	2025-08-11	1760732	31867651	B0CWHWZZTQ			provisional pairing accepted	Inspected title, author where supplied, and series context; descriptive suffix or sparse export metadata.	2181
The Child Monster	V.A. Lewis	2025-08-12	2025-08-11	no read audiobook in export	title/author	The Child Monster	Read	Ebook	2025-08-12	1760733	31867652	B0D5S7T1T7			original exact match retained		
Garden of Sanctuary	Pirateaba	2025-08-17	2025-08-16	no read audiobook in export	title/author	Garden of Sanctuary	Read	Ebook	2025-08-17	1772046	31882154	B0DRLJZX5G			original exact match retained		
City of Laughter	Temim Fruchter	2025-08-17	2025-08-17	no read audiobook in export	manual book-level pairing	City of Laughter	Read	Book	2025-08-17	1061514	32364994	B0CPGVP7KY			provisional pairing accepted	Inspected title, author where supplied, and series context; descriptive suffix or sparse export metadata.	88
The Daughter of Danray	Natalia Hernandez	2025-08-18	2025-08-17	no read audiobook in export	title/author	The Daughter of Danray	Read	Book	2025-08-18	1986859	32152723	B0DWTVL32Y			original exact match retained		
A Vicious Game	Kyla Garcia	2025-08-18	2025-08-18	no read audiobook in export	manual book-level pairing	A Vicious Game	Read	Book	2025-08-18	943245	31981743	B0CNF4WVFD			provisional pairing accepted	Inspected title, author where supplied, and series context; descriptive suffix or sparse export metadata.	2041
An Honored Vow	Melissa Blair	2025-08-18	2025-08-18	no read audiobook in export	title/author	An Honored Vow	Read	Ebook	2025-08-18	1376955	31402024	B0DFDQL8FB	9798228017832		original exact match retained		
Immortal War	Selkie Myth	2025-08-19	2025-08-18	no read audiobook in export	title/author	Immortal War	Read	Ebook	2025-08-19	1768268	31877472	B0F9GTMTCL	9781039476295		original exact match retained		
Installment Immortality	Seanan McGuire	2025-08-19	2025-08-19	no read audiobook in export	title/author	Installment Immortality	Read	Book	2025-08-19	1564841	31629729	B0F6YZHLTY	9781250431028		original exact match retained		
The Primal Hunter 12	Zogarth	2025-08-20	2025-08-19	no read audiobook in export	title/author	The Primal Hunter 12	Read	Ebook	2025-08-20	1662572	31749662	B0F8P6X1KR			original exact match retained		
Carl's Doomsday Scenario	Matt Dinniman	2025-08-20	2025-08-20	no read audiobook in export	title/author	Carl's Doomsday Scenario	Read	Book	2025-08-20	446680	30407787	B0934GTSGT			original exact match retained		
The Dungeon Anarchist's Cookbook	Matt Dinniman	2025-08-21	2025-08-20	no read audiobook in export; finish date missing/different	title/author	The Dungeon Anarchist's Cookbook	Read	Book	2025-08-22	446730	31716214	B094XCNV6G			original exact match retained		
The Butcher's Masquerade	Matt Dinniman	2025-08-22	2025-08-21	no read audiobook in export	title/author	The Butcher's Masquerade	Read	Book	2025-08-22	637867	32004303	B09ZJ82C7Y			original exact match retained		
The Eye of the Bedlam Bride	Matt Dinniman	2025-08-23	2025-08-22	no read audiobook in export	title/author	The Eye of the Bedlam Bride	Read	Book	2025-08-23	818989	30829594	B0CDXWSS5D			original exact match retained		
This Inevitable Ruin	Matt Dinniman	2025-08-24	2025-08-23	no read audiobook in export	title/author	This Inevitable Ruin	Read	Book	2025-08-24	1464466	31509005	B0DK282SYV			original exact match retained		
The Lotus Empire	Tasha Suri	2025-08-28	2025-08-26	no read audiobook in export	title/author	The Lotus Empire	Read	Book	2025-08-28	1184306	32320887	B0CSLR8PDW			original exact match retained		
The Imposition of Unnecessary Obstacles	Malka Older	2025-08-28	2025-08-28	no read audiobook in export	manual book-level pairing	The Imposition of Unnecessary Obstacles	Read	Book	2025-08-28	717828	32365003	B0CZ7PXSXZ	9798892741439		provisional pairing accepted	Inspected title, author where supplied, and series context; descriptive suffix or sparse export metadata.	2639
Spook Country	William Gibson	2025-08-30	2025-08-30	no read audiobook in export; finish date missing/different	title/author	Spook Country	Read	Book	2025-08-31	385388	11697347	1004045107	9781004045105		original exact match retained		
Zero History	William Gibson	2025-08-31	2025-08-30	no read audiobook in export	identifier	Zero History	Read	Book	2025-08-31	343283	32365043	1004054351	9781004054350		original exact match retained		
The Fallen City of Lescado	Draith	2025-09-01	2025-09-01	no read audiobook in export; finish date missing/different	title/author	The Fallen City of Lescado	Read	Ebook	2025-09-05	1182422	31207125	B0CFRJK8GM			original exact match retained		
To Pierce the Heart	Draith	2025-09-03	2025-09-01	no read audiobook in export; finish date missing/different	title/author	To Pierce The Heart	Read	Ebook	2025-09-05	1225100	31250145	B0CKJ8NTDY			original exact match retained		
The Western Shores	Draith	2025-09-04	2025-09-03	no read audiobook in export; finish date missing/different	title/author	The Western Shores	Read	Ebook	2025-09-05	1409367	31441605	B0CNKZM2X9			original exact match retained		
To Stand Between Sea and Sky	Draith	2025-09-05	2025-09-04	no read audiobook in export	title/author	To Stand Between Sea and Sky	Read	Ebook	2025-09-05	1409368	31441607	B0CRLKLBCY			original exact match retained		
The Temporal Tides	Draith	2025-09-06	2025-09-02	no read audiobook in export	title/author	The Temporal Tides	Read	Ebook	2025-09-06	1409369	31441609	B0CWPQL428			original exact match retained		
Tuesday	Draith	2025-09-06	2025-09-06	no read audiobook in export	title/author	Tuesday	Read	Ebook	2025-09-06	1409370	31441611	B0D4SDWRBM			original exact match retained		
Medusa of the Roses	Navid Sinaki	2025-09-06	2025-09-06	no read audiobook in export; finish date missing/different	title/author	Medusa of the Roses	Read	Book	2025-09-07	1189837	31214624	B0D81CK725	9798892749329		original exact match retained		
Wandering Stars	Tommy Orange	2025-09-08	2025-09-07	no read audiobook in export	title/author	Wandering Stars	Read	Book	2025-09-08	1084145	31108181	B0CBCW3DCX	9780593824542		original exact match retained		
The Mirror Empire	Kameron Hurley	2025-09-09	2025-09-08	no read audiobook in export	title/author	The Mirror Empire	Read	Book	2025-09-09	441159	8826189	B00OL59OKC			original exact match retained		
The Last Soul Among Wolves	Melissa Caruso	2025-09-12	2025-09-10	no read audiobook in export; finish date missing/different	identifier	The Last Soul Among Wolves	Read	Book	2025-09-13	1765473	32365017	B0DPLGPDT2	9781668650226		original exact match retained		
The Midnight Shift	Seon-Ran Cheon, Gene Png - translator	2025-09-12	2025-09-12	no read audiobook in export; finish date missing/different	manual book-level pairing	The Midnight Shift	Read	Ebook	2025-09-13	1813562	31934230	B0F4KWNV6Y	9781639735983		paired manually	Cheon Seon-ran / Seon-Ran Cheon name ordering; translator Gene Png agrees.	2650
Empty Heaven	Freddie Kölsch	2025-09-13	2025-09-13	no read audiobook in export	identifier	Empty Heaven	Read	Book	2025-09-13	2014474	32364995	B0F8P9LLTZ	9798349100109		original exact match retained		
Pennyblade	J.L. Worrad	2025-09-15	2025-09-14	no read audiobook in export; finish date missing/different	manual book-level pairing	Pennyblade	Read	Book	2025-09-22	465152	32364997	B09WBDL4QG			provisional pairing accepted	Inspected title, author where supplied, and series context; descriptive suffix or sparse export metadata.	2653
The Girl Without a Voice	Sandra J. Paul	2025-09-16	2025-09-16	no read audiobook in export; finish date missing/different	identifier	The Girl Without a Voice	Read	Book	2025-09-22	2013637	32365025	B0FJZV8YQ4	9798855578683		original exact match retained		
What We Devour	Linsey Miller	2025-09-17	2025-09-16	no read audiobook in export; finish date missing/different	identifier	What We Devour	Read	Book	2025-09-22	465280	32365019	1705038522			original exact match retained		
Are You Even Human: Volume 1	Natalie Maher	2025-09-19	2025-09-19	no read audiobook in export; finish date missing/different	title/author	Are You Even Human: Volume 1	Read	Ebook	2025-09-22	1545260	31605017	B0F6VTP839	9798347004744		original exact match retained		
The Faceless Thing We Adore	Hester Steel	2025-09-23	2025-09-23	no read audiobook in export; finish date missing/different	title/author	The Faceless Thing We Adore	Read	Book	2025-09-24	1905974	32052364	B0F2WBZ2YJ	9798896798033		original exact match retained		
Inanna	Emily H. Wilson	2025-09-24	2025-09-23	no read audiobook in export	manual book-level pairing	Inanna	Read	Book	2025-09-24	824769	32365022	B0D3JLF784	9798855515527		provisional pairing accepted	Inspected title, author where supplied, and series context; descriptive suffix or sparse export metadata.	2666
The Dragon Never Sleeps	Glen Cook	2025-09-24	2025-09-24	no read audiobook in export; finish date missing/different	title/author	The Dragon Never Sleeps	Read	Book		551540	30509734	B00MYJ8L60			original exact match retained		
The Service	Frankie Miren	2025-09-24	2025-09-24	no read audiobook in export	title/author	The Service	Read	Book	2025-09-24	514269	30466745	B097HQVPVY			original exact match retained		
Hell Followed with Us	Andrew Joseph White	2025-09-25	2025-09-24	no read audiobook in export	title/author	Hell Followed with Us	Read	Book	2025-09-25	454825	30409320	B09LKGZ6GD	9780593558799		original exact match retained		
Bright Young Women	Jessica Knoll	2025-09-27	2025-09-26	no read audiobook in export	title/author	Bright Young Women	Read	Book	2025-09-27	876726	30894955	B0BW1TRR1T			original exact match retained		
Cuckoo Song	Frances Hardinge	2025-09-27	2025-09-27	no read audiobook in export	title/author	Cuckoo Song	Read	Book	2025-09-27	448249	32365050	1094085960			original exact match retained		
The Gone World	Tom Sweterlitsch	2025-09-28	2025-09-28	no read audiobook in export	title/author	The Gone World	Read	Ebook	2025-09-28	47278	30404856	B075F8K8B8	9780525497769		original exact match retained		
This Delicious Death	Kayla Cottingham	2025-09-29	2025-09-29	no read audiobook in export	title/author	This Delicious Death	Read	Book	2025-09-29	565969	30527021	B0BZ9C5JRP	9798889563754		original exact match retained		
Manhunt	Gretchen Felker-Martin	2025-09-30	2025-09-29	no read audiobook in export; finish date missing/different	title/author	Manhunt	Read	Book	2025-10-06	473624	30394666	B09S421K5N			original exact match retained		
River of Teeth	Sarah Gailey	2025-10-03	2025-10-02	no read audiobook in export	identifier	River of Teeth	Read	Book	2025-10-03	430494	30404518	B074SWSH7M	9781541482463		original exact match retained		
Taste of Marrow	Sarah Gailey	2025-10-03	2025-10-03	no read audiobook in export	identifier	Taste of Marrow	Read	Book	2025-10-03	465705	31535524	B0759QTZ9L	9781541482470		original exact match retained		
The Three Lives of Cate Kay	Kate Fagan	2025-10-03	2025-10-03	no read audiobook in export	title/author	The Three Lives of Cate Kay	Read	Book	2025-10-03	1603888	31677474	B0D689JC2D	9781668118993		original exact match retained		
Eat the Ones You Love	Sarah Maria Griffin	2025-10-04	2025-10-03	no read audiobook in export	identifier	Eat the Ones You Love	Read	Book	2025-10-04	1195072	32196388	B0CW3W1QL9	9781250353320		original exact match retained		
Silver and Lead	Seanan McGuire	2025-10-05	2025-10-05	no read audiobook in export; finish date missing/different	identifier	Silver and Lead	Read	Book	2025-10-14	1830360	32364991	B0DRMVY8W7	9781250418227		original exact match retained		
Fragments	K.T. Hanna	2025-10-08	2025-10-07	no read audiobook in export	title/author	Fragments	Read	Book	2025-10-08	769460	30771146	B07MKLM1PD			original exact match retained		
Make Room for Love	Darcy Liao	2025-10-11	2025-10-11	no read audiobook in export; finish date missing/different	title/author	Make Room for Love	Read	Book	2025-10-14	1558415	31621453	B0FK6STJ1W			original exact match retained		
Her Majesty's Royal Coven	Juno Dawson	2025-10-12	2025-10-11	no read audiobook in export	title/author	Her Majesty's Royal Coven	Read	Book	2025-10-12	465137	30570025	B09HSRMS1F	9780593588475		original exact match retained		
The Shadow Cabinet	Juno Dawson	2025-10-12	2025-10-12	no read audiobook in export	manual book-level pairing	The Shadow Cabinet	Read	Book	2025-10-12	558734	32320844	B0B88W3SK1	9780008478582		provisional pairing accepted	Inspected title, author where supplied, and series context; descriptive suffix or sparse export metadata.	2682
Human Rites: A Novel	Juno Dawson	2025-10-13	2025-10-12	no read audiobook in export	manual book-level pairing	Human Rites	Read	Book	2025-10-13	1510024	31563778	B0DNGLV1W3	9798217071616		provisional pairing accepted	Inspected title, author where supplied, and series context; descriptive suffix or sparse export metadata.	2683
Queen B	Juno Dawson	2025-10-13	2025-10-13	no read audiobook in export	identifier	Queen B: The Story of Anne Boleyn, Witch Queen	Read	Book	2025-10-13	1214976	32365027	B0CMK54RRZ	9780593907702		original exact match retained		
Delilah Green Doesn't Care	Ashley Herring Blake	2025-10-14	2025-10-13	no read audiobook in export	identifier	Delilah Green Doesn't Care	Read	Book	2025-10-14	455707	31972268	0593551699			original exact match retained		
The Incandescent	Emily Tesh	2025-10-14	2025-10-14	no read audiobook in export; finish date missing/different	manual book-level pairing	The Incandescent	Read	Book	2025-08-02	1545311	32164634	B0DFQX9N3V			provisional pairing accepted	Inspected title, author where supplied, and series context; descriptive suffix or sparse export metadata.	2287
The Poison Court	Amanda Downum	2025-10-14	2025-10-14	no read audiobook in export; finish date missing/different	title/author	The Poison Court	Read	Book		1254181	31279242	1980061904			original exact match retained		
I Keep My Exoskeletons to Myself	Marisa Crane	2025-10-14	2025-10-14	no read audiobook in export; finish date missing/different	manual book-level pairing	I Keep My Exoskeletons to Myself	Read	Book	2025-01-03	652427	30633280	B0BHNSTYMZ			paired manually	Marisa Crane / Mac Crane author-name change; distinctive identical title.	980
A Study in Honor	Claire O'Dell	2025-10-14	2025-10-14	no read audiobook in export; finish date missing/different	manual book-level pairing	A Study in Honor (The Janet Watson Chronicles, #1)	Read	Book	2025-10-15	450857	7420407	B07DDM46S1			paired manually	The Janet Watson Chronicles #1 series suffix; same author.	1491
The Perfect Crimes of Marian Hayes	Cat Sebastian	2025-10-15	2025-10-15	no read audiobook in export; finish date missing/different	title/author	The Perfect Crimes of Marian Hayes	Read	Ebook	2025-10-16	484660	30425319	B09HLB7LHF			original exact match retained		
Bat Eater and Other Names for Cora Zeng	Kylie Lee Baker	2025-10-15	2025-10-15	no read audiobook in export; finish date missing/different	manual book-level pairing	Bat eater	Read	Book	2025-07-18	2356653	31294953	B0D3RBN58J			paired manually	Shortened Bat eater title; same author Kylie Lee Baker.	2431
Atomic Anna	Rachel Barenbaum	2025-10-17	2025-10-17	no read audiobook in export	title/author	Atomic Anna	Read	Book	2025-10-17	513646	32365016	B09S1FVWL3			original exact match retained		
My Darling Dreadful Thing	Johanna van Veen	2025-10-18	2025-10-18	not marked read; no read audiobook in export; finish date missing/different	title/author	My Darling Dreadful Thing	Want to Read	Book		1049045	32089459	B0D6NKHWY2	9798765083529		original exact match retained		
The Default World	Naomi Kanakia	2025-10-20	2025-10-20	no read audiobook in export	title/author	The Default World	Read	Ebook	2025-10-20	1292748	31317854	B0F978VTDT	9798855592405		original exact match retained		
Salvaged	Madeleine Roux	2025-10-21	2025-10-20	no read audiobook in export	identifier	Salvaged	Read	Book	2025-10-21	448416	32365028	059315147X			original exact match retained		
This World Is Not Yours	Kemi Ashing-Giwa	2025-10-21	2025-10-21	no read audiobook in export	manual book-level pairing	This World Is Not Yours	Read	Book	2025-10-21	1476223	32364974	B0DDZXJW2Q			provisional pairing accepted	Inspected title, author where supplied, and series context; descriptive suffix or sparse export metadata.	2021
Tell Me I'm Worthless	Alison Rumfitt	2025-10-22	2025-10-21	no read audiobook in export	title/author	Tell Me I'm Worthless	Read	Book	2025-10-22	482844	30423142	B0B1JMBQDM			original exact match retained		
Sundial	Catriona Ward	2025-10-22	2025-10-22	no read audiobook in export	title/author	Sundial	Read	Book	2025-10-22	473732	30394784	1250841194			original exact match retained		
The Fervor	Alma Katsu	2025-10-23	2025-10-22	no read audiobook in export	title/author	The Fervor	Read	Book	2025-10-23	512552	32365032	B09FVXVXHF			original exact match retained		
Silver Nitrate	Silvia Moreno-Garcia	2025-10-24	2025-10-23	no read audiobook in export	title/author	Silver Nitrate	Read	Ebook	2025-10-24	626730	30602385	B0BL8NK7TP			original exact match retained		
Mexican Gothic	Silvia Moreno-Garcia	2025-10-24	2025-10-24	no read audiobook in export	title/author	Mexican Gothic	Read	Ebook	2025-10-24	428353	30404138	0593213866	9780593213865		original exact match retained		
Jackal	Erin E. Adams	2025-10-24	2025-10-24	no read audiobook in export	title/author	Jackal	Read	Book	2025-10-24	511512	30463730	B09SNHB1QP			original exact match retained		
Bad Cree	Jessica Johns	2025-10-25	2025-10-24	no read audiobook in export	manual book-level pairing	Bad Cree	Read	Book	2025-10-25	603189	32196470	B09YKRSDHT			provisional pairing accepted	Inspected title, author where supplied, and series context; descriptive suffix or sparse export metadata.	2702
Bad Creek	Peyton June	2025-10-25	2025-10-25	no read audiobook in export	title/author	Bad Creek	Read	Book	2025-10-25	1775794	31886825	B0F2W5DZWK	9798897560875		original exact match retained		
Sordidez	E.G. Condé	2025-10-26	2025-10-25	no read audiobook in export	identifier	Sordidez	Read	Ebook	2025-10-26	1149883	32066023	B0CXYNXF4M	9798875111020		original exact match retained		
The Sovereign	C. L. Clark	2025-10-27	2025-10-26	no read audiobook in export	identifier	The Sovereign	Read	Book	2025-10-27	824788	32320838	B0DTRM2YZL	9781668642177		original exact match retained		
The Mean Ones	Tatiana Schlote-Bonne	2025-10-28	2025-10-28	no read audiobook in export	identifier	The Mean Ones	Read	Book	2025-10-28	1996725	32364972	B0FNRZB6S8	9798349108259		original exact match retained		
I Am the Dark That Answers When You Call	Jamison Shea	2025-10-29	2025-10-28	no read audiobook in export	identifier	I Am the Dark That Answers When You Call	Read	Book	2025-10-29	1042661	32365018	B0CNFHVPKN	9781250363152		original exact match retained		
Cackle	Rachel Harrison	2025-11-01	2025-10-31	no read audiobook in export	title/author	Cackle	Read	Book	2025-11-01	454999	31132237	0593456866			original exact match retained		
Rules for Ghosting	Shelly Jay Shore	2025-11-01	2025-11-01	no read audiobook in export	identifier	Rules for Ghosting	Read	Book	2025-11-01	1295104	32365013	B0CT73WR71	9780593948118		original exact match retained		
I Will Never Leave You	Kara A. Kennedy	2025-11-02	2025-11-02	no read audiobook in export	identifier	I Will Never Leave You	Read	Book	2025-11-02	1083050	32365015	B0CLYPM756	9780593866047		original exact match retained		
Son of the Morning	Akwaeke Emezi	2025-11-08	2025-11-07	no read audiobook in export	manual book-level pairing	Son of the Morning	Read	Book	2025-11-08	1309659	32364979	B0DWNJWT78	9780063323216		provisional pairing accepted	Inspected title, author where supplied, and series context; descriptive suffix or sparse export metadata.	2720
The Macabre	Kosoko Jackson	2025-11-08	2025-11-08	no read audiobook in export	title/author	The Macabre	Read	Book	2025-11-08	1906178	32365041	B0DQF1T9R4	9780063394506		original exact match retained		
The Whistler	Nick Medina	2025-11-09	2025-11-08	no read audiobook in export	manual book-level pairing	The Whistler	Read	Book	2025-11-09	1906176	32364975		9780593820407		provisional pairing accepted	Inspected title, author where supplied, and series context; descriptive suffix or sparse export metadata.	2724
Killer Potential	Hannah Deitch	2025-11-10	2025-11-09	no read audiobook in export	title/author	Killer Potential	Read	Book	2025-11-10	1675540	31765613	B0D7WDBRV3	9780063356535		original exact match retained		
Cry, Voidbringer	Elaine Ho	2025-11-11	2025-11-10	no read audiobook in export	identifier	Cry, Voidbringer	Read	Book	2025-11-11	1897662	32365029	B0FSN95FPL	9798347023646		original exact match retained		
House of Monstrous Women	Daphne Fama	2025-11-15	2025-11-15	not marked read; no read audiobook in export; finish date missing/different	title/author	House of Monstrous Women	Want to Read	Book		1718141	31816288	B0DNLK64NY	9798217074853		original exact match retained		
Veal	Mackenzie Nolan	2025-11-26	2025-11-25	no read audiobook in export	title/author	Veal	Read	Book	2025-11-26	1906033	32052435	B0FR6MJK3Z	9798347021437		original exact match retained		
Bookshops & Bonedust	Travis Baldree	2025-11-26	2025-11-26	no read audiobook in export; finish date missing/different	title/author	Bookshops & Bonedust	Read	Book	2024-11-30	624232	30599331	B0BVKTF9XG	9781250910776		original exact match retained		
Faebound	Saara El-Arifi	2025-12-17	2025-12-16	no read audiobook in export	title/author	Faebound	Read	Book	2025-12-17	969050	31477425	B0C6YNVJJG	9780593823873		original exact match retained		
The Woods All Black	Lee Mandelo	2026-01-23	2026-01-23	not marked read; no read audiobook in export; finish date missing/different	title/author	The Woods All Black	Want to Read	Ebook		1070615	31094693	B0DT2DBKZT			original exact match retained		
Get Over It, April Evans	Ashley Herring Blake	2026-02-05	2026-02-05	no read audiobook in export	title/author	Get Over It, April Evans	Read	Book	2026-02-05	1951277	32108414	B0FBHZH8DL	9798217282500		original exact match retained		
The Left Hand of Darkness	Ursula K. Le Guin, Charlie Jane Anders - afterword	2026-02-19	2026-02-19	no read audiobook in export; finish date missing/different	title/author	The Left Hand of Darkness	Read	Book	2025-07-04	377842	9212187	B0CQQ275CT	9798891785106		original exact match retained		
Archmage's Ire	Pirateaba	2026-04-07	2026-04-04	no read audiobook in export	title/author	Archmage's Ire	Read	Ebook	2026-04-07	2237915	32468720	B0GFG5MKRY	9781039448292		original exact match retained		
Dead Silence	S.A. Barnes	2026-09-10	2026-09-09	not marked read; no read audiobook in export; finish date missing/different	identifier	Dead Silence	Currently Reading	Audio		475184	32143561	1250841348	9781250841346		original exact match retained		
