title	author	abs_finished	abs_started	issues	match	hardcover_title	status	media	hardcover_finished	book_id	edition_id	asin	isbn	candidates	review_decision	review_note	export_record_numbers
Bloom	Delilah S. Dawson	2025-01-10	2025-01-10	no read audiobook in export	title/author	Bloom	Read	Book	2025-01-10	838564	30851701	B0CYMQJ7H3			original exact match retained		
The Traitor Baru Cormorant	Seth Dickinson	2025-01-12	2025-01-11	no read audiobook in export	title/author	The Traitor Baru Cormorant	Read	Book	2025-01-12	441070	25267282	B014JUKKYM			original exact match retained		
The Art of Leaving	Ayelet Tsabari	2025-01-12	2025-01-12		title/author	The Art of Leaving	Read	Audio	2025-01-12	806204	31784637	198484105X			original exact match retained		
Iron Widow	Xiran Jay Zhao	2025-01-13	2025-01-12		identifier	Iron Widow	Read	Audio	2025-01-13	428759	31731455	0735269963			original exact match retained		
Huntsong	Pirateaba	2025-01-15	2025-01-13		title/author	Huntsong	Read	Audio	2025-01-15	1612366	31687410	B0DG45VJRF			original exact match retained		
I Who Have Never Known Men	Jacqueline Harpman	2025-01-15	2025-01-15	no read audiobook in export; finish date missing/different	title/author	I Who Have Never Known Men	Read	Book	2025-01-16	498097	30446998	1529191440			original exact match retained		
World Running Down	Al Hess	2025-01-18	2025-01-15	no read audiobook in export; finish date missing/different	title/author	World Running Down	Read	Book	2025-01-16	647337	30626715	B0C25C1QX3			original exact match retained		
The Weight of Ink	Rachel Kadish	2025-01-18	2025-01-16	no read audiobook in export; finish date missing/different	manual book-level pairing	The Weight of Ink	Read	Book	2025-01-17	431465	32164635	B0CTSQBMS2			provisional pairing accepted	Inspected title, author where supplied, and series context; descriptive suffix or sparse export metadata.	1372
Gravesong	Pirateaba	2025-01-20	2025-01-20	finish date missing/different	title/author	Gravesong	Read	Audio		763173	32058342	B0CSLV4CZ5			original exact match retained		
When Breath Becomes Air	Paul Kalanithi	2025-01-23	2025-01-23		title/author	When Breath Becomes Air	Read	Audio	2025-01-23	381825	13786887	B0191YTGI2			original exact match retained		
The Nesting Dolls	Alina Adams	2025-01-25	2025-01-25		title/author	The Nesting Dolls	Read	Audio	2025-01-25	514905	31876970	0063007746			original exact match retained		
The Luminous Dead	Caitlin Starling	2025-01-26	2025-01-25	no read audiobook in export	title/author	The Luminous Dead	Read	Book	2025-01-26	448080	30912658	0062898337			original exact match retained		
A Desolation Called Peace	Arkady Martine	2025-01-27	2025-01-26		identifier	A Desolation Called Peace	Read	Audio	2025-01-27	1377550	30550388	1250264081			original exact match retained		
The Well of Loneliness	Radclyffe Hall	2025-01-29	2025-01-27		title/author	The Well of Loneliness	Read	Audio	2025-01-29	245100	31913647	B089NYSK3D			original exact match retained		
Carmilla	Joseph Sheridan Le Fanu	2025-01-29	2025-01-25	no read audiobook in export; finish date missing/different	manual book-level pairing	Carmilla	Read	Book	2025-01-25	456589	3910455	B015RJL1Z6			paired manually	Joseph Sheridan Le Fanu / J. Sheridan Le Fanu; same title.	1382
This Is Real and You Are Completely Unprepared	Alan Lew, Norman Fischer - foreword	2025-01-29	2025-01-29	no read audiobook in export	manual book-level pairing	This Is Real and You Are Completely Unprepared: The Days of Awe as a Journey of Transformation	Read	Book	2025-01-29	18163	17329222	B07F2MJ86H			provisional pairing accepted	Inspected title, author where supplied, and series context; descriptive suffix or sparse export metadata.	571
Bless the Blood	Walela Nehanda	2025-01-30	2025-01-29	no read audiobook in export	manual book-level pairing	Bless the Blood: A Cancer Memoir	Read	Book	2025-01-30	1146109	31913561	B0C4VTZMWR			paired manually	Distinctive title plus A Cancer Memoir subtitle; export author blank.	1386
The Senator's Wife	Jen Lyon	2025-01-31	2025-01-30	no read audiobook in export; finish date missing/different	title/author	The Senator's Wife	Read	Ebook	2025-01-27	903069	30925097	B0CJ5XXCWH			original exact match retained		
Caught Sleeping	Jen Lyon	2025-02-01	2025-01-31	no read audiobook in export; finish date missing/different	title/author	Caught Sleeping	Read	Ebook	2025-01-31	1264955	31290008	B0CPNSLJV9			original exact match retained		
How to Become the Dark Lord and Die Trying	Django Wexler	2025-02-02	2025-02-01		title/author	How to Become the Dark Lord and Die Trying	Read	Audio	2025-02-02	1086192	31913600	B0CKXWFMS9			original exact match retained		
The Monster Baru Cormorant	Seth Dickinson	2025-02-05	2025-02-02	no read audiobook in export	title/author	The Monster Baru Cormorant	Read	Book	2025-02-05	118479	30405457	125031092X			original exact match retained		
Against the Inquisition	Marcos Aguinis, Carolina De Robertis - translator	2025-02-06	2025-02-02	no read audiobook in export	title/author	Against the Inquisition	Read	Book	2025-02-06	487722	30434535	B07D9TTLZN			original exact match retained		
Sorrowland	Rivers Solomon	2025-02-09	2025-02-08		identifier	Sorrowland	Read	Audio	2025-02-09	435914	30550672	125080440X			original exact match retained		
Single Player	Tara Tai	2025-02-13	2025-02-13	no read audiobook in export; finish date missing/different	manual book-level pairing	Single Player	Read	Book	2025-02-14	1402075	31891140	B0DDMPYRK8			provisional pairing accepted	Inspected title, author where supplied, and series context; descriptive suffix or sparse export metadata.	1399
Hammajang Luck	Makana Yamamoto	2025-02-17	2025-02-16	no read audiobook in export; finish date missing/different	title/author	Hammajang Luck	Read	Book	2025-02-18	1231119	31755203	B0D5KV534V			original exact match retained		
The Shadow of the Wind	Carlos Ruiz Zafón	2025-02-20	2025-02-19		title/author	The Shadow of the Wind	Read	Audio	2025-02-20	375470	30744609	B002V0QUJC			original exact match retained		
Hungerstone	Kat Dunn	2025-02-20	2025-02-20		title/author	Hungerstone	Read	Audio	2025-02-20	1125288	31913577	B0CLYLTFGM			original exact match retained		
Aurora's Angel	Emily Noon	2025-02-21	2025-02-20		title/author	Aurora's Angel	Read	Audio	2025-02-21	663862	31470798	1705231942			original exact match retained		
The Mimicking of Known Successes	Malka Older	2025-02-22	2025-02-21		title/author	The Mimicking of Known Successes	Read	Audio	2025-02-22	510297	31469013	B0BKR5JBBD	9798212246989		original exact match retained		
The Invisible Life of Addie LaRue	V. E. Schwab	2025-02-23	2025-02-22		identifier	The Invisible Life of Addie LaRue	Read	Audio	2025-02-23	427524	30550645	125077795X			original exact match retained		
Homeward	Angela Jackson-Brown	2025-02-23	2025-02-23	no read audiobook in export	title/author	Homeward	Read	Book	2025-02-23	880782	30899593	B0BZT7RB3P			original exact match retained		
You Don’t Know Us Negroes and Other Essays	Zora Neale Hurston, Henry Louis Gates - introduction, Genevieve West - introduction	2025-02-27	2025-02-26	finish date missing/different	title/author	You Don't Know Us Negroes and Other Essays	Read	Audio	2025-02-27,2025-02-27	1127565	31901477	0063043882			original exact match retained		
The Other March Sisters	Linda Epstein, Liz Parker, Ally Malinenko	2025-02-28	2025-02-27	no read audiobook in export	manual book-level pairing	The Other March Sisters	Read	Book	2025-02-28	1594487	31913571	B0DVD1F88M			provisional pairing accepted	Inspected title, author where supplied, and series context; descriptive suffix or sparse export metadata.	1408
The Tiger's Daughter	K Arsenault Rivera	2025-03-01	2025-02-28		title/author	The Tiger's Daughter	Read	Audio	2025-03-01	441125	31907978	B074ZPC3V6			original exact match retained		
The Phoenix Empress	K. Arsenault Rivera	2025-03-02	2025-03-01	no read audiobook in export; finish date missing/different	title/author	The Phoenix Empress	Read	Book	2025-03-03	485005	31913557	B07HGDL75T			original exact match retained		
The Warrior Moon	K. Arsenault Rivera	2025-03-05	2025-03-02	no read audiobook in export	title/author	The Warrior Moon	Read	Book	2025-03-05	465387	31913589	B07Y8PV55W			original exact match retained		
House of Crimson Hearts	Ruby Roe	2025-03-06	2025-03-05		title/author	House of Crimson Hearts	Read	Audio	2025-03-06	1180168	31918392	B0D893FC6M			original exact match retained		
House of Crimson Kisses	Ruby Roe	2025-03-07	2025-03-06		title/author	House of Crimson Kisses	Read	Audio	2025-03-07	1441667	31919855	B0DK66TWKN			original exact match retained		
House of Crimson Curses	Ruby Roe	2025-03-08	2025-03-07	no read audiobook in export	title/author	House of Crimson Curses	Read	Ebook	2025-03-08	1726588	31826802	B0DTBSRVNT			original exact match retained		
The Faithless	C. L. Clark	2025-03-11	2025-03-08		title/author	The Faithless	Read	Audio	2025-03-11	465103	31923820	B0BQ7L9F7D			original exact match retained		
The Unbroken	C. L. Clark	2025-03-11	2025-03-11	no read audiobook in export; finish date missing/different	title/author	The Unbroken	Read	Book	2025-01-07	428981	15344711	1549133861			original exact match retained		
The Whispering Dark	Kelly Andrew	2025-03-13	2025-03-11	no read audiobook in export	title/author	The Whispering Dark	Read	Book	2025-03-13	513331	30465712	B0B5YM97FR			original exact match retained		
She Who Became the Sun	Shelley Parker-Chan	2025-03-14	2025-03-13		identifier	She Who Became the Sun	Read	Audio	2025-03-14	431518	30738186	1250807808			original exact match retained		
He Who Drowned the World	Shelley Parker-Chan	2025-03-15	2025-03-14	no read audiobook in export; finish date missing/different	title/author	He Who Drowned the World	Read	Book	2025-03-16	1029526	31053978	B0BVKTKR92			original exact match retained		
The Unspoken Name	A. K. Larkwood	2025-03-17	2025-03-15		title/author	The Unspoken Name	Read	Audio	2025-03-17	440910	32164684	1250264065			original exact match retained		
The Thousand Eyes	A. K. Larkwood	2025-03-19	2025-03-17	no read audiobook in export; finish date missing/different	identifier	The Thousand Eyes	Read	Book	2025-03-20	465272	32164686	1250807883			original exact match retained		
The Bruising of Qilwa	Naseem Jamnia	2025-03-19	2025-03-19	no read audiobook in export; finish date missing/different	title/author	The Bruising of Qilwa	Read	Book	2025-03-20	512321	30464615	B0BLJ29Y83			original exact match retained		
Fire Logic	Laurie J. Marks	2025-03-21	2025-03-19	no read audiobook in export	title/author	Fire Logic	Read	Book	2025-03-21	101571	17323921		9781931520393		original exact match retained		
Earth Logic Elemental Logic, Book 2 (Unabridged)	Laurie J. Marks	2025-03-23	2025-03-21	no read audiobook in export	manual book-level pairing	Earth Logic	Read	Book	2025-03-23	458071	30433057				paired manually	Earth Logic; author and Elemental Logic volume 2 agree.	2190
Tigana	Guy Gavriel Kay	2025-03-26	2025-03-23	no read audiobook in export; finish date missing/different	title/author	Tigana	Read	Book	2025-03-27	432215	14299413	198009036X			original exact match retained		
Dungeon Crawler Carl	Matt Dinniman	2025-03-27	2025-03-26	no read audiobook in export	title/author	Dungeon Crawler Carl	Read	Ebook	2025-03-27	446681	30407789	B08V8B2CGV			original exact match retained		
Earthshaker: A LitRPG Progression Fantasy	Plum Parrot	2025-03-28	2025-03-27		title/author	Earthshaker: A LitRPG Progression Fantasy	Read	Audio	2025-03-28	1821351	31945251	B0DHW6BLHD			original exact match retained		
Pit Fighter: A LitRPG Progression Fantasy	Plum Parrot	2025-03-28	2025-03-28	finish date missing/different	manual book-level pairing	Pit Fighter	Read	Audio		1451509	31885299	B0BPJV2YYV			provisional pairing accepted	Inspected title, author where supplied, and series context; descriptive suffix or sparse export metadata.	1080
Dungeon Delver: A LitRPG Progression Fantasy	Plum Parrot	2025-03-28	2025-03-28	finish date missing/different	manual book-level pairing	Dungeon Delver	Read	Audio		1563860	31941684	B0BXBDB9QZ			provisional pairing accepted	Inspected title, author where supplied, and series context; descriptive suffix or sparse export metadata.	1090
Spirit Hunter: A LitRPG Progression Fantasy	Plum Parrot	2025-03-28	2025-03-28	finish date missing/different	manual book-level pairing	Spirit Hunter	Read	Audio		1563857	31941686	B0CB73F915			provisional pairing accepted	Inspected title, author where supplied, and series context; descriptive suffix or sparse export metadata.	1183
Titan Blood: A LitRPG Progression Fantasy	Plum Parrot	2025-03-28	2025-03-28	finish date missing/different	manual book-level pairing	Titan Blood	Read	Audio		1563858	31942127	B0CJ5WQDNL			provisional pairing accepted	Inspected title, author where supplied, and series context; descriptive suffix or sparse export metadata.	1190
Battlemaster	Plum Parrot	2025-03-28	2025-03-28	finish date missing/different	title/author	Battlemaster	Read	Audio		1563844	31628502	B0CR4KVCDQ			original exact match retained		
Magma Heart	Plum Parrot	2025-03-28	2025-03-28	finish date missing/different	title/author	Magma Heart	Read	Audio		1603700	31945310	B0CZVB6MXH			original exact match retained		
The Primal Hunter 10	Zogarth	2025-03-28	2025-03-28	no read audiobook in export; finish date missing/different	title/author	The Primal Hunter 10	Read	Ebook		1390898	31418098	B0DK41WV5K			original exact match retained		
The Primal Hunter 9: A LitRPG Adventure	Zogarth	2025-03-28	2025-03-28	no read audiobook in export; finish date missing/different	manual book-level pairing	The Primal Hunter 9	Read	Ebook		1175710	31229730	B0D6H2N1YL			provisional pairing accepted	Inspected title, author where supplied, and series context; descriptive suffix or sparse export metadata.	1060
The Primal Hunter 8	Zogarth	2025-03-28	2025-03-28	no read audiobook in export; finish date missing/different	title/author	The Primal Hunter 8	Read	Ebook		1160718	31225984	B0CQYVL43H			original exact match retained		
The Primal Hunter 7 - A LitRPG Adventure	Zogarth	2025-03-28	2025-03-28	no read audiobook in export; finish date missing/different	manual book-level pairing	The Primal Hunter 7	Read	Ebook		1093424	31229957	B0CLNJQQD7			provisional pairing accepted	Inspected title, author where supplied, and series context; descriptive suffix or sparse export metadata.	1055
The Primal Hunter 6	Zogarth	2025-03-28	2025-03-28	no read audiobook in export; finish date missing/different	title/author	The Primal Hunter 6	Read	Book		1093426	31117444	B0CC6FHBQM			original exact match retained		
The Primal Hunter 5	Zogarth	2025-03-28	2025-03-28	no read audiobook in export; finish date missing/different	title/author	The Primal Hunter 5	Read	Book		638217	30616101	B0C34GCYVT			original exact match retained		
Primal Hunter 4	Zogarth	2025-03-28	2025-03-28	no read audiobook in export; finish date missing/different	manual book-level pairing	The Primal Hunter 4	Read	Book		638200	30616085	B0BK9W82PQ			paired manually	Leading The omitted; Zogarth and volume 4 agree.	407
The Primal Hunter 3	Zogarth	2025-03-28	2025-03-28	no read audiobook in export; finish date missing/different	title/author	The Primal Hunter 3	Read	Book		995246	31019999	B0B6JM8KKV			original exact match retained		
The Primal Hunter 2	Zogarth	2025-03-28	2025-03-28	no read audiobook in export; finish date missing/different	title/author	The Primal Hunter 2	Read	Book		587445	30554096	B09V5RZFDG			original exact match retained		
The Primal Hunter	Zogarth	2025-03-28	2025-03-28	no read audiobook in export; finish date missing/different	title/author	The Primal Hunter	Read	Book	2024-11-04	587435	30554086	B09MWP4277			original exact match retained		
The Primal Hunter 11	Zogarth	2025-03-29	2025-03-28	no read audiobook in export	title/author	The Primal Hunter 11	Read	Ebook	2025-03-29	1450207	31491621	B0DWG4J2SH			original exact match retained		
The Jewel and Her Lapidary	Fran Wilde	2025-03-29	2025-03-29	not marked read; no read audiobook in export; finish date missing/different	title/author	The Jewel and Her Lapidary	Want to Read	Book		439200	30423919	B01FG740UC			original exact match retained		
The Weaver and the Witch Queen	Genevieve Gornichec	2025-03-30	2025-03-29	no read audiobook in export	title/author	The Weaver and the Witch Queen	Read	Book	2025-03-30	770904	30772732	B0BLZS8KCT			original exact match retained		
A Broken Blade	Melissa Blair	2025-03-31	2025-03-30	no read audiobook in export; finish date missing/different	title/author	A Broken Blade	Read	Ebook	2025-04-01	531621	30486720	B0B3GB8FYT			original exact match retained		
A Shadow Crown	Melissa Blair	2025-04-02	2025-04-01	no read audiobook in export	title/author	A Shadow Crown	Read	Book	2025-04-02	713429	31756761	B0BV8ZH4MN			original exact match retained		
Martyr!	Kaveh Akbar	2025-04-03	2025-04-02		identifier	Martyr!	Read	Audio	2025-04-03	1011167	31829366	B0C4C6RH3P			original exact match retained		
The Seven Husbands of Evelyn Hugo	Taylor Jenkins Reid	2025-04-03	2025-04-03		title/author	The Seven Husbands of Evelyn Hugo	Read	Audio	2025-04-03	340654	24217974	B072359S7K			original exact match retained		
Bianca Torre Is Afraid of Everything	Justine Pucella Winans	2025-04-04	2025-04-03	no read audiobook in export	title/author	Bianca Torre Is Afraid of Everything	Read	Book	2025-04-04	454010	30408716	B0B7CQ7CLD			original exact match retained		
Afterlove	Tanya Byrne	2025-04-04	2025-04-04	no read audiobook in export; finish date missing/different	identifier	Afterlove	Read	Book	2025-04-05	451957	31938123	1444962469			original exact match retained		
Last Night at the Telegraph Club	Malinda Lo	2025-04-05	2025-04-04		title/author	Last Night at the Telegraph Club	Read	Audio	2025-04-05	444262	30768018	0593341643			original exact match retained		
The Seep	Chana Porter	2025-04-05	2025-04-05		identifier	The Seep	Read	Audio	2025-04-05	452807	32164691	1721358595			original exact match retained		
You Exist Too Much	Zaina Arafat	2025-04-06	2025-04-05	no read audiobook in export	title/author	You Exist Too Much	Read	Book	2025-04-06	436333	21249776	1696601614			original exact match retained		
Yerba Buena	Nina LaCour	2025-04-06	2025-04-06		identifier	Yerba Buena	Read	Audio	2025-04-06	502345	31813249	1250837839			original exact match retained		
The Mercies	Kiran Millwood Hargrave	2025-04-07	2025-04-06		title/author	The Mercies	Read	Audio	2025-04-07	434670	8588498	1549150421			original exact match retained		
The Falling in Love Montage	Ciara Smyth	2025-04-08	2025-04-07	no read audiobook in export	title/author	The Falling in Love Montage	Read	Ebook	2025-04-08	441551	20420903	0063012553			original exact match retained		
An Unkindness of Ghosts	Rivers Solomon	2025-04-11	2025-04-08		title/author	An Unkindness of Ghosts	Read	Audio	2025-04-11	430969	30746686	B0752WK6HB			original exact match retained		
Ophelia After All	Racquel Marie	2025-04-12	2025-04-11	no read audiobook in export; finish date missing/different	manual book-level pairing	Ophelia After All	Read	Book	2025-04-13	455367	31673825	B09JYKJ4VM			provisional pairing accepted	Inspected title, author where supplied, and series context; descriptive suffix or sparse export metadata.	2006
Mistakes Were Made	Meryl Wilsner	2025-04-17	2025-04-15	no read audiobook in export	title/author	Mistakes Were Made	Read	Book	2025-04-17	504004	30454215	B09Q74K9DR			original exact match retained		
The Outside	Ada Hoffmann	2025-04-20	2025-04-17	finish date missing/different	title/author	The Outside	Read	Audio	2025-04-21	448770	31984396	1980014892			original exact match retained		
Love Points to You	Alice Lin	2025-04-22	2025-04-21	finish date missing/different	title/author	Love Points to You	Read	Audio	2025-04-24	1661068	32164633	B0D6C43D8B			original exact match retained		
The Spear Cuts Through Water	Simon Jimenez	2025-04-24	2025-04-20	finish date missing/different	title/author	The Spear Cuts Through Water	Read	Audio	2025-04-25	455897	31446098	B0D1ZDM86M			original exact match retained		
Hunger Makes the Wolf	Alex Wells	2025-04-25	2025-04-24		title/author	Hunger Makes the Wolf	Read	Audio	2025-04-25	469508	31988343	B06WRRWDDZ			original exact match retained		
The Devourers	Indra Das	2025-04-26	2025-04-25		title/author	The Devourers	Read	Audio	2025-04-26	441160	32164653	B01HZWVYZA			original exact match retained		
In the Ravenous Dark	A.M. Strickland	2025-04-26	2025-04-26	finish date missing/different	title/author	In the Ravenous Dark	Read	Audio	2025-04-28	1240181	31265197	1250834031			original exact match retained		
A Magic Steeped in Poison	Judy I. Lin	2025-04-28	2025-04-26		title/author	A Magic Steeped in Poison	Read	Audio	2025-04-28	455484	30663368	059355650X			original exact match retained		
To the Bone	Alena Bruzas	2025-04-28	2025-04-28	no read audiobook in export; finish date missing/different	title/author	To the Bone	Read	Book	2025-01-18	1463352	31507600	B0CQ8Y671Z			original exact match retained		
All the Bad Apples	Moïra Fowley-Doyle	2025-04-29	2025-04-28	no read audiobook in export; finish date missing/different	title/author	All the Bad Apples	Read	Book	2025-04-30	451272	5867129	059310613X			original exact match retained		
The Archer	Shruti Swamy	2025-04-29	2025-04-29	finish date missing/different	identifier	The Archer	Read	Audio	2025-04-30	455618	32164683	1649040776			original exact match retained		
From Dust, a Flame	Rebecca Podos	2025-04-30	2025-04-29		identifier	From Dust, a Flame	Read	Audio	2025-04-30	455180	31686938	0063220733			original exact match retained		
All the Hearts You Eat	Hailey Piper	2025-05-02	2025-04-30	no read audiobook in export	manual book-level pairing	All the Hearts You Eat	Read	Book	2025-05-02	1195091	32164640	B0CYF1XVFS			provisional pairing accepted	Inspected title, author where supplied, and series context; descriptive suffix or sparse export metadata.	2204
Amma	Saraid de Silva	2025-05-03	2025-05-02		identifier	Amma	Read	Audio	2025-05-03	1276188	31997848	B0F3BYZZD8			original exact match retained		
The Name-Bearer	Natalia Hernandez	2025-05-04	2025-05-04	no read audiobook in export; finish date missing/different	title/author	The Name-Bearer	Read	Book	2025-05-05	465215	30558066	B0CFBFHFV3			original exact match retained		
The Invisible Life of Addie LaRue	V.E. Schwab	2025-05-05	2025-05-05	finish date missing/different	identifier	The Invisible Life of Addie LaRue	Read	Audio	2025-02-23	427524	30550645	125077795X			original exact match retained		
The Tyrant Baru Cormorant	Seth Dickinson	2025-05-05	2025-05-05	no read audiobook in export; finish date missing/different	identifier	The Tyrant Baru Cormorant	Read	Book	2025-02-07	440878	31913595	1250264189			original exact match retained		
The Unbroken	C.L. Clark	2025-05-05	2025-05-05	no read audiobook in export; finish date missing/different	title/author	The Unbroken	Read	Book	2025-01-07	428981	15344711	1549133861			original exact match retained		
The Follower of Flowers	Natalia Hernandez	2025-05-05	2025-05-04	no read audiobook in export	title/author	The Follower of Flowers	Read	Book	2025-05-05	1112763	31267681	B0CNQSZLYW			original exact match retained		
The Last Hour Between Worlds	Melissa Caruso	2025-05-06	2025-05-05		title/author	The Last Hour Between Worlds	Read	Audio	2025-05-06	1088302	31958490	B0CYVK133R			original exact match retained		
Black Girl, Call Home	Jasmine Mans	2025-05-06	2025-05-06	not found in export								0593346874		Black House / Stephen King, Peter Straub, Frank Muller (Narrator) [Want to Read; Audio; book 381281] | Black Magic Sanction / Kim Harrison [Read; Book; book 278985] | Black Iris / Elliot Wake [Want to Read; Book; book 503909]	not found in export after manual review	No corresponding work found after reviewing same-author titles, series and blank-author export entries; fuzzy candidates rejected.	
Oath of Fire	K. Arsenault Rivera	2025-05-07	2025-05-07	no read audiobook in export; finish date missing/different	manual book-level pairing	Oath of Fire	Read	Book	2025-05-09	1160415	32164698	B0CQ8WVJGL			provisional pairing accepted	Inspected title, author where supplied, and series context; descriptive suffix or sparse export metadata.	2064
Quill and Still	Aaron Sofaer	2025-05-09	2025-05-07	not found in export								B0F3JZ9H4S		Grand Skill / Melas Delta, V.A.  Lewis [Read; Ebook; book 932975] | Unholy Land / Lavie Tidhar [Want to Read; Book; book 449988] | Planetfall / Emma Newman [Want to Read; Ebook; book 436902]	not found in export after manual review	No corresponding work found after reviewing same-author titles, series and blank-author export entries; fuzzy candidates rejected.	
Starling Days	Rowan Hisayo Buchanan	2025-05-10	2025-05-09	no read audiobook in export; finish date missing/different	title/author	Starling Days	Read	Book	2025-05-12	452004	32164632	109413807X			original exact match retained		
Overgrowth	Mira Grant	2025-05-11	2025-05-10	not marked read; no read audiobook in export; finish date missing/different	title/author	Overgrowth	Want to Read	Ebook		1634509	31844326	B0DFR282FJ			original exact match retained		
Here We Go Again	Alison Cochrun	2025-05-11	2025-05-11	finish date missing/different	title/author	Here We Go Again	Read	Audio	2025-02-07	735691	31600902	B0C87KGQ6D			original exact match retained		
All My Mother's Lovers	Ilana Masad	2025-05-11	2025-05-11	no read audiobook in export; finish date missing/different	identifier	All My Mother's Lovers	Read	Book	2025-01-11	456676	31913599	0593211111			original exact match retained		
Ruinsong	Julia Ember	2025-05-12	2025-05-11	not marked read; no read audiobook in export; finish date missing/different	title/author	Ruinsong	Want to Read	Book		40098	17580379	166205047X			original exact match retained		
Thirst	Marina Yuszczuk, Heather Cleary - translator	2025-05-12	2025-05-12	no read audiobook in export	title/author	Thirst	Read	Ebook	2025-05-12	1061518	31085639	B0CB98N62J			original exact match retained		
Sister, Maiden, Monster	Lucy A. Snyder	2025-05-12	2025-05-12	no read audiobook in export; finish date missing/different	manual book-level pairing	Sister, Maiden, Monster	Read	Book	2025-05-13	584716	31880259	B0B1KHB8LB			provisional pairing accepted	Inspected title, author where supplied, and series context; descriptive suffix or sparse export metadata.	2210
Don't Let the Forest In	C.G. Drews	2025-05-13	2025-05-12	not marked read; no read audiobook in export; finish date missing/different	title/author	Don't Let the Forest In	Want to Read	Book		1043383	31067702	B0D9WL1F4T			original exact match retained		
The Wicked and the Willing	Lianyu Tan	2025-05-14	2025-05-14	finish date missing/different	title/author	The Wicked and the Willing	Read	Audio	2025-05-15	1066141	31823023	B0BT8JG6PG			original exact match retained		
The Mermaid, the Witch, and the Sea	Maggie Tokuda-Hall	2025-05-15	2025-05-14	no read audiobook in export	title/author	The Mermaid, the Witch, and the Sea	Read	Book	2025-05-15	111330	31112267	1799748537			original exact match retained		
A Dowry of Blood	S.T. Gibson	2025-05-16	2025-05-15		title/author	A Dowry of Blood	Read	Audio	2025-05-16	450530	30716815	1666109029			original exact match retained		
Plain Bad Heroines	Emily M. Danforth	2025-05-17	2025-05-16	finish date missing/different	title/author	Plain Bad Heroines	Read	Audio	2025-05-18	429074	20316161	0062942883			original exact match retained		
Willa & Hesper	Amy Feltman	2025-05-18	2025-05-17	no read audiobook in export	title/author	Willa & Hesper	Read	Book	2025-05-18	449682	32164679	1478999810			original exact match retained		
Shut Up You’re Pretty	Téa Mutonji	2025-05-18	2025-05-18		identifier	Shut Up You're Pretty	Read	Audio	2025-05-18	449725	32164680	1773055593			original exact match retained		
Tryst Six Venom	Penelope Douglas	2025-05-18	2025-05-18	no read audiobook in export	title/author	Tryst Six Venom	Read	Book	2025-05-18	506111	30457149	B09KP18PC2			original exact match retained		
The Safekeep	Yael van der Wouden	2025-05-19	2025-05-19	no read audiobook in export; finish date missing/different	manual book-level pairing	The Safekeep	Read	Book	2025-01-05	1083952	31913555	B0CLFFDC9D			provisional pairing accepted	Inspected title, author where supplied, and series context; descriptive suffix or sparse export metadata.	1357
The Wandering Inn	Pirateaba	2025-05-19	2025-05-19	no read audiobook in export; finish date missing/different	title/author	The Wandering Inn	Read	Ebook		446694	31126148	1774240327			original exact match retained		
Hell's Wardens	Pirateaba	2025-05-19	2025-05-19	not marked read; no read audiobook in export; finish date missing/different	title/author	Hell's Wardens	Want to Read	Ebook		1576138	31901874	B0DCCZ5MG2			original exact match retained		
Fae and Fare	Pirateaba	2025-05-19	2025-05-19	no read audiobook in export; finish date missing/different	title/author	Fae and Fare	Read	Ebook		446699	30407810	1774241544			original exact match retained		
Flowers of Esthelm	Pirateaba	2025-05-19	2025-05-19	no read audiobook in export; finish date missing/different	title/author	Flowers of Esthelm	Read	Ebook		898265	30919996	1774248123			original exact match retained		
Winter Solstice	Pirateaba	2025-05-19	2025-05-19	finish date missing/different	title/author	Winter Solstice	Read	Audio		446666	31219798	1039403360			original exact match retained		
The Last Light	Pirateaba	2025-05-19	2025-05-19	no read audiobook in export; finish date missing/different	title/author	The Last Light	Read	Ebook		646503	30625722	B09FR6RBVY			original exact match retained		
The General of Izril	Pirateaba	2025-05-19	2025-05-19	finish date missing/different	title/author	The General of Izril	Read	Audio		1078919	30919994	B09SJ1T9KF			original exact match retained		
Rains of Liscor	Pirateaba	2025-05-19	2025-05-19	no read audiobook in export; finish date missing/different	manual book-level pairing	The Rains of Liscor	Read	Ebook		1128283	30698683	B09XYL9MQJ			paired manually	Leading The omitted; same author and Wandering Inn volume 7.	405
Blood of Liscor	Pirateaba	2025-05-19	2025-05-19	no read audiobook in export; finish date missing/different	title/author	Blood of Liscor	Read	Book		707984	30698682	B0BDP2WRX7			original exact match retained		
Tears of Liscor	Pirateaba	2025-05-19	2025-05-19	finish date missing/different	title/author	Tears of Liscor	Read	Audio		791490	31219801	B0BSS6X5KF			original exact match retained		
The Wind Runner	Pirateaba	2025-05-19	2025-05-19	no read audiobook in export; finish date missing/different	title/author	The Wind Runner	Read	Ebook		1080261	31104310	B0C82TS539			original exact match retained		
The Titan of Baleros	Pirateaba	2025-05-19	2025-05-19	no read audiobook in export; finish date missing/different	title/author	The Titan of Baleros	Read	Ebook		1080265	31104314	B0CFRKVQJ5			original exact match retained		
The Witch of Webs	Pirateaba	2025-05-19	2025-05-19	finish date missing/different	title/author	The Witch of Webs	Read	Audio		1465445	31510324	B0CXFCNFKZ			original exact match retained		
The Empress of Beasts	Pirateaba	2025-05-19	2025-05-19	no read audiobook in export; finish date missing/different	title/author	The Empress of Beasts	Read	Ebook		1494206	31525707	B0D7F6BZBC			original exact match retained		
Hearing Red	Nicole Maser	2025-05-19	2025-05-19	no read audiobook in export; finish date missing/different	title/author	Hearing Red	Read	Book	2025-01-10	1375141	31400189	B0DM9STYKM			original exact match retained		
Scorched Grace	Margot Douaihy	2025-05-19	2025-05-19	no read audiobook in export; finish date missing/different	title/author	Scorched Grace	Read	Book	2024-12-28	629297	30605528	B0BN6MJSC5			original exact match retained		
The Churn	James S. A. Corey	2025-05-19	2025-05-19	not marked read; no read audiobook in export; finish date missing/different	title/author	The Churn	Want to Read	Book		431008	30448347	B09JB2RSL3			original exact match retained		
The Churn	James S. A. Corey	2025-05-19	2025-05-19	not marked read; no read audiobook in export; finish date missing/different	title/author	The Churn	Want to Read	Book		431008	30448347	B09JB2RSL3			original exact match retained		
Leviathan Wakes	James S. A. Corey	2025-05-19	2025-05-19	no read audiobook in export; finish date missing/different	title/author	Leviathan Wakes	Read	Book		427621	30552943	B073H9PF2D			original exact match retained		
Leviathan Wakes	James S. A. Corey	2025-05-19	2025-05-19	no read audiobook in export; finish date missing/different	title/author	Leviathan Wakes	Read	Book		427621	30552943	B00P9XDQFY			original exact match retained		
Caliban's War	James S. A. Corey	2025-05-19	2025-05-19	no read audiobook in export; finish date missing/different	title/author	Caliban's War	Read	Book		434434	29504130	B075DK95GS			original exact match retained		
Caliban's War	James S. A. Corey	2025-05-19	2025-05-19	no read audiobook in export; finish date missing/different	title/author	Caliban's War	Read	Book		434434	29504130	B075DK95GS			original exact match retained		
Gods of Risk	James S. A. Corey	2025-05-19	2025-05-19	not marked read; no read audiobook in export; finish date missing/different	title/author	Gods of Risk	Want to Read	Audio		430926	8582300	B09JB97WRH			original exact match retained		
Gods of Risk	James S. A. Corey	2025-05-19	2025-05-19	not marked read; no read audiobook in export; finish date missing/different	title/author	Gods of Risk	Want to Read	Audio		430926	8582300	B09JB97WRH			original exact match retained		
Abaddon's Gate	James S. A. Corey	2025-05-19	2025-05-19	no read audiobook in export; finish date missing/different	title/author	Abaddon's Gate	Read	Book		430976	23959925	1549142194			original exact match retained		
Abaddon's Gate	James S. A. Corey	2025-05-19	2025-05-19	no read audiobook in export; finish date missing/different	title/author	Abaddon's Gate	Read	Book		430976	23959925	B00T6ODYMC			original exact match retained		
Cibola Burn	James S. A. Corey	2025-05-19	2025-05-19	no read audiobook in export; finish date missing/different	title/author	Cibola Burn	Read	Book		431006	30557817	B00K7PP15W			original exact match retained		
Nemesis Games	James S. A. Corey	2025-05-19	2025-05-19	no read audiobook in export; finish date missing/different	title/author	Nemesis Games	Read	Book		431010	30559887	B00Y1O1FYG			original exact match retained		
The Vital Abyss	James S. A. Corey	2025-05-19	2025-05-19	finish date missing/different	title/author	The Vital Abyss	Read	Audio		431012	30400891	B016MXFWII			original exact match retained		
The Vital Abyss	James S. A. Corey	2025-05-19	2025-05-19	finish date missing/different	title/author	The Vital Abyss	Read	Audio		431012	30400891	B016MXFWII			original exact match retained		
Babylon's Ashes	James S. A. Corey	2025-05-19	2025-05-19	no read audiobook in export; finish date missing/different	title/author	Babylon's Ashes	Read	Book		430940	1488067	B01D53NPLO			original exact match retained		
Strange Dogs	James S. A. Corey	2025-05-19	2025-05-19	no read audiobook in export; finish date missing/different	title/author	Strange Dogs	Read	Book		431017	30400895	B073X5V27J			original exact match retained		
Strange Dogs	James S. A. Corey	2025-05-19	2025-05-19	no read audiobook in export; finish date missing/different	title/author	Strange Dogs	Read	Book		431017	30400895	B073X5V27J			original exact match retained		
Persepolis Rising	James S. A. Corey	2025-05-19	2025-05-19	no read audiobook in export; finish date missing/different	title/author	Persepolis Rising	Read	Book		430938	30444881	B074XM52YQ	9781501965630		original exact match retained		
Auberon	James S. A. Corey	2025-05-19	2025-05-19	no read audiobook in export; finish date missing/different	title/author	Auberon	Read	Ebook		430999	30448357	1549170090			original exact match retained		
Tiamat's Wrath	James S. A. Corey	2025-05-19	2025-05-19	no read audiobook in export; finish date missing/different	title/author	Tiamat's Wrath	Read	Book	2025-12-15	430977	14025078	1980006520	9781980006527		original exact match retained		
Tiamat's Wrath	James S. A. Corey	2025-05-19	2025-05-19	no read audiobook in export; finish date missing/different	title/author	Tiamat's Wrath	Read	Book	2025-12-15	430977	14025078	1980006520			original exact match retained		
Leviathan Falls	James S.A. Corey	2025-05-19	2025-05-19	not marked read; no read audiobook in export; finish date missing/different	identifier	The Extinction Trials	Want to Read	Audio		507206	32096578	1980035962	9781980035961		original exact match retained		
Our Wives Under the Sea	Julia Armfield	2025-05-19	2025-05-19	no read audiobook in export; finish date missing/different	title/author	Our Wives Under the Sea	Read	Book	2025-01-25	473719	30394770	B09VTK47Q2	9781529017236		original exact match retained		
Moon Called	Patricia Briggs	2025-05-19	2025-05-19	finish date missing/different	title/author	Moon Called	Read	Audio		300524	21830706	B002V5GNJ4			original exact match retained		
Blood Bound	Patricia Briggs	2025-05-19	2025-05-19	no read audiobook in export; finish date missing/different	title/author	Blood Bound	Read	Ebook		244394	30536920	B002V1AG7S			original exact match retained		
Iron Kissed	Patricia Briggs	2025-05-19	2025-05-19	no read audiobook in export; finish date missing/different	title/author	Iron Kissed	Read	Book		476895	5319772	B002V8MOTY			original exact match retained		
Bone Crossed	Patricia Briggs	2025-05-19	2025-05-19	no read audiobook in export; finish date missing/different	title/author	Bone Crossed	Read	Book		430125	28811959	B002V9Z4SQ			original exact match retained		
Silver Borne	Patricia Briggs	2025-05-19	2025-05-19	no read audiobook in export; finish date missing/different	title/author	Silver Borne	Read	Book		286218	30400509	B003C1UL94			original exact match retained		
River Marked	Patricia Briggs	2025-05-19	2025-05-19	no read audiobook in export; finish date missing/different	title/author	River Marked	Read	Book		459761	31320601	B004O416JW			original exact match retained		
Frost Burned	Patricia Briggs	2025-05-19	2025-05-19	no read audiobook in export; finish date missing/different	title/author	Frost Burned	Read	Book		473412	30400510	B00BL7ZMTK			original exact match retained		
Night Broken	Patricia Briggs	2025-05-19	2025-05-19	no read audiobook in export; finish date missing/different	title/author	Night Broken	Read	Book		430206	30536938	B00I2WV0WA			original exact match retained		
Fire Touched	Patricia Briggs	2025-05-19	2025-05-19	no read audiobook in export; finish date missing/different	title/author	Fire Touched	Read	Book		429935	5156151	B01BI1X19Q			original exact match retained		
Silence Fallen	Patricia Briggs	2025-05-19	2025-05-19	no read audiobook in export; finish date missing/different	title/author	Silence Fallen	Read	Ebook		429936	3263984	B01MYVARKX			original exact match retained		
Storm Cursed	Patricia Briggs	2025-05-19	2025-05-19	no read audiobook in export; finish date missing/different	title/author	Storm Cursed	Read	Ebook		430482	30412140	069819604X			original exact match retained		
Smoke Bitten	Patricia Briggs	2025-05-19	2025-05-19	no read audiobook in export; finish date missing/different	title/author	Smoke Bitten	Read	Book		430205	18762229	0593165764			original exact match retained		
Soul Taken	Patricia Briggs	2025-05-19	2025-05-19	not marked read; no read audiobook in export; finish date missing/different	title/author	Soul Taken	Want to Read	Book		502017	30458465	0593553675			original exact match retained		
Shifting Shadows	Patricia Briggs	2025-05-19	2025-05-19	not found in export								B00MPWQ4WY		Hunting Ground / Patricia Briggs [Read; Book; book 209586] | A Gathering of Shadows / V. E. Schwab, Michael Kramer (Narrator), Kate Reading (Narrator) [Read; Audio; book 358274] | Heir to the Shadows / Anne Bishop [Read; Book; book 446147]	not found in export after manual review	No corresponding work found after reviewing same-author titles, series and blank-author export entries; fuzzy candidates rejected.	
Accidental Duelist	Jamie Davis, C.J. Davis	2025-05-19	2025-05-19	not found in export								B07GJ582SN		Accidental Thief /  [Read; Book; book 770163] | The Accidental Bite /  [Want to Read; Book; book 2156040] | An Accident of Stars / Foz Meadows [Want to Read; Book; book 327438]	not found in export after manual review	No corresponding work found after reviewing same-author titles, series and blank-author export entries; fuzzy candidates rejected.	
Accidental Raider	Jamie Davis, C.J. Davis	2025-05-19	2025-05-19	not found in export								B07J5QB538		Accidental Thief /  [Read; Book; book 770163] | The Accidental Bite /  [Want to Read; Book; book 2156040] | An Accident of Stars / Foz Meadows [Want to Read; Book; book 327438]	not found in export after manual review	No corresponding work found after reviewing same-author titles, series and blank-author export entries; fuzzy candidates rejected.	
Accidental Dragoon	Jamie Davis, C.J. Davis	2025-05-19	2025-05-19	not found in export								B07MKPG9ZH		Accidental Thief /  [Read; Book; book 770163] | Lady Dragon / A.M.  Strickland [Want to Read; Book; book 735349] | A Dance with Dragons / George R.R. Martin [Read; Ebook; book 144636]	not found in export after manual review	No corresponding work found after reviewing same-author titles, series and blank-author export entries; fuzzy candidates rejected.	
Scamps & Scoundrels	Eric Ugland	2025-05-19	2025-05-19	no read audiobook in export; finish date missing/different	title/author	Scamps & Scoundrels	Read	Book		995041	31019792	1541435362	9781541435360		original exact match retained		
Second Story Man	Eric Ugland	2025-05-19	2025-05-19	no read audiobook in export; finish date missing/different	title/author	Second Story Man	Read	Ebook		638178	30616063	154143644X	9781541436442		original exact match retained		
Skull and Thrones	Eric Ugland	2025-05-19	2025-05-19	no read audiobook in export; finish date missing/different	title/author	Skull and Thrones	Read	Ebook		638177	30616062	1541436458	9781541436459		original exact match retained		
War of the Posers	Eric Ugland	2025-05-19	2025-05-19	no read audiobook in export; finish date missing/different	title/author	War of the Posers	Read	Ebook		638176	30616061	1705236545	9781705236543		original exact match retained		
Seas the Day	Eric Ugland	2025-05-19	2025-05-19	no read audiobook in export; finish date missing/different	title/author	Seas the Day	Read	Ebook		638110	30615994	1705236561	9781705236567		original exact match retained		
High Gloom	Eric Ugland	2025-05-19	2025-05-19	no read audiobook in export; finish date missing/different	title/author	High Gloom	Read	Ebook		638109	30615993	1705236588	9781705236581		original exact match retained		
Back to One	Eric Ugland	2025-05-19	2025-05-19	no read audiobook in export; finish date missing/different	title/author	Back to One	Read	Ebook		637883	30615752	B09PSVRV4J	9781666176247		original exact match retained		
Trick of the Night	Eric Ugland	2025-05-19	2025-05-19	no read audiobook in export; finish date missing/different	title/author	Trick Of The Night	Read	Ebook		637863	30615732	B09XJ79C11	9781666176261		original exact match retained		
2 Lies, 2 Thrones	Eric Ugland	2025-05-19	2025-05-19	no read audiobook in export; finish date missing/different	manual book-level pairing	2 Lies, 2 Thrones	Read	Book		1981771	31687310	B0D7XWC9YR			provisional pairing accepted	Inspected title, author where supplied, and series context; descriptive suffix or sparse export metadata.	1089
The Golem and the Jinni	Helene Wecker	2025-05-19	2025-05-19	no read audiobook in export; finish date missing/different	manual book-level pairing	The Golem and the Djinni	Read	Book		498604	31510651	B00BU8KV2S			paired manually	Jinni / Djinni spelling variant; same author.	370
The Hidden Palace	Helene Wecker	2025-05-19	2025-05-19	no read audiobook in export; finish date missing/different	title/author	The Hidden Palace	Read	Book		434198	18067279	0063097370			original exact match retained		
The Hidden Palace	Helene Wecker	2025-05-19	2025-05-19	no read audiobook in export; finish date missing/different	title/author	The Hidden Palace	Read	Book		434198	18067279	0063097370			original exact match retained		
An Ancient Peace	Tanya Huff	2025-05-19	2025-05-19	no read audiobook in export; finish date missing/different	title/author	An Ancient Peace	Read	Ebook		458741	31687447	B014RNF5FA			original exact match retained		
A Peace Divided	Tanya Huff	2025-05-19	2025-05-19	no read audiobook in export; finish date missing/different	title/author	A Peace Divided	Read	Ebook		458742	31687368	B0711YPX7G			original exact match retained		
The Privilege of Peace	Tanya Huff	2025-05-19	2025-05-19	no read audiobook in export; finish date missing/different	title/author	The Privilege of Peace	Read	Book		461341	30524748	B07DNH7DCM			original exact match retained		
Valor's Choice	Tanya Huff	2025-05-19	2025-05-19	no read audiobook in export; finish date missing/different	title/author	Valor's Choice	Read	Book		458189	30433099	B002V5GTAM	9781400179923		original exact match retained		
The Better Part of Valor	Tanya Huff	2025-05-19	2025-05-19	no read audiobook in export; finish date missing/different	title/author	The Better Part of Valor	Read	Book		457634	30433060	B002VACF4Q	9781400179916		original exact match retained		
The Heart of Valor	Tanya Huff	2025-05-19	2025-05-19	no read audiobook in export; finish date missing/different	title/author	The Heart of Valor	Read	Book		325952	30424589	B002V8HIFE	9781400179893		original exact match retained		
Valor's Trial	Tanya Huff	2025-05-19	2025-05-19	no read audiobook in export; finish date missing/different	title/author	Valor's Trial	Read	Book		179916	15075092	B002V5D5WW	9781400179909		original exact match retained		
The Truth of Valor	Tanya Huff	2025-05-19	2025-05-19	no read audiobook in export; finish date missing/different	title/author	The Truth of Valor	Read	Book		283569	30520314	B00425UXPQ	9781400188390		original exact match retained		
Beneath the Dragoneye Moons	Selkie Myth	2025-05-19	2025-05-19	no read audiobook in export; finish date missing/different	manual book-level pairing	Oathbound Healer	Read	Ebook		637750	30615619	1039402259			paired manually	Oathbound Healer; Selkie Myth, series volume 1.	250
Beneath the Dragoneye Moons 2	Selkie Myth	2025-05-19	2025-05-19	no read audiobook in export; finish date missing/different	manual book-level pairing	Adventures in the Argo	Read	Ebook		637839	30615708	1039402313			paired manually	Adventures in the Argo; Selkie Myth, series volume 2.	44
Beneath the Dragoneye Moons 3	Selkie Myth	2025-05-19	2025-05-19	no read audiobook in export; finish date missing/different	manual book-level pairing	Ranger's Dawn	Read	Ebook		637838	30615707	B09CF14FKD			paired manually	Ranger's Dawn; Selkie Myth, series volume 3.	282
Beneath the Dragoneye Moons 4	Selkie Myth	2025-05-19	2025-05-19	no read audiobook in export; finish date missing/different	manual book-level pairing	Beyond the Wall	Read	Ebook		637837	30615706	B09L5BBJ6X			paired manually	Beyond the Wall; Selkie Myth, series volume 4.	1044
Beneath the Dragoneye Moons 5	Selkie Myth	2025-05-19	2025-05-19	no read audiobook in export; finish date missing/different	manual book-level pairing	Moonveiled Journeys	Read	Ebook		637836	30615705	B09SNZJ74S			paired manually	Moonveiled Journeys; Selkie Myth, series volume 5.	230
Beneath the Dragoneye Moons 6	Selkie Myth	2025-05-19	2025-05-19	no read audiobook in export; finish date missing/different	manual book-level pairing	Immortal Moments	Read	Ebook		637835	30615704	B09ZBKXSSD			paired manually	Immortal Moments; Selkie Myth, series volume 6.	187
Return to Remus	Selkie Myth	2025-05-19	2025-05-19	no read audiobook in export; finish date missing/different	title/author	Return to Remus	Read	Ebook		995089	31019840	B0BYQ5SXPP	9781039426092		original exact match retained		
New Horizons	Selkie Myth	2025-05-19	2025-05-19	no read audiobook in export; finish date missing/different	title/author	New Horizons	Read	Ebook		638242	30616126	B0C2RDTH2X	9781039426146		original exact match retained		
The Gladiator Gauntlet	Selkie Myth	2025-05-19	2025-05-19	no read audiobook in export; finish date missing/different	title/author	The Gladiator Gauntlet	Read	Ebook		638206	30616091	B0C673LP5N			original exact match retained		
Under Ashen Skies	Selkie Myth	2025-05-19	2025-05-19	no read audiobook in export; finish date missing/different	title/author	Under Ashen Skies	Read	Ebook		1182418	31207121	B0CP6T2DQP			original exact match retained		
Deadhouse Gates	Steven Erikson	2025-05-19	2025-05-19	no read audiobook in export; finish date missing/different	title/author	Deadhouse Gates	Read	Book		210733	17121546	B00BJ5YWLS			original exact match retained		
Memories of Ice	Steven Erikson	2025-05-19	2025-05-19	no read audiobook in export; finish date missing/different	title/author	Memories of Ice	Read	Book		133778	22499953	B00C295FWK			original exact match retained		
House of Chains	Steven Erikson	2025-05-19	2025-05-19	no read audiobook in export; finish date missing/different	title/author	House of Chains	Read	Book		130810	1528251	B00GUTGVEE			original exact match retained		
Midnight Tides	Steven Erikson	2025-05-19	2025-05-19	no read audiobook in export; finish date missing/different	title/author	Midnight Tides	Read	Book		289044	30426900	B00I2Y5NIK			original exact match retained		
Midnight Tides	Steven Erikson	2025-05-19	2025-05-19	no read audiobook in export; finish date missing/different	title/author	Midnight Tides	Read	Book		289044	30426900	1473555167			original exact match retained		
The Bonehunters	Steven Erikson	2025-05-19	2025-05-19	no read audiobook in export; finish date missing/different	title/author	The Bonehunters	Read	Book		44100	1527364	B00J7XLAUK			original exact match retained		
Reaper's Gale	Steven Erikson	2025-05-19	2025-05-19	no read audiobook in export; finish date missing/different	title/author	Reaper's Gale	Read	Book		236602	30557812	B00M4LRBY6			original exact match retained		
Toll the Hounds	Steven Erikson	2025-05-19	2025-05-19	no read audiobook in export; finish date missing/different	title/author	Toll the Hounds	Read	Book		309316	31792755	B00UO410TW			original exact match retained		
Toll the Hounds	Steven Erikson	2025-05-19	2025-05-19	no read audiobook in export; finish date missing/different	title/author	Toll the Hounds	Read	Book		309316	31792755	B00UO410TW			original exact match retained		
Dust of Dreams	Steven Erikson	2025-05-19	2025-05-19	finish date missing/different	title/author	Dust of Dreams	Read	Audio		446326	23479765	B00U0IPOSK			original exact match retained		
Dust of Dreams	Steven Erikson	2025-05-19	2025-05-19	finish date missing/different	title/author	Dust of Dreams	Read	Audio		446326	23479765	B00U0IPOSK			original exact match retained		
The Crippled God	Steven Erikson	2025-05-19	2025-05-19	no read audiobook in export; finish date missing/different	title/author	The Crippled God	Read	Ebook		440991	30512982	B0118MSZCI			original exact match retained		
Sing the Four Quarters	Tanya Huff	2025-05-19	2025-05-19	no read audiobook in export; finish date missing/different	title/author	Sing the Four Quarters	Read	Book		457167	30424588	B0784XT5NY			original exact match retained		
Fifth Quarter	Tanya Huff	2025-05-19	2025-05-19	no read audiobook in export; finish date missing/different	manual book-level pairing	Fifth Quarter	Read	Book		457209	30433189	B0778YPXSV			provisional pairing accepted	Inspected title, author where supplied, and series context; descriptive suffix or sparse export metadata.	837
No Quarter	Tanya Huff	2025-05-19	2025-05-19	no read audiobook in export; finish date missing/different	title/author	No Quarter	Read	Book		2026454	30433195	B078NHK2CT			original exact match retained		
The Quartered Sea	Tanya Huff	2025-05-19	2025-05-19	no read audiobook in export; finish date missing/different	title/author	The Quartered Sea	Read	Book		457216	30433193	B079J4Z328			original exact match retained		
Stray Cat Strut: A Young Lady's Journey to Becoming a Pop-Up Samurai	RavensDagger	2025-05-19	2025-05-19	finish date missing/different	title/author	Stray Cat Strut: A Young Lady's Journey to Becoming a Pop-Up Samurai	Read	Audio		768870	31149858	B09L5B5ZTK			original exact match retained		
Stray Cat Strut 2	RavensDagger	2025-05-19	2025-05-19	finish date missing/different	title/author	Stray Cat Strut 2	Read	Audio		918825	31149860	B0BDGK8QLF			original exact match retained		
Stray Cat Strut 3	RavensDagger	2025-05-19	2025-05-19	finish date missing/different	title/author	Stray Cat Strut 3	Read	Audio		917388	31149861	B0BLH1RPNG	9781039420342		original exact match retained		
Stray Cat Strut 4	RavensDagger	2025-05-19	2025-05-19	finish date missing/different	title/author	Stray Cat Strut 4	Read	Audio		768871	31149873	B0C2R4K4NH			original exact match retained		
Stray Cat Strut 5: A Cyberpunk LitRPG	RavensDagger	2025-05-19	2025-05-19	finish date missing/different	manual book-level pairing	Stray Cat Strut 5	Read	Audio		1125830	31150013	B0CHT5SLRV			provisional pairing accepted	Inspected title, author where supplied, and series context; descriptive suffix or sparse export metadata.	845
Metal from Heaven	August Clarke	2025-05-20	2025-05-18	no read audiobook in export	manual book-level pairing	Metal from Heaven	Read	Book	2025-05-20	1250823	32164700	B0DJRM6DPZ			provisional pairing accepted	Inspected title, author where supplied, and series context; descriptive suffix or sparse export metadata.	2110
A Blade So Black	L.L. McKinney	2025-05-20	2025-05-20	no read audiobook in export	title/author	A Blade So Black	Read	Book	2025-05-20	448891	7282278	1250207304			original exact match retained		
Quicksilver	Callie Hart	2025-05-21	2025-05-20		title/author	Quicksilver	Read	Audio	2025-05-21	1421303	31707189	B0DBJ8Y2K1			original exact match retained		
A Darker Shade of Magic	V. E. Schwab	2025-05-22	2025-05-22	no read audiobook in export; finish date missing/different	title/author	A Darker Shade of Magic	Read	Ebook		374090	30399523	B00VVZPEX6			original exact match retained		
Artificial Condition	Martha Wells	2025-05-22	2025-05-22	no read audiobook in export; finish date missing/different	title/author	Artificial Condition	Read	Book	2025-06-07	427537	7638727	B07BFDDWXN	9781501977831		original exact match retained		
Artificial Condition (Dramatized Adaptation)	Martha Wells	2025-05-22	2025-05-22	no read audiobook in export; edition scope needs review; finish date missing/different	manual book-level pairing	Artificial Condition	Read	Book	2025-06-07	427537	7638727	B0CK9HTFG5			paired manually	Same underlying work; dramatized edition is not established by this pairing.	37
Rogue Protocol	Martha Wells	2025-05-22	2025-05-22	finish date missing/different	identifier	Rogue Protocol	Read	Audio	2025-06-08	427560	30615281	B07D9RHRH5	9781501999796		original exact match retained		
Network Effect	Martha Wells	2025-05-22	2025-05-22	finish date missing/different	identifier	Network Effect	Read	Audio	2025-06-15	440171	30663334	1980021716			original exact match retained		
Fugitive Telemetry	Martha Wells	2025-05-22	2025-05-22	finish date missing/different	identifier	Fugitive Telemetry	Read	Audio	2025-06-15	435167	30404883	1980080631			original exact match retained		
Ink & Sigil	Kevin Hearne	2025-05-22	2025-05-22	no read audiobook in export; finish date missing/different	title/author	Ink & Sigil	Read	Book		430140	31515688	0593213882	9780593213889		original exact match retained		
Paper & Blood	Kevin Hearne	2025-05-22	2025-05-22	no read audiobook in export; finish date missing/different	title/author	Paper & Blood	Read	Book		430141	27174476	0593214919	9780593214916		original exact match retained		
Candle & Crow	Kevin Hearne	2025-05-22	2025-05-22	no read audiobook in export; finish date missing/different	title/author	Candle & Crow	Read	Book		1254793	31461371	B0CTNGWFB9			original exact match retained		
Electric Angel: A Cyberpunk LitRPG	Plum Parrot	2025-05-22	2025-05-22	no read audiobook in export; finish date missing/different	manual book-level pairing	Electric Angel	Read	Ebook		1603697	31677238	B0CBNFGWT2			provisional pairing accepted	Inspected title, author where supplied, and series context; descriptive suffix or sparse export metadata.	846
Ghost Chrysalis: A Dystopian Sci-Fi Adventure	Plum Parrot	2025-05-22	2025-05-22	no read audiobook in export; finish date missing/different	title/author	Ghost Chrysalis: A Dystopian Sci-Fi Adventure	Read	Book		1612310	31687333	B0CJ5V8JMM			original exact match retained		
Fortune's Envoy: A Dystopian Sci-Fi Adventure	Plum Parrot	2025-05-22	2025-05-22	no read audiobook in export; finish date missing/different	title/author	Fortune's Envoy: A Dystopian Sci-Fi Adventure	Read	Ebook		1612362	31687406	B0CPKT8GBD			original exact match retained		
Jovian Reverie	Plum Parrot	2025-05-22	2025-05-22	no read audiobook in export; finish date missing/different	manual book-level pairing	Jovian Reverie: A Dystopian Sci-Fi Adventure	Read	Book		1612275	31687284	B0CZPL4VRQ			provisional pairing accepted	Inspected title, author where supplied, and series context; descriptive suffix or sparse export metadata.	1108
By a Silver Thread	Rachel Aaron	2025-05-22	2025-05-22	no read audiobook in export; finish date missing/different	title/author	By a Silver Thread	Read	Book		1096992	31121017	B0C448L77M			original exact match retained		
With a Golden Sword	Rachel Aaron	2025-05-22	2025-05-22	no read audiobook in export; finish date missing/different	title/author	With a Golden Sword	Read	Book		1254290	31279351	B0CJSKZ24L			original exact match retained		
To the Bloody End	Rachel Aaron	2025-05-22	2025-05-22	no read audiobook in export; finish date missing/different	title/author	To the Bloody End	Read	Book		1254823	31279882	B0CT4B23YL			original exact match retained		
The Sins on Their Bones	Laura R. Samotin	2025-05-22	2025-05-22	no read audiobook in export; finish date missing/different	manual book-level pairing	The Sins on Their Bones	Read	Book	2024-11-23	1086190	31687459	B0CKS19LMM			provisional pairing accepted	Inspected title, author where supplied, and series context; descriptive suffix or sparse export metadata.	1285
Goddess Reborn!	Rain Harlow	2025-05-22	2025-05-22	not found in export								B0CNSC8DKW		Goddess Charging / Rain Harlow, Giancarlo Herrera (Narrator), Hannah Schooner (Narrator) [Read; Audio; book 1686900] | Goddess Alchemy / Rain Harlow, Giancarlo Herrera (Narrator), Hannah Schooner (Narrator) [Read; Audio; book 2905536] | Goddess of the River / Vaishnavi Patel [Want to Read; Book; book 969084]	not found in export after manual review	No corresponding work found after reviewing same-author titles, series and blank-author export entries; fuzzy candidates rejected.	
Goddess Descension	Rain Harlow	2025-05-22	2025-05-22	not found in export								B0CZ28P5T1		Goddess Charging / Rain Harlow, Giancarlo Herrera (Narrator), Hannah Schooner (Narrator) [Read; Audio; book 1686900] | Goddess Alchemy / Rain Harlow, Giancarlo Herrera (Narrator), Hannah Schooner (Narrator) [Read; Audio; book 2905536] | Goddess Expansion: An Isekai LitRPG Fantasy / Rain Harlow, Giancarlo Herrera (Narrator), Hannah Schooner (Narrator) [Read; Audio; book 1686901]	not found in export after manual review	No corresponding work found after reviewing same-author titles, series and blank-author export entries; fuzzy candidates rejected.	
Goddess Rising	Rain Harlow	2025-05-22	2025-05-22	not found in export								B0D82F669C		Goddess Charging / Rain Harlow, Giancarlo Herrera (Narrator), Hannah Schooner (Narrator) [Read; Audio; book 1686900] | Goddess Alchemy / Rain Harlow, Giancarlo Herrera (Narrator), Hannah Schooner (Narrator) [Read; Audio; book 2905536] | Wrath Goddess Sing /  [Read; Book; book 455447]	not found in export after manual review	No corresponding work found after reviewing same-author titles, series and blank-author export entries; fuzzy candidates rejected.	
Mandate of Heaven	Selkie Myth	2025-05-22	2025-05-22	no read audiobook in export; finish date missing/different	title/author	Mandate of Heaven	Read	Ebook		1131906	31319314	B0D48HJ8DC			original exact match retained		
Curious Beginnings	V.A. Lewis	2025-05-22	2025-05-22	no read audiobook in export; finish date missing/different	title/author	Curious Beginnings	Read	Ebook		638163	30616048	1039402895			original exact match retained		
A Demon's Pride: A LitRPG Adventure	V.A. Lewis	2025-05-22	2025-05-22	no read audiobook in export; finish date missing/different	manual book-level pairing	A Demon's Pride	Read	Ebook		637746	30615615	B09K4P7RR4			provisional pairing accepted	Inspected title, author where supplied, and series context; descriptive suffix or sparse export metadata.	2627
The Plaguelands	V.A. Lewis	2025-05-22	2025-05-22	no read audiobook in export; finish date missing/different	title/author	The Plaguelands	Read	Ebook		932977	30958101	B09QD834XT			original exact match retained		
Primeval Knowledge	V.A. Lewis	2025-05-22	2025-05-22	no read audiobook in export; finish date missing/different	title/author	Primeval Knowledge	Read	Ebook		932973	30958099	B0B69PVSKK			original exact match retained		
Corruption and Centinels	V.A. Lewis	2025-05-22	2025-05-22	no read audiobook in export; finish date missing/different	title/author	Corruption and Centinels	Read	Ebook		932974	30958098	B0BBWHPDSP	9781039414662		original exact match retained		
Grand Skill	V.A. Lewis	2025-05-22	2025-05-22	no read audiobook in export; finish date missing/different	title/author	Grand Skill	Read	Ebook		932975	30958097	B0C4QXTFCB	9781039427488		original exact match retained		
Wretched Insect: A LitRPG Adventure	V.A. Lewis	2025-05-22	2025-05-22	no read audiobook in export; finish date missing/different	manual book-level pairing	Wretched Insect	Read	Ebook		933069	30958193	B0CCYZ6SY6			provisional pairing accepted	Inspected title, author where supplied, and series context; descriptive suffix or sparse export metadata.	2623
The Treasures of Alexander: A LitRPG Adventure	V.A. Lewis	2025-05-22	2025-05-22	no read audiobook in export; finish date missing/different	manual book-level pairing	The Treasures of Alexander	Read	Ebook		933068	30958192	B0CJ3X78WQ			provisional pairing accepted	Inspected title, author where supplied, and series context; descriptive suffix or sparse export metadata.	2622
Hellprinces: A LitRPG Adventure	V.A. Lewis	2025-05-22	2025-05-22	no read audiobook in export; finish date missing/different	manual book-level pairing	Hellprinces	Read	Ebook		1459839	31503074	B0CLDB9854			provisional pairing accepted	Inspected title, author where supplied, and series context; descriptive suffix or sparse export metadata.	2621
To Play with Magic	Draith	2025-05-22	2025-05-22	no read audiobook in export; finish date missing/different	manual book-level pairing	To Play With Magic: A Mage Litrpg Adventure	Read	Ebook		1103492	31127508	B0CB728QS6			provisional pairing accepted	Inspected title, author where supplied, and series context; descriptive suffix or sparse export metadata.	993
Fleabag: A Monster Evolution LitRPG	SomeoneToForget	2025-05-22	2025-05-22	no read audiobook in export; finish date missing/different	title/author	Fleabag: A Monster Evolution LitRPG	Read	Book		1173884	31198351	B0CJK2Y3QF			original exact match retained		
Mistrunner: A Cyberpunk LitRPG	Nicholas Searcy	2025-05-22	2025-05-22	no read audiobook in export; finish date missing/different	title/author	Mistrunner: A Cyberpunk LitRPG	Read	Book		1612375	31687420	B0CGF5NL4G			original exact match retained		
Discount Armageddon	Seanan McGuire	2025-05-22	2025-05-22	no read audiobook in export; finish date missing/different	title/author	Discount Armageddon	Read	Book		439121	30742851	B00A4FS7YM			original exact match retained		
Discount Armageddon	Seanan McGuire	2025-05-22	2025-05-22	no read audiobook in export; finish date missing/different	title/author	Discount Armageddon	Read	Book		439121	30742851	B00A4FS7YM			original exact match retained		
Midnight Blue-Light Special	Seanan McGuire	2025-05-22	2025-05-22	no read audiobook in export; finish date missing/different	title/author	Midnight Blue-Light Special	Read	Ebook		468233	30447740	B00BFF3GS2			original exact match retained		
Half-Off Ragnarok	Seanan McGuire	2025-05-22	2025-05-22	no read audiobook in export; finish date missing/different	title/author	Half-Off Ragnarok	Read	Book		458732	30386067	B00K1ENZPC			original exact match retained		
Pocket Apocalypse	Seanan McGuire	2025-05-22	2025-05-22	no read audiobook in export; finish date missing/different	title/author	Pocket Apocalypse	Read	Book		340848	21363964	B00TFV51JU			original exact match retained		
Chaos Choreography	Seanan McGuire	2025-05-22	2025-05-22	no read audiobook in export; finish date missing/different	title/author	Chaos Choreography	Read	Book		459495	30385945	B01AO691QI			original exact match retained		
Magic for Nothing	Seanan McGuire	2025-05-22	2025-05-22	no read audiobook in export; finish date missing/different	title/author	Magic for Nothing	Read	Ebook		461498	30448030	B06XKL2HHS			original exact match retained		
Tricks for Free	Seanan McGuire	2025-05-22	2025-05-22	no read audiobook in export; finish date missing/different	title/author	Tricks for Free	Read	Ebook		461252	30385924	B079YWPXQK			original exact match retained		
That Ain't Witchcraft	Seanan McGuire	2025-05-22	2025-05-22	no read audiobook in export; finish date missing/different	title/author	That Ain't Witchcraft	Read	Ebook		476790	30411565	B07P7WV9HW			original exact match retained		
Imaginary Numbers	Seanan McGuire	2025-05-22	2025-05-22	no read audiobook in export; finish date missing/different	title/author	Imaginary Numbers	Read	Book		459504	30385939	B0853F753S			original exact match retained		
Calculated Risks	Seanan McGuire	2025-05-22	2025-05-22	no read audiobook in export; finish date missing/different	title/author	Calculated Risks	Read	Book		13688	1730076	B08XVM9PG7			original exact match retained		
Spelunking Through Hell	Seanan McGuire	2025-05-22	2025-05-22	no read audiobook in export; finish date missing/different	title/author	Spelunking Through Hell	Read	Book		476217	30397586	B09T7783R1			original exact match retained		
Backpacking Through Bedlam	Seanan McGuire	2025-05-22	2025-05-22	no read audiobook in export; finish date missing/different	title/author	Backpacking Through Bedlam	Read	Book		651393	30631997	B0BTTX5SPG			original exact match retained		
Aftermarket Afterlife	Seanan McGuire	2025-05-22	2025-05-22	no read audiobook in export; finish date missing/different	title/author	Aftermarket Afterlife	Read	Book		1084104	31108140	B0CQKL1MDF			original exact match retained		
A Small Town in Southern Illvaria: An Isekai LitRPG	Acaswell	2025-05-22	2025-05-22	no read audiobook in export; finish date missing/different	manual book-level pairing	A Small Town in Southern Illvaria	Read	Ebook		1019997	31044534	B0CFRK9ZK7			provisional pairing accepted	Inspected title, author where supplied, and series context; descriptive suffix or sparse export metadata.	40
Hunger Pangs	Joy Demorra	2025-05-22	2025-05-22	no read audiobook in export; edition scope needs review; finish date missing/different	manual book-level pairing	Hunger Pangs: True Love Bites: Fluff and Fangs	Read	Ebook	2025-01-06	573703	31708901	B0B2KC9FDB			provisional pairing accepted	ABS subtitle True Love Bites and series volume 1 agree; Fluff and Fangs variant not established.	1344
Rosemary and Rue	Seanan McGuire	2025-05-22	2025-05-22	no read audiobook in export; finish date missing/different	title/author	Rosemary and Rue	Read	Book		27719	31534965	B003N40JHE			original exact match retained		
A Local Habitation	Seanan McGuire	2025-05-22	2025-05-22	no read audiobook in export; finish date missing/different	title/author	A Local Habitation	Read	Book		458726	30395516	B003C232NK			original exact match retained		
An Artificial Night	Seanan McGuire	2025-05-22	2025-05-22	no read audiobook in export; finish date missing/different	title/author	An Artificial Night	Read	Ebook		458727	3381280	B00414KJUW			original exact match retained		
Late Eclipses	Seanan McGuire	2025-05-22	2025-05-22	no read audiobook in export; finish date missing/different	title/author	Late Eclipses	Read	Ebook		458728	30447776	B005Z4TH46			original exact match retained		
Late Eclipses	Seanan McGuire	2025-05-22	2025-05-22	no read audiobook in export; finish date missing/different	title/author	Late Eclipses	Read	Ebook		458728	30447776	B005Z4TH46			original exact match retained		
One Salt Sea	Seanan McGuire	2025-05-22	2025-05-22	no read audiobook in export; finish date missing/different	title/author	One Salt Sea	Read	Book		458729	30395478	B005Z3FGO2			original exact match retained		
Ashes of Honor	Seanan McGuire	2025-05-22	2025-05-22	no read audiobook in export; finish date missing/different	title/author	Ashes of Honor	Read	Ebook		461561	30447764	B00915EYF2			original exact match retained		
Chimes at Midnight	Seanan McGuire	2025-05-22	2025-05-22	finish date missing/different	title/author	Chimes at Midnight	Read	Audio		346426	10472692	B00EED7OP8			original exact match retained		
The Winter Long	Seanan McGuire	2025-05-22	2025-05-22	no read audiobook in export; finish date missing/different	title/author	The Winter Long	Read	Book		357084	24910611	B00N42IF8U			original exact match retained		
A Red-Rose Chain	Seanan McGuire	2025-05-22	2025-05-22	no read audiobook in export; finish date missing/different	title/author	A Red-Rose Chain	Read	Ebook		474220	30447757	B0118JBF1E			original exact match retained		
Once Broken Faith	Seanan McGuire	2025-05-22	2025-05-22	no read audiobook in export; finish date missing/different	title/author	Once Broken Faith	Read	Book		458731	30395321	B01KU8QI34			original exact match retained		
The Brightest Fell	Seanan McGuire	2025-05-22	2025-05-22	no read audiobook in export; finish date missing/different	title/author	The Brightest Fell	Read	Book		458745	30395283	B0759M7QK6			original exact match retained		
Night and Silence	Seanan McGuire	2025-05-22	2025-05-22	no read audiobook in export; finish date missing/different	title/author	Night and Silence	Read	Ebook		215626	32315185	B07H9BK8BS			original exact match retained		
A Killing Frost	Seanan McGuire	2025-05-22	2025-05-22	no read audiobook in export; finish date missing/different	title/author	A Killing Frost	Read	Book		459505	30397831	B08HZJBBGH			original exact match retained		
When Sorrows Come	Seanan McGuire	2025-05-22	2025-05-22	no read audiobook in export; finish date missing/different	title/author	When Sorrows Come	Read	Book		458748	30397731	B09G3L8WP1			original exact match retained		
Be the Serpent	Seanan McGuire	2025-05-22	2025-05-22	no read audiobook in export; finish date missing/different	title/author	Be the Serpent	Read	Book		651439	30632046	B0BDSXQS5W			original exact match retained		
Sleep No More	Seanan McGuire	2025-05-22	2025-05-22	no read audiobook in export; finish date missing/different	title/author	Sleep No More	Read	Book		460226	31141826	B0C7XFD1YZ			original exact match retained		
Sleep No More	Seanan McGuire	2025-05-22	2025-05-22	no read audiobook in export; finish date missing/different	title/author	Sleep No More	Read	Book		460226	31141826	B0C7XFD1YZ			original exact match retained		
The Innocent Sleep	Seanan McGuire	2025-05-22	2025-05-22	no read audiobook in export; finish date missing/different	title/author	The Innocent Sleep	Read	Book		1097245	31121269	B0CLGS2TC6			original exact match retained		
Some Desperate Glory	Emily Tesh	2025-05-22	2025-05-22	no read audiobook in export; finish date missing/different	title/author	Some Desperate Glory	Read	Book		465106	31501092	B09YHYSMCT			original exact match retained		
Starter Villain	John Scalzi	2025-05-22	2025-05-22	no read audiobook in export; finish date missing/different	title/author	Starter Villain	Read	Book		773299	30775702	B0C6FPMDGV			original exact match retained		
The Grim Guys	Eric Ugland	2025-05-22	2025-05-22	finish date missing/different	manual book-level pairing	Press Start	Read	Audio		995901	31020658	B0C3WP44HL			paired manually	Press Start; both sources identify Eric Ugland, The Grim Guys volume 1.	367
A Stitch in Time	Andrew J. Robinson	2025-05-22	2025-05-22	no read audiobook in export; finish date missing/different	title/author	A Stitch in Time	Read	Book		467318	30385001	B0C8VHYFJ5			original exact match retained		
The Three-Body Problem	Cixin Liu, Ken Liu	2025-05-22	2025-05-22	no read audiobook in export; finish date missing/different	title/author	The Three-Body Problem	Read	Book		208339	4682596	B0BVW67D5L			original exact match retained		
The Dark Forest	Cixin Liu, Joel Martinsen - translator	2025-05-22	2025-05-22	no read audiobook in export; finish date missing/different	title/author	The Dark Forest	Read	Book	2023-12-01	427838	30492103	B010PKSKBA			original exact match retained		
Death's End	Cixin Liu, Ken Liu - translator	2025-05-22	2025-05-22	no read audiobook in export; finish date missing/different	title/author	Death's End	Read	Book		427523	6929659	B01LW7OXWP			original exact match retained		
Ever After	Kim Harrison	2025-05-22	2025-05-22	no read audiobook in export; finish date missing/different	title/author	Ever After	Read	Book		477400	30453583	B009R9KG5E			original exact match retained		
The Undead Pool	Kim Harrison	2025-05-22	2025-05-22	no read audiobook in export; finish date missing/different	title/author	The Undead Pool	Read	Book		476182	30453582	B00HUBJFPI			original exact match retained		
American Demon	Kim Harrison	2025-05-22	2025-05-22	not marked read; no read audiobook in export; finish date missing/different	title/author	American Demon	Want to Read	Book		459465	30397980	0593214137			original exact match retained		
Million Dollar Demon	Kim Harrison	2025-05-22	2025-05-22	no read audiobook in export; finish date missing/different	title/author	Million Dollar Demon	Read	Book		461895	30397806	0593409744			original exact match retained		
Trouble with the Cursed	Kim Harrison	2025-05-22	2025-05-22	no read audiobook in export; finish date missing/different	title/author	Trouble with the Cursed	Read	Book		503501	30453575	B09GX6GXP1			original exact match retained		
Demons of Good and Evil	Kim Harrison	2025-05-22	2025-05-22	no read audiobook in export; finish date missing/different	title/author	Demons of Good and Evil	Read	Book		655482	30637115	B0BG96TCVH			original exact match retained		
Perfect Shadow	Brent Weeks	2025-05-22	2025-05-22	no read audiobook in export; finish date missing/different	title/author	Perfect Shadow	Read	Ebook		1950990	30412281	B0053ZUL9C			original exact match retained		
Night Angel Nemesis	Brent Weeks	2025-05-22	2025-05-22	not found in export								B0BHTX4773		Untitled Nemesis 3 / April Daniels [Want to Read; Ebook; book 1266256] | The Broken Eye / Brent Weeks [Read; Book; book 12127] | The Burning White / Brent Weeks [Read; Book; book 446514]	not found in export after manual review	No corresponding work found after reviewing same-author titles, series and blank-author export entries; fuzzy candidates rejected.	
The Way of Shadows	Brent Weeks	2025-05-22	2025-05-22	no read audiobook in export; finish date missing/different	title/author	The Way of Shadows	Read	Book		196346	30400849	B0BLXKN5FV	9781668629994		original exact match retained		
The Way of Shadows	Brent Weeks	2025-05-22	2025-05-22	no read audiobook in export; finish date missing/different	title/author	The Way of Shadows	Read	Book		196346	30400849	B09GWC6SB7			original exact match retained		
Shadow's Edge	Brent Weeks	2025-05-22	2025-05-22	no read audiobook in export; finish date missing/different	title/author	Shadow's Edge	Read	Book		249941	30598308	B0BLXMQ833	9781668630013		original exact match retained		
Beyond the Shadows	Brent Weeks	2025-05-22	2025-05-22	no read audiobook in export; finish date missing/different	title/author	Beyond the Shadows	Read	Book		59766	30819856	B0BLY76VZS	9781668630037		original exact match retained		
The Brightest Shadow	Sarah Lin	2025-05-22	2025-05-22	no read audiobook in export; finish date missing/different	title/author	The Brightest Shadow	Read	Book		446708	30407819	177424568X			original exact match retained		
The Mayor of Noobtown	Ryan Rimmel	2025-05-22	2025-05-22	no read audiobook in export; finish date missing/different	identifier	The Mayor of Noobtown	Read	Ebook		646489	30625708	1774240122			original exact match retained		
The Village of Noobtown	Ryan Rimmel	2025-05-22	2025-05-22	no read audiobook in export; finish date missing/different	manual book-level pairing	Village of Noobtown	Read	Ebook		646490	30625709	1774240963			paired manually	Leading The variation; same author and Noobtown volume 2.	447
Castle of the Noobs	Ryan Rimmel	2025-05-22	2025-05-22	no read audiobook in export; finish date missing/different	identifier	Castle of the Noobs	Read	Ebook		646488	30625707	177424389X			original exact match retained		
Dungeons and Noobs	Ryan Rimmel	2025-05-22	2025-05-22	no read audiobook in export; finish date missing/different	identifier	Dungeons and Noobs	Read	Ebook		646487	30625706	1774246678			original exact match retained		
Noob Game Plus	Ryan Rimmel	2025-05-22	2025-05-22	no read audiobook in export; finish date missing/different	identifier	Noob Game Plus	Read	Ebook		646486	30625705	1039400019			original exact match retained		
Nautical Noobs	Ryan Rimmel	2025-05-22	2025-05-22	no read audiobook in export; finish date missing/different	title/author	Nautical Noobs	Read	Ebook		646485	30625704	B09RRWFR4S			original exact match retained		
Tower of the Noobs	Ryan Rimmel	2025-05-22	2025-05-22	no read audiobook in export; finish date missing/different	title/author	Tower of the Noobs	Read	Ebook		646484	30625703	B0BRBRB95D			original exact match retained		
The Witch and the Vampire	Francesca Flores	2025-05-22	2025-05-22	no read audiobook in export; finish date missing/different	title/author	The Witch and the Vampire	Read	Book		490723	30438047	B0BQPPFTMF			original exact match retained		
Hive Minds Give Good Hugs	"Natalie ""Thundamoo"" Maher"	2025-05-22	2025-05-22	no read audiobook in export; finish date missing/different	manual book-level pairing	Hive Minds Give Good Hugs	Read	Ebook		917423	30941375	B0BBWT87ZT			paired manually	Natalie Maher / Thundamoo author alias; same title.	1177
Pattern Recognition	William Gibson	2025-05-22	2025-05-22	no read audiobook in export; finish date missing/different	title/author	Pattern Recognition	Read	Book		265984	30399419	B076MJR5K5			original exact match retained		
The Left-Handed Booksellers of London	Garth Nix	2025-05-22	2025-05-22	no read audiobook in export; finish date missing/different	title/author	The Left-Handed Booksellers of London	Read	Book		450849	20775551	0655691308			original exact match retained		
The Amazing Adventures of Kavalier & Clay	Michael Chabon	2025-05-22	2025-05-22	no read audiobook in export; finish date missing/different	title/author	The Amazing Adventures of Kavalier & Clay	Read	Book		467910	31547229	B00890C97U			original exact match retained		
Skyclad	Scott Browder	2025-05-22	2025-05-22	no read audiobook in export; finish date missing/different	title/author	Skyclad	Read	Book		637737	30615606	1774244209			original exact match retained		
Skybound	Scott Browder	2025-05-22	2025-05-22	no read audiobook in export; finish date missing/different	manual book-level pairing	Skybound	Read	Book		1612399	31687463	B0BBKGQKZF			provisional pairing accepted	Inspected title, author where supplied, and series context; descriptive suffix or sparse export metadata.	1281
Forge of Destiny	Yrsillar	2025-05-22	2025-05-22	not found in export								1774246856		Sword of Destiny / Peter Kenny (Narrator), David   French (Translator), Andrzej Sapkowski [Want to Read; Audio; book 445143] | Rules for Ghosting /  [Read; Book; book 1295104] | Redemption /  [Want to Read; Book; book 2156065]	not found in export after manual review	No corresponding work found after reviewing same-author titles, series and blank-author export entries; fuzzy candidates rejected.	
This Quest Is Broken!	J. P. Valentine	2025-05-22	2025-05-22	not found in export								B08Y97ZFVX		The Unbroken / C.L. Clark [Read; Book; book 428981] | The Kiss Quotient / Helen Hoang [Read; Book; book 358461] | The Broken Eye / Brent Weeks [Read; Book; book 12127]	not found in export after manual review	No corresponding work found after reviewing same-author titles, series and blank-author export entries; fuzzy candidates rejected.	
This Class Is Bonkers!	J. P. Valentine	2025-05-22	2025-05-22	not found in export								B0916BW7P9		This Princess Kills Monsters / Ry Herman [Want to Read; Ebook; book 1762952] | This Poison Heart / Kalynn  Bayron [Want to Read; Book; book 465278] | This Ends In Embers / Kamilah Cole [Want to Read; Book; book 1254914]	not found in export after manual review	No corresponding work found after reviewing same-author titles, series and blank-author export entries; fuzzy candidates rejected.	
This Guild Is Batty!	J. P. Valentine	2025-05-22	2025-05-22	not found in export								B09J1LKZ4R		This Gilded Abyss / Rebecca Thorne, Natalie Naudus (Narrator) [Read; Audio; book 945984] | This World Is Not Yours /  [Read; Book; book 1476223] | The Gilded Nest / Sarah Painter, Kate Rawson (Narrator) [Want to Read; Audio; book 2024041]	not found in export after manual review	No corresponding work found after reviewing same-author titles, series and blank-author export entries; fuzzy candidates rejected.	
This Plot Is Bananas!: A Comedy LitRPG Adventure (This Trilogy Is Broken, Book 4)	J. P. Valentine	2025-05-22	2025-05-22	not found in export								B09Q9BHGSS		Lost Souls and a Demoness 2: A LitRPG Adventure / N. C. Lux, Rebecca Woods (Narrator), Daryl Mayfield (Narrator) [Read; Audio; book 2065318] | Lost Souls and a Demoness 1: A LitRPG Adventure / Rebecca Woods (Narrator), Daryl Mayfield (Narrator), N. C. Lux [Read; Audio; book 2059425] | He Who Fights with Monsters 3: A LitRPG Adventure (He Who Fights with Monsters, Book 3) / Shirtaloon, Travis Deverell [Read; Audio; book 567926]	not found in export after manual review	No corresponding work found after reviewing same-author titles, series and blank-author export entries; fuzzy candidates rejected.	
A Damsel and a Demigod	Annette Marie	2025-05-22	2025-05-22	not marked read; no read audiobook in export; finish date missing/different	title/author	A Damsel and a Demigod	Want to Read	Ebook		460330	30411687	1705250521			original exact match retained		
Lucifer's Daughter	Kel Carpenter	2025-05-22	2025-05-22	not found in export								1541444809		The Tiger's Daughter / K Arsenault Rivera, Caroline McLaughlin (Narrator) [Read; Audio; book 441125] | City of Laughter /  [Read; Book; book 1061514] | Sheepfarmer's Daughter / Elizabeth Moon [Read; Book; book 441105]	not found in export after manual review	No corresponding work found after reviewing same-author titles, series and blank-author export entries; fuzzy candidates rejected.	
How to Defeat a Demon King in Ten Easy Steps	Andrew Rowe	2025-05-22	2025-05-22	not found in export								B086R2N27Y		How to Lose a Goblin in Ten Days: Tales from Hawthorne Cottage / Maggie  Bain (Narrator), Jessie Sylva [Read; Audio; book 1295756] | The Dangers of Smoking in Bed: Stories / Megan McDowell (Translator), Mariana Enríquez [Want to Read; Book; book 649235] | How to Hide an Empire: A History of the Greater United States / Daniel Immerwahr, Luis Moreno (Narrator) [Want to Read; Audio; book 89545]	not found in export after manual review	No corresponding work found after reviewing same-author titles, series and blank-author export entries; fuzzy candidates rejected.	
Thistlefoot	GennaRose Nethercott	2025-05-22	2025-05-22	no read audiobook in export; finish date missing/different	title/author	Thistlefoot	Read	Book		513055	31492087	B09S248CNP			original exact match retained		
The Lost Metal	Brandon Sanderson	2025-05-22	2025-05-22	no read audiobook in export; finish date missing/different	title/author	The Lost Metal	Read	Book		427863	30387670	B09N446YK7			original exact match retained		
Skinwalker	Faith Hunter	2025-05-22	2025-05-22	no read audiobook in export; finish date missing/different	title/author	Skinwalker	Read	Book		263142	6919719	B003EI2V2A			original exact match retained		
Blood Cross: Jane Yellowrock, Book 2	Faith Hunter	2025-05-22	2025-05-22	no read audiobook in export; finish date missing/different	manual book-level pairing	Blood Cross	Read	Ebook		59858	30520108	B003FQBS3Y			paired manually	Series suffix only; Faith Hunter and volume 2 agree.	66
Mercy Blade: Jane Yellowrock, Book 3	Faith Hunter	2025-05-22	2025-05-22	finish date missing/different	manual book-level pairing	Mercy Blade	Read	Audio		459421	30397826	B004GHJMPW			paired manually	Series suffix only; Faith Hunter and volume 3 agree.	225
Raven Cursed: Jane Yellowrock, Book 4	Faith Hunter	2025-05-22	2025-05-22	no read audiobook in export; finish date missing/different	manual book-level pairing	Raven Cursed	Read	Ebook		476427	30397813	B006OCV7L4			paired manually	Series suffix only; Faith Hunter and volume 4 agree.	281
Death's Rival	Faith Hunter	2025-05-22	2025-05-22	no read audiobook in export; finish date missing/different	title/author	Death's Rival	Read	Book		461184	30397793	B009IWTEDA			original exact match retained		
Blood Trade: Jane Yellowrock, Book 6	Faith Hunter	2025-05-22	2025-05-22	no read audiobook in export; finish date missing/different	manual book-level pairing	Blood Trade	Read	Book		458595	30397786	B00BMXYGMW			paired manually	Series suffix only; Faith Hunter and volume 6 agree.	68
Black Arts	Faith Hunter	2025-05-22	2025-05-22	no read audiobook in export; finish date missing/different	title/author	Black Arts	Read	Book		458598	30397548	B00GS3UDJQ			original exact match retained		
Broken Soul	Faith Hunter	2025-05-22	2025-05-22	finish date missing/different	title/author	Broken Soul	Read	Audio		458600	30397512	B00O3ITWUO			original exact match retained		
Dark Heir	Faith Hunter	2025-05-22	2025-05-22	no read audiobook in export; finish date missing/different	title/author	Dark Heir	Read	Book		458601	30397482	B00STWV7HG			original exact match retained		
Shadow Rites	Faith Hunter	2025-05-22	2025-05-22	no read audiobook in export; finish date missing/different	title/author	Shadow Rites	Read	Book		461186	30397698	B01C4Q08VI			original exact match retained		
Cold Reign	Faith Hunter	2025-05-22	2025-05-22	finish date missing/different	title/author	Cold Reign	Read	Audio		458892	30397667	B06XRL3HMS			original exact match retained		
Dark Queen	Faith Hunter	2025-05-22	2025-05-22	no read audiobook in export; finish date missing/different	title/author	Dark Queen	Read	Book		461185	30397630	B07BBWDLSV			original exact match retained		
Shattered Bonds	Faith Hunter	2025-05-22	2025-05-22	no read audiobook in export; finish date missing/different	title/author	Shattered Bonds	Read	Book		458515	30397611	B07YQ7WQ7P			original exact match retained		
True Dead	Faith Hunter	2025-05-22	2025-05-22	no read audiobook in export; finish date missing/different	title/author	True Dead	Read	Book		461131	30397744	B09FMVRLMV			original exact match retained		
Final Heir	Faith Hunter	2025-05-22	2025-05-22	no read audiobook in export; finish date missing/different	title/author	Final Heir	Read	Book		523743	30477382	B0BGJQT3SN			original exact match retained		
Mort	Terry Pratchett	2025-05-22	2025-05-22	finish date missing/different	identifier	Mort	Read	Audio		55176	32185223	B09LZ58X8G			original exact match retained		
Soul Music	Terry Pratchett	2025-05-22	2025-05-22	not found in export								B09LZ4VWCJ		Exile Music / Jennifer Steil [Want to Read; Book; book 742006] | Soulstar / C.L. Polk [Want to Read; Book; book 448944] | Guards! Guards! / Terry Pratchett [Read; Book; book 446212]	not found in export after manual review	No corresponding work found after reviewing same-author titles, series and blank-author export entries; fuzzy candidates rejected.	
When the Angels Left the Old Country	Sacha Lamb	2025-05-22	2025-05-22	no read audiobook in export; finish date missing/different	manual book-level pairing	When the Angels Left the Old Country	Read	Book		649200	31687339	B0B8Q94TMJ			provisional pairing accepted	Inspected title, author where supplied, and series context; descriptive suffix or sparse export metadata.	1126
The Rook	Daniel O'Malley	2025-05-22	2025-05-22	no read audiobook in export; finish date missing/different	title/author	The Rook	Read	Book		431967	30646133	B007FTJKRI			original exact match retained		
Stiletto	Daniel O'Malley	2025-05-22	2025-05-22	no read audiobook in export; finish date missing/different	title/author	Stiletto	Read	Book		439892	30405417	B01DDZBJM6			original exact match retained		
Blitz	Daniel O'Malley	2025-05-22	2025-05-22	no read audiobook in export; finish date missing/different	title/author	Blitz	Read	Book		440157	30404888	B0B2HX7DN6			original exact match retained		
The Yiddish Policemen's Union	Michael Chabon	2025-05-22	2025-05-22	no read audiobook in export; finish date missing/different	title/author	The Yiddish Policemen's Union	Read	Book		377099	16913880	B01F9PHNB4			original exact match retained		
Oberon's Meaty Mysteries: The Squirrel on the Train	Kevin Hearne	2025-05-22	2025-05-22	not found in export								B0759RM27B		The Grimoire of the Lamb / Kevin Hearne [Read; Book; book 1612285] | A Test of Mettle / Kevin Hearne [Read; Ebook; book 429339] | Shattered / Kevin Hearne [Read; Book; book 270843]	not found in export after manual review	No corresponding work found after reviewing same-author titles, series and blank-author export entries; fuzzy candidates rejected.	
Hounded	Kevin Hearne	2025-05-22	2025-05-22	no read audiobook in export; finish date missing/different	title/author	Hounded	Read	Book		428349	27980853	B004V4OD04			original exact match retained		
Hexed	Kevin Hearne	2025-05-22	2025-05-22	no read audiobook in export; finish date missing/different	title/author	Hexed	Read	Book		429262	30492474	B0052FRKMO			original exact match retained		
Hammered	Kevin Hearne	2025-05-22	2025-05-22	no read audiobook in export; finish date missing/different	title/author	Hammered	Read	Book		135686	31687350	B0057HS0NK			original exact match retained		
Tricked	Kevin Hearne	2025-05-22	2025-05-22	no read audiobook in export; finish date missing/different	title/author	Tricked	Read	Book		429264	31687390	B007V55FJ8	9780449013052		original exact match retained		
Trapped	Kevin Hearne	2025-05-22	2025-05-22	no read audiobook in export; finish date missing/different	title/author	Trapped	Read	Book		429265	31475388	B009PRHPMU	9780449013076		original exact match retained		
Hunted	Kevin Hearne	2025-05-22	2025-05-22	finish date missing/different	identifier	Hunted	Read	Audio		429189	30400227	B00CP5CC9U	9780449013090		original exact match retained		
Shattered	Kevin Hearne	2025-05-22	2025-05-22	no read audiobook in export; finish date missing/different	title/author	Shattered	Read	Book		270843	31687375	B00JV2RPQ0	9780804147903		original exact match retained		
Staked	Kevin Hearne	2025-05-22	2025-05-22	no read audiobook in export; finish date missing/different	title/author	Staked	Read	Book		150498	31343336	B017WQALGM	9780804147927		original exact match retained		
Scourged	Kevin Hearne	2025-05-22	2025-05-22	no read audiobook in export; finish date missing/different	title/author	Scourged	Read	Book		459290	31687289	B075H2KL3X	9780804147941		original exact match retained		
The Purloined Poodle	Kevin Hearne	2025-05-22	2025-05-22	not found in export								B01J2G1K3I		The Grimoire of the Lamb / Kevin Hearne [Read; Book; book 1612285] | Paper & Blood / Kevin Hearne [Read; Book; book 430141] | The Undead Pool / Kim Harrison [Read; Book; book 476182]	not found in export after manual review	No corresponding work found after reviewing same-author titles, series and blank-author export entries; fuzzy candidates rejected.	
Two Tales of the Iron Druid Chronicles	Kevin Hearne	2025-05-22	2025-05-22	no read audiobook in export; edition scope needs review; finish date missing/different	manual book-level pairing	Kaibab Unbound | A Test of Mettle	Read	Book | Ebook	 | 	1192413,429339	31217215,30400064	B00XUMA190			paired manually	Audible B00XUMA190 description names Kaibab Unbound and A Test of Mettle; both are Read in export. Combined edition not established. Source: https://www.audible.com/pd/B00XUMA190	202,42
Carniepunk: The Demon Barker of Wheat Street	Kevin Hearne	2025-05-22	2025-05-22	no read audiobook in export; finish date missing/different	manual book-level pairing	Carniepunk	Read	Book		468512	31687426	B00NBAXV6G	9781442383678		provisional pairing accepted	Carniepunk is a 38-page Kevin Hearne record in Iron Druid, consistent with the standalone Demon Barker story, not the full anthology.	1280
Grimoire of the Lamb	Kevin Hearne	2025-05-22	2025-05-22	no read audiobook in export; finish date missing/different	manual book-level pairing	The Grimoire of the Lamb	Read	Book		1612285	31687301	B00CLR5884	9780804128827		paired manually	Leading The variation; same author.	1105
Three Slices	Kevin Hearne, Delilah S. Dawson, Chuck Wendig	2025-05-22	2025-05-22	no read audiobook in export; finish date missing/different	manual book-level pairing	Three Slices	Read	Book		1105681	31129705	B00VTQ8TO8			paired manually	Export credits coauthor Delilah S. Dawson; ABS also credits Hearne and Wendig.	3203
Lirael	Garth Nix	2025-05-22	2025-05-22	no read audiobook in export; finish date missing/different	title/author	Lirael	Read	Book		52026	27437335	B002V02R62			original exact match retained		
Sabriel	Garth Nix	2025-05-22	2025-05-22	no read audiobook in export; finish date missing/different	title/author	Sabriel	Read	Book		118111	30880083	B002UUP42M			original exact match retained		
Randomize	Andy Weir	2025-05-22	2025-05-22	not marked read; no read audiobook in export; finish date missing/different	title/author	Randomize	Want to Read	Ebook		427926	30390694	1978650817			original exact match retained		
Escape From Yokai Land	Charles Stross	2025-05-22	2025-05-22	no read audiobook in export; finish date missing/different	title/author	Escape from Yokai Land	Read	Book		563807	31103983	1705035183			original exact match retained		
The Martian	Andy Weir	2025-05-22	2025-05-22	no read audiobook in export; finish date missing/different	title/author	The Martian	Read	Book		292354	12841480	B082BHJMFF			original exact match retained		
The Martian	Andy Weir	2025-05-22	2025-05-22	no read audiobook in export; finish date missing/different	title/author	The Martian	Read	Book		292354	12841480	B082BHJMFF			original exact match retained		
The Calculating Stars	Mary Robinette Kowal	2025-05-22	2025-05-22	no read audiobook in export; finish date missing/different	title/author	The Calculating Stars	Read	Book		186438	28439044	B07DVCTB9R			original exact match retained		
Word Puppets	Mary Robinette Kowal	2025-05-22	2025-05-22	not found in export								1515947459		Rocket's Red / Mary Robinette Kowal [Want to Read; Ebook; book 1091770] | We Interrupt This Broadcast / Mary Robinette Kowal [Want to Read; Ebook; book 571188] | Wolf Worm / T. Kingfisher, Mary Robinette Kowal (Narrator) [Read; Audio; book 2007613]	not found in export after manual review	No corresponding work found after reviewing same-author titles, series and blank-author export entries; fuzzy candidates rejected.	
The Fated Sky	Mary Robinette Kowal	2025-05-22	2025-05-22	no read audiobook in export; finish date missing/different	title/author	The Fated Sky	Read	Book		459558	31505262	B07G8FH9H7			original exact match retained		
The Relentless Moon	Mary Robinette Kowal	2025-05-22	2025-05-22	no read audiobook in export; finish date missing/different	title/author	The Relentless Moon	Read	Book		273891	30337469	B08B7G68YV			original exact match retained		
Middlegame	Seanan McGuire	2025-05-22	2025-05-22	no read audiobook in export; finish date missing/different	title/author	Middlegame	Read	Book		428651	22783788	1250223350			original exact match retained		
Seasonal Fears	Seanan McGuire	2025-05-22	2025-05-22	not found in export								B09GHB3NCM		In Sea-Salt Tears / Seanan McGuire [Want to Read; Ebook; book 460943] | Heaps of Pearl / Seanan McGuire [Want to Read; Ebook; book 460941] | Dreams and Slumbers / Seanan McGuire [Want to Read; Book; book 995434]	not found in export after manual review	No corresponding work found after reviewing same-author titles, series and blank-author export entries; fuzzy candidates rejected.	
Heir of Fire	Sarah J. Maas	2025-05-22	2025-05-22	no read audiobook in export; finish date missing/different	title/author	Heir of Fire	Read	Book		1363844	30432118	B09CHB2YXJ			original exact match retained		
Tower of Dawn	Sarah J. Maas	2025-05-22	2025-05-22	no read audiobook in export; finish date missing/different	title/author	Tower of Dawn	Read	Book		429015	30852060	B0759X8K2X			original exact match retained		
Kingdom of Ash	Sarah J. Maas	2025-05-22	2025-05-22	no read audiobook in export; finish date missing/different	title/author	Kingdom of Ash	Read	Book		429018	7875136	B07J682QY2			original exact match retained		
Empire of Storms	Sarah J. Maas	2025-05-22	2025-05-22	no read audiobook in export; finish date missing/different	title/author	Empire of Storms	Read	Book		183545	30825891	B01KIQVHL6			original exact match retained		
Throne of Glass	Sarah J. Maas	2025-05-22	2025-05-22	no read audiobook in export; finish date missing/different	title/author	Throne of Glass	Read	Book		39629	30809266	1547607548			original exact match retained		
Queen of Shadows	Sarah J. Maas	2025-05-22	2025-05-22	no read audiobook in export; finish date missing/different	title/author	Queen of Shadows	Read	Book		153090	30606003	B012BTUEVC			original exact match retained		
Midnight Riot	Ben Aaronovitch	2025-05-22	2025-05-22	no read audiobook in export; finish date missing/different	manual book-level pairing	Rivers of London	Read	Book		440003	11302913	B009CZNUGU	9781452680071		paired manually	US title for Rivers of London; Ben Aaronovitch, first Rivers of London novel.	677
Moon Over Soho	Ben Aaronovitch	2025-05-22	2025-05-22	no read audiobook in export; finish date missing/different	title/author	Moon Over Soho	Read	Book		5921	11058082	B009CZN2AE	9781452680088		original exact match retained		
Whispers Under Ground	Ben Aaronovitch	2025-05-22	2025-05-22	no read audiobook in export; finish date missing/different	title/author	Whispers Under Ground	Read	Book		432534	2076729	B009D126RC	9781452680095		original exact match retained		
Broken Homes	Ben Aaronovitch	2025-05-22	2025-05-22	no read audiobook in export; finish date missing/different	title/author	Broken Homes	Read	Book		160470	8347118	B00IA53J6Y			original exact match retained		
Foxglove Summer	Ben Aaronovitch	2025-05-22	2025-05-22	no read audiobook in export; finish date missing/different	title/author	Foxglove Summer	Read	Book		432535	2908469	B00QXW6NY6			original exact match retained		
The Hanging Tree	Ben Aaronovitch	2025-05-22	2025-05-22	no read audiobook in export; finish date missing/different	title/author	The Hanging Tree	Read	Book		432529	31515597	B01MY0246S			original exact match retained		
Lies Sleeping	Ben Aaronovitch	2025-05-22	2025-05-22	no read audiobook in export; finish date missing/different	title/author	Lies Sleeping	Read	Book		432531	30428661	1984890751			original exact match retained		
False Value	Ben Aaronovitch	2025-05-22	2025-05-22	no read audiobook in export; finish date missing/different	title/author	False Value	Read	Book		432525	27751819	059316735X			original exact match retained		
Amongst Our Weapons	Ben Aaronovitch	2025-05-22	2025-05-22	no read audiobook in export; finish date missing/different	title/author	Amongst Our Weapons	Read	Book		476216	30826253	B09P8WS16M			original exact match retained		
A Rare Book of Cunning Device	Ben Aaronovitch	2025-05-22	2025-05-22	finish date missing/different	title/author	A Rare Book of Cunning Device	Read	Audio		459906	30397428	B071NDRLBK			original exact match retained		
Guards! Guards!	Terry Pratchett	2025-05-22	2025-05-22	no read audiobook in export; finish date missing/different	title/author	Guards! Guards!	Read	Book		446212	12591508	B0032NANJA			original exact match retained		
Guards! Guards!	Terry Pratchett	2025-05-22	2025-05-22	no read audiobook in export; finish date missing/different	title/author	Guards! Guards!	Read	Book		446212	12591508	B0032NANJA			original exact match retained		
Guards! Guards!	Terry Pratchett, Ben Aaronovitch - afterword	2025-05-22	2025-05-22	no read audiobook in export; finish date missing/different	title/author	Guards! Guards!	Read	Book		446212	12591508	B09M8WGGBN			original exact match retained		
Men at Arms	Terry Pratchett	2025-05-22	2025-05-22	no read audiobook in export; finish date missing/different	title/author	Men at Arms	Read	Book		446110	14070015	B0032N8VPS			original exact match retained		
Men at Arms	Terry Pratchett	2025-05-22	2025-05-22	no read audiobook in export; finish date missing/different	title/author	Men at Arms	Read	Book		446110	14070015	B09MDKMN8R			original exact match retained		
California Demon	Debra Dunbar	2025-05-22	2025-05-22	no read audiobook in export; finish date missing/different	manual book-level pairing	California Demon: An Imp World Urban Fantasy	Read	Book		1612290	31687307	B08XZVZ9DG			provisional pairing accepted	Inspected title, author where supplied, and series context; descriptive suffix or sparse export metadata.	1093
Sinners on Sunset: Imp World	Debra Dunbar	2025-05-22	2025-05-22	not found in export								B09BDJKJTG		Satan's Sword / Debra Dunbar [Read; Book; book 612354] | California Demon: An Imp World Urban Fantasy / Debra Dunbar [Read; Book; book 1612290] | No Man's Land / Debra Dunbar [Read; Book; book 1180142]	not found in export after manual review	No corresponding work found after reviewing same-author titles, series and blank-author export entries; fuzzy candidates rejected.	
A Demon Bound	Debra Dunbar	2025-05-22	2025-05-22	no read audiobook in export; finish date missing/different	title/author	A Demon Bound	Read	Book		612355	30584756	B00I5ODTKQ			original exact match retained		
Imp Series, Books 1-3	Debra Dunbar	2025-05-22	2025-05-22	no read audiobook in export; edition scope needs review; finish date missing/different	manual book-level pairing	A Demon Bound | Satan's Sword | Elven Blood	Read	Book	 |  | 	612355,612354,612353	30584756,30584755,30584754	B07TK4T9SR			paired manually	All three constituents are Read: A Demon Bound, Satan's Sword, Elven Blood. Omnibus edition not established.	1150,1182,134
Satan's Sword	Debra Dunbar	2025-05-22	2025-05-22	no read audiobook in export; finish date missing/different	title/author	Satan's Sword	Read	Book		612354	30584755	B00KM6YX1Y			original exact match retained		
Elven Blood	Debra Dunbar	2025-05-22	2025-05-22	no read audiobook in export; finish date missing/different	title/author	Elven Blood	Read	Book		612353	30584754	B00NGTOCJW			original exact match retained		
Devil's Paw	Debra Dunbar	2025-05-22	2025-05-22	no read audiobook in export; finish date missing/different	title/author	Devil's Paw	Read	Book		612352	30584753	B00QSFDU2G			original exact match retained		
Imp Forsaken	Debra Dunbar	2025-05-22	2025-05-22	no read audiobook in export; finish date missing/different	title/author	Imp Forsaken	Read	Book		612351	30584752	B00TGE77G6			original exact match retained		
Angel of Chaos	Debra Dunbar	2025-05-22	2025-05-22	no read audiobook in export; finish date missing/different	title/author	Angel of Chaos	Read	Book		612349	30584750	B00XWV3YLG			original exact match retained		
Kingdom of Lies	Debra Dunbar	2025-05-22	2025-05-22	no read audiobook in export; finish date missing/different	title/author	Kingdom of Lies	Read	Book		612350	30584751	B01AGZWHHW			original exact match retained		
Exodus	Debra Dunbar	2025-05-22	2025-05-22	not found in export								B01NA70F35		Exodus / Leon Uris [Want to Read; Book; book 184662] | Stolen Souls / Debra Dunbar [Read; Book; book 1180139] | Demons of Desire / Debra Dunbar [Read; Book; book 612358]	not found in export after manual review	Export Exodus is by Leon Uris, not Debra Dunbar; no Dunbar Exodus record.	
Queen of the Damned	Debra Dunbar	2025-05-22	2025-05-22	not found in export								B07CZ32JFP		Queen of the Darkness / Anne Bishop [Read; Book; book 275805] | Sins of the Flesh / Debra Dunbar [Read; Book; book 612357] | Demons of Desire / Debra Dunbar [Read; Book; book 612358]	not found in export after manual review	No corresponding work found after reviewing same-author titles, series and blank-author export entries; fuzzy candidates rejected.	
The Morning Star	Debra Dunbar	2025-05-22	2025-05-22	not found in export								B07KPN1NTX		These Burning Stars / Bethany Jacobs [Want to Read; Book; book 824780] | Dead Rising / Debra Dunbar [Read; Book; book 496530] | A Demon Bound / Debra Dunbar [Read; Book; book 612355]	not found in export after manual review	No corresponding work found after reviewing same-author titles, series and blank-author export entries; fuzzy candidates rejected.	
Down the Chimney	Debra Dunbar	2025-05-22	2025-05-22	no read audiobook in export; finish date missing/different	manual book-level pairing	Down The Chimney	Read	Book		1612272	31687280	B07LC24P8Z			provisional pairing accepted	Inspected title, author where supplied, and series context; descriptive suffix or sparse export metadata.	1064
With This Ring	Debra Dunbar	2025-05-22	2025-05-22	no read audiobook in export; finish date missing/different	manual book-level pairing	With This Ring	Read	Book		1612332	31687362	B08BQFS2L9			provisional pairing accepted	Inspected title, author where supplied, and series context; descriptive suffix or sparse export metadata.	1154
Demons of Desire	Debra Dunbar	2025-05-22	2025-05-22	no read audiobook in export; finish date missing/different	title/author	Demons of Desire	Read	Book		612358	30584759	B014VBWCYK			original exact match retained		
Sins of the Flesh	Debra Dunbar	2025-05-22	2025-05-22	no read audiobook in export; finish date missing/different	title/author	Sins of the Flesh	Read	Book		612357	30584758	B018Y0T0US			original exact match retained		
Cornucopia	Debra Dunbar	2025-05-22	2025-05-22	no read audiobook in export; finish date missing/different	manual book-level pairing	Cornucopia	Read	Book		1612330	31687358	B07892NM1Y			provisional pairing accepted	Inspected title, author where supplied, and series context; descriptive suffix or sparse export metadata.	1148
Unholy Pleasures	Debra Dunbar	2025-05-22	2025-05-22	not found in export								B07DY5P6M9		Guilty Pleasures / Laurell K. Hamilton [Read; Book; book 116205] | Demons of Desire / Debra Dunbar [Read; Book; book 612358] | Simple Pleasures /  [Want to Read; Book; book 1796575]	not found in export after manual review	No corresponding work found after reviewing same-author titles, series and blank-author export entries; fuzzy candidates rejected.	
Freehaven Online: Dragonsbane	Jun Prince	2025-05-22	2025-05-22	not found in export								B07HBBRJNQ		Winter Dungeonland / Jun Prince, Amy Landon (Narrator) [Read; Audio; book 1853294] | When Women Were Dragons / Kelly Barnhill [Want to Read; Book; book 465142] | Forever Fantasy Online / Rachel Aaron, Travis Bach [Read; Book; book 507292]	not found in export after manual review	No corresponding work found after reviewing same-author titles, series and blank-author export entries; fuzzy candidates rejected.	
Initializing	K. T. Hanna	2025-05-22	2025-05-22	no read audiobook in export; finish date missing/different	manual book-level pairing	Initializing	Read	Book		1509604	31563135	B07G1M4H42			provisional pairing accepted	Inspected title, author where supplied, and series context; descriptive suffix or sparse export metadata.	192
Edgedancer	Brandon Sanderson	2025-05-22	2025-05-22	no read audiobook in export; finish date missing/different	title/author	Edgedancer	Read	Book		427544	17695374	B0B5M28HZK			original exact match retained		
The Way of Kings	Brandon Sanderson	2025-05-22	2025-05-22	no read audiobook in export; finish date missing/different	title/author	The Way of Kings	Read	Book		386446	3134360	B003ZWFO7E			original exact match retained		
Words of Radiance	Brandon Sanderson	2025-05-22	2025-05-22	no read audiobook in export; finish date missing/different	title/author	Words of Radiance	Read	Book		374131	419923	B00HWF0MHW			original exact match retained		
Singularity Sky	Charles Stross	2025-05-22	2025-05-22	no read audiobook in export; finish date missing/different	title/author	Singularity Sky	Read	Book		446310	2198728	B002V5BFEM			original exact match retained		
Iron Sunrise	Charles Stross	2025-05-22	2025-05-22	no read audiobook in export; finish date missing/different	title/author	Iron Sunrise	Read	Book		446311	21717047	B002V1AGCS			original exact match retained		
Iron Sunrise	Charles Stross	2025-05-22	2025-05-22	no read audiobook in export; finish date missing/different	title/author	Iron Sunrise	Read	Book		446311	21717047	B002V1AGCS			original exact match retained		
Sparrow Hill Road	Seanan McGuire	2025-05-22	2025-05-22	no read audiobook in export; finish date missing/different	title/author	Sparrow Hill Road	Read	Book		437788	26447410	B00JVUA80W			original exact match retained		
The Girl in the Green Silk Gown	Seanan McGuire	2025-05-22	2025-05-22	no read audiobook in export; finish date missing/different	title/author	The Girl in the Green Silk Gown	Read	Book		439322	26683663	1541485165			original exact match retained		
Angel of the Overpass	Seanan McGuire	2025-05-22	2025-05-22	no read audiobook in export; finish date missing/different	title/author	Angel of the Overpass	Read	Ebook		458750	30584414	1515942341			original exact match retained		
Three Mages and a Margarita	Annette Marie	2025-05-22	2025-05-22	no read audiobook in export; finish date missing/different	title/author	Three Mages and a Margarita	Read	Book		459804	30601738	1977330436	9781977330437		original exact match retained		
Dark Arts and a Daiquiri	Annette Marie	2025-05-22	2025-05-22	finish date missing/different	identifier	Dark Arts and a Daiquiri	Read	Audio		460331	30397674	1977330444			original exact match retained		
Two Witches and a Whiskey	Annette Marie	2025-05-22	2025-05-22	no read audiobook in export; finish date missing/different	title/author	Two Witches and a Whiskey	Read	Book		460329	31687396	1977330452			original exact match retained		
Demon Magic and a Martini	Annette Marie	2025-05-22	2025-05-22	finish date missing/different	title/author	Demon Magic and a Martini	Read	Audio		460328	30397584	1977330460			original exact match retained		
The Alchemist and an Amaretto	Annette Marie	2025-05-22	2025-05-22	no read audiobook in export; finish date missing/different	title/author	The Alchemist and an Amaretto	Read	Ebook		461291	30585246	1515934047			original exact match retained		
Druid Vices and a Vodka	Annette Marie	2025-05-22	2025-05-22	no read audiobook in export; finish date missing/different	title/author	Druid Vices and a Vodka	Read	Book		461290	30562839	1515934055			original exact match retained		
Lost Talismans and a Tequila	Annette Marie	2025-05-22	2025-05-22	no read audiobook in export; finish date missing/different	title/author	Lost Talismans and a Tequila	Read	Ebook		461289	30585240	1515934063			original exact match retained		
Damned Souls and a Sangria	Annette Marie	2025-05-22	2025-05-22	no read audiobook in export; finish date missing/different	title/author	Damned Souls and a Sangria	Read	Book		460327	30451865	1515934071			original exact match retained		
Viridian Gate Online: Firebrand: A litRPG Adventure	James Hunter, J. D. Astra	2025-05-22	2025-05-22	no read audiobook in export; finish date missing/different	manual book-level pairing	Firebrand	Read	Book		1612329	31687357	B07RP3JQ46			paired manually	Firebrand record with blank author; consistent with same import batch and adjacent Firebrand volumes. Book-level pairing; sparse catalog metadata.	1147
Viridian Gate Online: Embers of Rebellion	J.D. Astra	2025-05-22	2025-05-22	no read audiobook in export; finish date missing/different	manual book-level pairing	Embers of Rebellion	Read	Book		769833	31687379	B07YF4X8VT			paired manually	Same individual title and author; series prefix omitted.	1208
Dominion of Blades	Matt Dinniman	2025-05-22	2025-05-22	no read audiobook in export; finish date missing/different	title/author	Dominion of Blades	Read	Book		680445	30667875	B072XTFXLG			original exact match retained		
The Hobgoblin Riot	Matt Dinniman	2025-05-22	2025-05-22	no read audiobook in export; finish date missing/different	manual book-level pairing	The Hobgoblin Riot: Dominion of Blades Book 2: A LitRPG Adventure	Read	Book		770123	30829590	B07FCRJFDP			paired manually	Dominion of Blades Book 2 / A LitRPG Adventure subtitle; author agrees.	1027
Forever Fantasy Online	Rachel Aaron, Travis Bach	2025-05-22	2025-05-22	no read audiobook in export; finish date missing/different	title/author	Forever Fantasy Online	Read	Book		507292	31088650	B07D3ZGLF9			original exact match retained		
Last Bastion	Rachel Aaron, Travis Bach	2025-05-22	2025-05-22	no read audiobook in export; finish date missing/different	title/author	Last Bastion	Read	Book		587479	31141816	B07QR169F7			original exact match retained		
The Once King	Rachel Aaron, Travis Bach	2025-05-22	2025-05-22	no read audiobook in export; finish date missing/different	title/author	The Once King	Read	Book		587478	31141803	B08171XVRT			original exact match retained		
Master of the Revels	Nicole Galland	2025-05-22	2025-05-22	no read audiobook in export; finish date missing/different	title/author	Master of the Revels	Read	Book		469865	30524580	0063016176			original exact match retained		
What Abigail Did That Summer	Ben Aaronovitch	2025-05-22	2025-05-22	no read audiobook in export; finish date missing/different	title/author	What Abigail Did That Summer	Read	Book		468077	31630312	1541489845	9781541489844		original exact match retained		
The October Man	Ben Aaronovitch	2025-05-22	2025-05-22	no read audiobook in export; finish date missing/different	title/author	The October Man	Read	Book		432498	30428653	1541489837	9781541489837		original exact match retained		
Penric's Fox	Lois McMaster Bujold	2025-05-22	2025-05-22	no read audiobook in export; finish date missing/different	title/author	Penric's Fox	Read	Book		461431	30484209	B078N68JWW			original exact match retained		
Masquerade in Lodi	Lois McMaster Bujold	2025-05-22	2025-05-22	no read audiobook in export; finish date missing/different	title/author	Masquerade in Lodi	Read	Book		592004	30559793	1665048964			original exact match retained		
Mira's Last Dance	Lois McMaster Bujold	2025-05-22	2025-05-22	no read audiobook in export; finish date missing/different	title/author	Mira's Last Dance	Read	Book		461430	30432951	B0714L6X2T			original exact match retained		
The Prisoner of Limnos	Lois McMaster Bujold	2025-05-22	2025-05-22	no read audiobook in export; finish date missing/different	title/author	The Prisoner of Limnos	Read	Book		461432	30432950	B078P1SBF1			original exact match retained		
The Orphans of Raspay	Lois McMaster Bujold	2025-05-22	2025-05-22	no read audiobook in export; finish date missing/different	title/author	The Orphans of Raspay	Read	Book		460703	30412131	1094193720			original exact match retained		
The Physicians of Vilnoc	Lois McMaster Bujold	2025-05-22	2025-05-22	no read audiobook in export; finish date missing/different	title/author	The Physicians of Vilnoc	Read	Book		461136	30484214	179993943X			original exact match retained		
The Assassins of Thasalon	Lois McMaster Bujold	2025-05-22	2025-05-22	no read audiobook in export; finish date missing/different	title/author	The Assassins of Thasalon	Read	Book		626661	30602309	B097HZWVCG			original exact match retained		
A Psalm for the Wild-Built	Becky Chambers	2025-05-22	2025-05-22	no read audiobook in export; finish date missing/different	title/author	A Psalm for the Wild-Built	Read	Book		445011	28452919	1250807743			original exact match retained		
The Rise and Fall of D.O.D.O.	Neal Stephenson, Nicole Galland	2025-05-22	2025-05-22	finish date missing/different	title/author	The Rise and Fall of D.O.D.O.	Read	Audio		427434	542485	B06Y5SDTGJ			original exact match retained		
Project Hail Mary	Andy Weir	2025-05-22	2025-05-22	no read audiobook in export; finish date missing/different	title/author	Project Hail Mary	Read	Book		427578	3274049	B08G9PRS1K			original exact match retained		
To Be Taught, If Fortunate	Becky Chambers	2025-05-22	2025-05-22	no read audiobook in export; finish date missing/different	title/author	To Be Taught, If Fortunate	Read	Book		98275	30405524	0062959042			original exact match retained		
This Is How You Lose the Time War	Max Gladstone, Amal El-Mohtar	2025-05-22	2025-05-22	no read audiobook in export; finish date missing/different	title/author	This Is How You Lose the Time War	Read	Ebook		249097	26220245	1508287058	9781508287056		original exact match retained		
The Galaxy, and the Ground Within	Becky Chambers	2025-05-22	2025-05-22	no read audiobook in export; finish date missing/different	title/author	The Galaxy, and the Ground Within	Read	Book		435198	13560725	1529358957			original exact match retained		
The Long Way to a Small, Angry Planet	Becky Chambers	2025-05-22	2025-05-22	no read audiobook in export; finish date missing/different	title/author	The Long Way to a Small, Angry Planet	Read	Book		748620	24681207	0062969536			original exact match retained		
The Long Way to a Small, Angry Planet: Booktrack Edition	Becky Chambers	2025-05-22	2025-05-22	no read audiobook in export; finish date missing/different	manual book-level pairing	The Long Way to a Small, Angry Planet	Read	Book		748620	24681207	B07DFN5FBP			provisional pairing accepted	Inspected title, author where supplied, and series context; descriptive suffix or sparse export metadata.	387
A Closed and Common Orbit: Booktrack Edition	Becky Chambers	2025-05-22	2025-05-22	no read audiobook in export; finish date missing/different	manual book-level pairing	A Closed and Common Orbit	Read	Book		325996	5869570	1529330394			provisional pairing accepted	Inspected title, author where supplied, and series context; descriptive suffix or sparse export metadata.	41
Record of a Spaceborn Few: Booktrack Edition	Becky Chambers	2025-05-22	2025-05-22	no read audiobook in export; finish date missing/different	manual book-level pairing	Record of a Spaceborn Few	Read	Book		263418	31482854	B07KY5614C			provisional pairing accepted	Inspected title, author where supplied, and series context; descriptive suffix or sparse export metadata.	285
Black Sun	Rebecca Roanhorse	2025-05-22	2025-05-22	no read audiobook in export; finish date missing/different	title/author	Black Sun	Read	Book		429027	31482868	1508283060			original exact match retained		
Trail of Lightning	Rebecca Roanhorse	2025-05-22	2025-05-22	no read audiobook in export; finish date missing/different	title/author	Trail of Lightning	Read	Book		164876	28321739	B07FSRBKNM			original exact match retained		
Dreadnought	April Daniels	2025-05-22	2025-05-22	no read audiobook in export; finish date missing/different	title/author	Dreadnought	Read	Book		368509	30403604	B072C3MZ8V			original exact match retained		
Sovereign	April Daniels	2025-05-22	2025-05-22	no read audiobook in export; finish date missing/different	title/author	Sovereign	Read	Book		466328	30384011	B0735XJGL4			original exact match retained		
Gideon the Ninth	Tamsyn Muir	2025-05-22	2025-05-22	no read audiobook in export; finish date missing/different	title/author	Gideon the Ninth	Read	Book		20941	30399881	1980004900	9781980004905		original exact match retained		
Harrow the Ninth	Tamsyn Muir	2025-05-22	2025-05-22	no read audiobook in export; finish date missing/different	title/author	Harrow the Ninth	Read	Book		215901	30399888	1980004935	9781980004936		original exact match retained		
House of Earth and Blood	Sarah J. Maas	2025-05-22	2025-05-22	no read audiobook in export; finish date missing/different	title/author	House of Earth and Blood	Read	Book		465201	14974657	B082YHZPTY			original exact match retained		
Minimum Wage Magic	Rachel Aaron	2025-05-22	2025-05-22	no read audiobook in export; finish date missing/different	title/author	Minimum Wage Magic	Read	Book		439342	19125588	B07M6RY5PR			original exact match retained		
Part-Time Gods	Rachel Aaron	2025-05-22	2025-05-22	no read audiobook in export; finish date missing/different	title/author	Part-Time Gods	Read	Book		468019	30385854	B07TLD2QJ5			original exact match retained		
Night Shift Dragons	Rachel Aaron	2025-05-22	2025-05-22	no read audiobook in export; finish date missing/different	title/author	Night Shift Dragons	Read	Book		439349	30490702	B0881Y2LHS			original exact match retained		
Once & Future	A. R. Capetta, Cory McCarthy	2025-05-22	2025-05-22	no read audiobook in export; finish date missing/different	title/author	Once & Future	Read	Book		453873	30425178	1549115871			original exact match retained		
The Black Prism	Brent Weeks	2025-05-22	2025-05-22	no read audiobook in export; finish date missing/different	title/author	The Black Prism	Read	Book		446963	25267092	B01HZXFARW			original exact match retained		
The Blinding Knife: Booktrack Edition	Brent Weeks	2025-05-22	2025-05-22	no read audiobook in export; finish date missing/different	manual book-level pairing	The Blinding Knife	Read	Book		477964	26322662	1549102818			provisional pairing accepted	Inspected title, author where supplied, and series context; descriptive suffix or sparse export metadata.	346
The Broken Eye	Brent Weeks	2025-05-22	2025-05-22	no read audiobook in export; finish date missing/different	title/author	The Broken Eye	Read	Book		12127	4220294	B00MJDZYLQ			original exact match retained		
The Blood Mirror	Brent Weeks	2025-05-22	2025-05-22	no read audiobook in export; finish date missing/different	title/author	The Blood Mirror	Read	Book		86440	30431967	B01K8S3XDE			original exact match retained		
The Burning White	Brent Weeks	2025-05-22	2025-05-22	no read audiobook in export; finish date missing/different	title/author	The Burning White	Read	Book		446514	23500642	147897835X			original exact match retained		
Junkyard Cats	Faith Hunter	2025-05-22	2025-05-22	no read audiobook in export; finish date missing/different	title/author	Junkyard Cats	Read	Book		982520	31007356	B082LSC2RR			original exact match retained		
A Little Hatred	Joe Abercrombie	2025-05-22	2025-05-22	no read audiobook in export; finish date missing/different	title/author	A Little Hatred	Read	Book		427662	31484700	1478916591			original exact match retained		
Feed	Mira Grant	2025-05-22	2025-05-22	no read audiobook in export; finish date missing/different	title/author	Feed	Read	Book		273279	30399911	B003K28EP8			original exact match retained		
Deadline	Mira Grant	2025-05-22	2025-05-22	no read audiobook in export; finish date missing/different	title/author	Deadline	Read	Book		439110	12009412	B0053ZWEHO			original exact match retained		
Blackout	Mira Grant	2025-05-22	2025-05-22	no read audiobook in export; finish date missing/different	title/author	Blackout	Read	Book		439107	12506872	B0083JNQC4			original exact match retained		
Dark Matter (Movie Tie-In)	Blake Crouch	2025-05-22	2025-05-22	no read audiobook in export; finish date missing/different	manual book-level pairing	Dark Matter	Read	Book		57214	10826328	B01CUKULGA	9781101924488		paired manually	Same Blake Crouch novel; movie tie-in edition descriptor only.	112
Recursion	Blake Crouch	2025-05-22	2025-05-22	no read audiobook in export; finish date missing/different	title/author	Recursion	Read	Book		202782	30399466	1984886878	9781984886873		original exact match retained		
It's Not What It Looks Like	Molly Burke	2025-05-22	2025-05-22	not found in export								B07TVF9RMY		It's All or Nothing, Vale / Andrea Beatriz Arango [Want to Read; Book; book 1734763] | Automatic Noodle / Annalee Newitz, Em Grosland (Narrator) [Want to Read; Audio; book 1598053] | Captain Vorpatril's Alliance / Lois McMaster Bujold [Read; Book; book 106668]	not found in export after manual review	No corresponding work found after reviewing same-author titles, series and blank-author export entries; fuzzy candidates rejected.	
In Other Lands	Sarah Rees Brennan	2025-05-22	2025-05-22	no read audiobook in export; finish date missing/different	title/author	In Other Lands	Read	Book		16459	3262811	B07BNTS8ZQ			original exact match retained		
Winter Tide	Ruthanna Emrys	2025-05-22	2025-05-22	no read audiobook in export; finish date missing/different	title/author	Winter Tide	Read	Ebook		167883	17700591	B06XGDG8YR			original exact match retained		
The Forgetting Moon	Brian Lee Durfee	2025-05-22	2025-05-22	not marked read; no read audiobook in export; finish date missing/different	title/author	The Forgetting Moon	Want to Read	Book		445546	10712499	1980029768	9781980029762		original exact match retained		
The City of Brass	S. A. Chakraborty	2025-05-22	2025-05-22	no read audiobook in export; finish date missing/different	title/author	The City of Brass	Read	Book		379619	30390553	B075KKRQPP			original exact match retained		
The Kingdom of Copper	S. A. Chakraborty	2025-05-22	2025-05-22	no read audiobook in export; finish date missing/different	title/author	The Kingdom of Copper	Read	Book		439240	28322953	0062866702			original exact match retained		
A Grown-Up Guide to Dinosaurs	Ellie Sans, Clare Chadburn	2025-05-22	2025-05-22	finish date missing/different	manual book-level pairing	A Grown-Up Guide to Dinosaurs	Read	Audio		434402	30402285	B08DCJCN6Y			paired manually	ABS narrator Professor Ben Garrod is export author Ben Garrod; runtime 9783 vs 9780 seconds.	7
Alien: River of Pain	Christopher Golden, Dirk Maggs	2025-05-22	2025-05-22	no read audiobook in export; finish date missing/different	title/author	Alien: River of Pain	Read	Book		695949	30684529	B06XP18SFZ	9781603933957		original exact match retained		
Alien: Sea of Sorrows	Dirk Maggs, James A. Moore	2025-05-22	2025-05-22	no read audiobook in export; edition scope needs review; finish date missing/different	manual book-level pairing	Alien: Sea of Sorrows	Read	Book		463060	30684555	B07B3JVLNC			paired manually	ABS also credits dramatist Dirk Maggs; export credits James A. Moore. Underlying work matched, adaptation edition not established.	12
Black Leopard, Red Wolf	Marlon James	2025-05-22	2025-05-22	no read audiobook in export; finish date missing/different	title/author	Black Leopard, Red Wolf	Read	Book		432346	30402602	0525526838			original exact match retained		
Even Tree Nymphs Get the Blues	Molly Harper	2025-05-22	2025-05-22	not found in export								B07QD1ZW5X		Antimatter Blues / Edward Ashton, John Pirhalla (Narrator), Katharine Chin (Narrator) [Want to Read; Audio; book 553755] | Never Shines The Sun / Seanan McGuire [Want to Read; Book; book 995003] | The Tree and the Vine / Lillian Faderman (Afterword), Dola de Jong [Want to Read; Book; book 447548]	not found in export after manual review	No corresponding work found after reviewing same-author titles, series and blank-author export entries; fuzzy candidates rejected.	
You Do You	Nikki Levy, Tan France, Janine Brito, Gigi Gorgeous, Percy Rustomji, Alexandra Billings, Emma Willmann, D.J. “Shangela” Pierce	2025-05-22	2025-05-22	not found in export								B07RL4BH8W		What You Do to Me / Rochelle B. Weinstein [Want to Read; Book; book 945860] | You Exist Too Much / Zaina Arafat [Read; Book; book 436333] | Skybound /  [Read; Book; book 1612399]	not found in export after manual review	No corresponding work found after reviewing same-author titles, series and blank-author export entries; fuzzy candidates rejected.	
Iron and Magic	Ilona Andrews	2025-05-22	2025-05-22	not found in export								B07FNY3WJQ		Magic Bites / Ilona Andrews [Read; Book; book 1509459] | Magic Binds / Ilona Andrews [Read; Book; book 458537] | Magic Burns / Ilona Andrews [Read; Book; book 65446]	not found in export after manual review	No corresponding work found after reviewing same-author titles, series and blank-author export entries; fuzzy candidates rejected.	
Storm of Locusts	Rebecca Roanhorse	2025-05-22	2025-05-22	no read audiobook in export; finish date missing/different	title/author	Storm of Locusts	Read	Ebook		440045	30447565	B07Q2G1CX3			original exact match retained		
Black Crow, White Snow	Michael Livingston	2025-05-22	2025-05-22	finish date missing/different	title/author	Black Crow, White Snow	Read	Audio		434404	30402286	B07QR7FJFP			original exact match retained		
Homeland	R. A. Salvatore	2025-05-22	2025-05-22	no read audiobook in export; finish date missing/different	title/author	Homeland	Read	Book		369226	4959462	B00BW5V1FU			original exact match retained		
Exile	R. A. Salvatore	2025-05-22	2025-05-22	no read audiobook in export; finish date missing/different	title/author	Exile	Read	Book		446224	31773401	B00BWSI8A8			original exact match retained		
Sojourn	R. A. Salvatore	2025-05-22	2025-05-22	no read audiobook in export; finish date missing/different	title/author	Sojourn	Read	Book		15630	29308455	B00BWQUFRE			original exact match retained		
The Crystal Shard	R. A. Salvatore	2025-05-22	2025-05-22	no read audiobook in export; finish date missing/different	title/author	The Crystal Shard	Read	Book		28782	10821723	B00BWA4ULM			original exact match retained		
Parasite Rex	Carl Zimmer	2025-05-22	2025-05-22	no read audiobook in export; finish date missing/different	manual book-level pairing	Parasite rex inside the bizarre world of nature's most dangerous creatures	Read	Book		9543	2979985	B07CLNZSBJ			paired manually	Same author; long descriptive subtitle omitted in ABS.	723
Uncanny Collateral	Brian McClellan	2025-05-22	2025-05-22	not marked read; no read audiobook in export; finish date missing/different	title/author	Uncanny Collateral	Want to Read	Book		460264	30411615	B07PXN7N1T			original exact match retained		
The Dispatcher	John Scalzi	2025-05-22	2025-05-22	no read audiobook in export; finish date missing/different	title/author	The Dispatcher	Read	Book		427962	30405917	B01KKPH1VA			original exact match retained		
The Bride Test	Helen Hoang	2025-05-22	2025-05-22	no read audiobook in export; finish date missing/different	title/author	The Bride Test	Read	Book		434866	30737911	B07L5YJ7VW			original exact match retained		
The Kiss Quotient	Helen Hoang	2025-05-22	2025-05-22	no read audiobook in export; finish date missing/different	title/author	The Kiss Quotient	Read	Book		358461	31692566	B07D3B4CSY			original exact match retained		
Strange the Dreamer	Laini Taylor	2025-05-22	2025-05-22	no read audiobook in export; finish date missing/different	title/author	Strange the Dreamer	Read	Book		376651	16747880	B01NBW5LNR			original exact match retained		
Muse of Nightmares	Laini Taylor	2025-05-22	2025-05-22	no read audiobook in export; finish date missing/different	title/author	Muse of Nightmares	Read	Book		202648	31563579	1549142666			original exact match retained		
The Raven Tower	Ann Leckie	2025-05-22	2025-05-22	no read audiobook in export; finish date missing/different	title/author	The Raven Tower	Read	Book		337974	30402240	B07L5Z7N2S			original exact match retained		
Believe Me	Eddie Izzard	2025-05-22	2025-05-22	no read audiobook in export; finish date missing/different	manual book-level pairing	Believe Me: A Memoir of Love, Death, and Jazz Chickens	Read	Book		436227	20416210	B06XWYMP73			provisional pairing accepted	Inspected title, author where supplied, and series context; descriptive suffix or sparse export metadata.	605
Daughter of Smoke and Bone	Laini Taylor	2025-05-22	2025-05-22	no read audiobook in export; finish date missing/different	manual book-level pairing	Daughter of Smoke & Bone	Read	Book		232764	30403579	B005O1Y68C			paired manually	and / ampersand variation; same author.	111
Days of Blood & Starlight	Laini Taylor	2025-05-22	2025-05-22	no read audiobook in export; finish date missing/different	title/author	Days of Blood & Starlight	Read	Book		2127585	5508316	B009LN8EPA			original exact match retained		
Dreams of Gods & Monsters	Laini Taylor	2025-05-22	2025-05-22	no read audiobook in export; finish date missing/different	title/author	Dreams of Gods & Monsters	Read	Book		475422	30406604	B00JIYMJZ8			original exact match retained		
Night of Cake & Puppets	Laini Taylor	2025-05-22	2025-05-22	no read audiobook in export; finish date missing/different	title/author	Night of Cake & Puppets	Read	Book		477974	9415765	B00H3R2MVI			original exact match retained		
Wishful Drinking	Carrie Fisher	2025-05-22	2025-05-22	no read audiobook in export; finish date missing/different	title/author	Wishful Drinking	Read	Book		306828	24075379	B002V5GX0I	9780743583411		original exact match retained		
Lucky Suit	Lauren Blakely	2025-05-22	2025-05-22	finish date missing/different	title/author	Lucky Suit	Read	Audio		601482	30571529	B07M79KY6L			original exact match retained		
Starless	Jacqueline Carey	2025-05-22	2025-05-22	no read audiobook in export; finish date missing/different	title/author	Starless	Read	Book		448671	5510652	B07DLF47PK			original exact match retained		
The Last Days of August	Jon Ronson	2025-05-22	2025-05-22	no read audiobook in export; finish date missing/different	title/author	The Last Days of August	Read	Book		645598	30624674	B07JK61MK3			original exact match retained		
Strange Practice	Vivian Shaw	2025-05-22	2025-05-22	no read audiobook in export; finish date missing/different	title/author	Strange Practice	Read	Book		430499	27156242	B074HCGXMR			original exact match retained		
Dreadful Company	Vivian Shaw	2025-05-22	2025-05-22	no read audiobook in export; finish date missing/different	title/author	Dreadful Company	Read	Ebook		428779	31802991	B07FP32DJF			original exact match retained		
The Blade Itself	Joe Abercrombie	2025-05-22	2025-05-22	no read audiobook in export; finish date missing/different	title/author	The Blade Itself	Read	Book		383404	30652201	B014LL6R5U			original exact match retained		
Before They Are Hanged	Joe Abercrombie	2025-05-22	2025-05-22	no read audiobook in export; finish date missing/different	title/author	Before They Are Hanged	Read	Book		434460	30693293	B014LL69TO			original exact match retained		
Last Argument of Kings	Joe Abercrombie	2025-05-22	2025-05-22	no read audiobook in export; finish date missing/different	title/author	Last Argument of Kings	Read	Book		433213	30693294	B003NHEU1M			original exact match retained		
Last Argument of Kings	Joe Abercrombie	2025-05-22	2025-05-22	no read audiobook in export; finish date missing/different	title/author	Last Argument of Kings	Read	Book		433213	30693294	B014LL6Y4O			original exact match retained		
Skyward	Brandon Sanderson	2025-05-22	2025-05-22	no read audiobook in export; finish date missing/different	title/author	Skyward	Read	Book		427749	15451021	B07H7Q5D3M			original exact match retained		
The Diary of a Hounslow Girl	Ambreen Razia	2025-05-22	2025-05-22	no read audiobook in export; finish date missing/different	title/author	The Diary of a Hounslow Girl	Read	Book		1134046	31158113	B07KWF6W4M			original exact match retained		
Alien: Out of the Shadows	Dirk Maggs, Tim Lebbon	2025-05-22	2025-05-22	no read audiobook in export; edition scope needs review; finish date missing/different	manual book-level pairing	Alien: Out of the Shadows	Read	Book		1604318	30413310	B08GC2361R			paired manually	ABS also credits dramatist Dirk Maggs; export credits Tim Lebbon. Underlying work matched, adaptation edition not established.	998
Falling Free	Lois McMaster Bujold	2025-05-22	2025-05-22	no read audiobook in export; finish date missing/different	title/author	Falling Free	Read	Book		267124	24007057	B002V5IRNY			original exact match retained		
Shards of Honor	Lois McMaster Bujold	2025-05-22	2025-05-22	no read audiobook in export; finish date missing/different	title/author	Shards of Honor	Read	Book		474582	32045911	B002V0LTHK			original exact match retained		
Barrayar	Lois McMaster Bujold	2025-05-22	2025-05-22	no read audiobook in export; finish date missing/different	title/author	Barrayar	Read	Book		458046	30636645	B00309OTU0			original exact match retained		
The Warrior's Apprentice	Lois McMaster Bujold	2025-05-22	2025-05-22	no read audiobook in export; finish date missing/different	title/author	The Warrior's Apprentice	Read	Book		442592	18798853	B0036K2EZK			original exact match retained		
The Vor Game	Lois McMaster Bujold	2025-05-22	2025-05-22	no read audiobook in export; finish date missing/different	title/author	The Vor Game	Read	Book		458118	30542058	B002V0GFSS			original exact match retained		
Cetaganda	Lois McMaster Bujold	2025-05-22	2025-05-22	no read audiobook in export; finish date missing/different	title/author	Cetaganda	Read	Book		856240	30872035	B0036JUM0A			original exact match retained		
Ethan of Athos	Lois McMaster Bujold	2025-05-22	2025-05-22	no read audiobook in export; finish date missing/different	title/author	Ethan of Athos	Read	Book		344286	14535813	B002UZL0U2			original exact match retained		
Borders of Infinity	Lois McMaster Bujold	2025-05-22	2025-05-22	finish date missing/different	title/author	Borders of Infinity	Read	Audio		578117	31497175	B003OYGVAC			original exact match retained		
Brothers in Arms	Lois McMaster Bujold	2025-05-22	2025-05-22	no read audiobook in export; finish date missing/different	title/author	Brothers in Arms	Read	Book		457553	30433121	B002VACF0U			original exact match retained		
Mirror Dance	Lois McMaster Bujold	2025-05-22	2025-05-22	no read audiobook in export; finish date missing/different	title/author	Mirror Dance	Read	Book		442049	3096228	B002V1A7F4			original exact match retained		
Memory	Lois McMaster Bujold	2025-05-22	2025-05-22	no read audiobook in export; finish date missing/different	title/author	Memory	Read	Book		856239	30395490	B002V1BM9O			original exact match retained		
Komarr	Lois McMaster Bujold	2025-05-22	2025-05-22	no read audiobook in export; finish date missing/different	title/author	Komarr	Read	Book		458044	30433125	B002UZYXVU			original exact match retained		
A Civil Campaign	Lois McMaster Bujold	2025-05-22	2025-05-22	finish date missing/different	title/author	A Civil Campaign	Read	Audio		351810	17750559	B002VA374S			original exact match retained		
Winterfair Gifts	Lois McMaster Bujold	2025-05-22	2025-05-22	no read audiobook in export; finish date missing/different	title/author	Winterfair Gifts	Read	Book		458963	31687466	B002UZJKTA			original exact match retained		
Diplomatic Immunity	Lois McMaster Bujold	2025-05-22	2025-05-22	no read audiobook in export; finish date missing/different	title/author	Diplomatic Immunity	Read	Book		458045	30433111	B002V8LAAI			original exact match retained		
The Flowers of Vashnoi	Lois McMaster Bujold	2025-05-22	2025-05-22	no read audiobook in export; finish date missing/different	title/author	The Flowers of Vashnoi	Read	Book		439341	30412127	1982557702			original exact match retained		
Captain Vorpatril's Alliance	Lois McMaster Bujold	2025-05-22	2025-05-22	no read audiobook in export; finish date missing/different	title/author	Captain Vorpatril's Alliance	Read	Book		106668	30633337	B009P56HIK			original exact match retained		
Cryoburn	Lois McMaster Bujold	2025-05-22	2025-05-22	no read audiobook in export; finish date missing/different	title/author	Cryoburn	Read	Ebook		459626	30794437	B0046CL6HY			original exact match retained		
Gentleman Jole and the Red Queen	Lois McMaster Bujold	2025-05-22	2025-05-22	no read audiobook in export; finish date missing/different	title/author	Gentleman Jole and the Red Queen	Read	Book		349418	31450431	B019G0PTD2			original exact match retained		
Blood of the Earth	Faith Hunter	2025-05-22	2025-05-22	no read audiobook in export; finish date missing/different	title/author	Blood of the Earth	Read	Book		458610	30398309	B01J4HC0TS			original exact match retained		
Curse on the Land	Faith Hunter	2025-05-22	2025-05-22	no read audiobook in export; finish date missing/different	title/author	Curse on the Land	Read	Book		458611	30398265	B01M3UZH89			original exact match retained		
Flame in the Dark	Faith Hunter	2025-05-22	2025-05-22	finish date missing/different	title/author	Flame in the Dark	Read	Audio		458612	30398074	B0778Z3GMV			original exact match retained		
Twain’s Feast	Audible Originals	2025-05-22	2025-05-22	not found in export								B07G1Y861M		The Wise Man's Fear / Patrick Rothfuss [Read; Book; book 381332] | Winter Lost / Patricia Briggs [Read; Audio; book 1097006] | In Sea-Salt Tears / Seanan McGuire [Want to Read; Ebook; book 460943]	not found in export after manual review	No corresponding work found after reviewing same-author titles, series and blank-author export entries; fuzzy candidates rejected.	
Girls & Boys	Dennis Kelly	2025-05-22	2025-05-22	no read audiobook in export; finish date missing/different	title/author	Girls & Boys	Read	Book	2025-12-16	436633	23268097	B07DL1VSHB			original exact match retained		
Sins of Empire	Brian McClellan	2025-05-22	2025-05-22	no read audiobook in export; finish date missing/different	manual book-level pairing	Sins of Empire	Read	Book		467520	30508345	B06WLM8K6B			provisional pairing accepted	Inspected title, author where supplied, and series context; descriptive suffix or sparse export metadata.	305
Wrath of Empire	Brian McClellan	2025-05-22	2025-05-22	no read audiobook in export; finish date missing/different	title/author	Wrath of Empire	Read	Book		461271	30508296	B07BMH2BGK			original exact match retained		
Kill the Farm Boy	Kevin Hearne, Delilah S. Dawson	2025-05-22	2025-05-22	no read audiobook in export; finish date missing/different	manual book-level pairing	Kill the Farm Boy	Read	Book		465839	30425203	B079J78HNB	9780525593669		paired manually	Export credits coauthor Delilah S. Dawson; ABS also credits Kevin Hearne.	1186
Andrea Vernon and the Corporation for UltraHuman Protection	Alexander C. Kane	2025-05-22	2025-05-22	finish date missing/different	title/author	Andrea Vernon and the Corporation for UltraHuman Protection	Read	Audio		439604	13674484	B074GG7MT1			original exact match retained		
Mortal Engines	Philip Reeve	2025-05-22	2025-05-22	no read audiobook in export; finish date missing/different	title/author	Mortal Engines	Read	Book		181024	30795015	B076PN6TRH	9781338214321		original exact match retained		
October	China Mieville	2025-05-22	2025-05-22	no read audiobook in export; finish date missing/different	manual book-level pairing	October: The Story of the Russian Revolution	Read	Book		442920	14498809	B06XWG6X42			provisional pairing accepted	Inspected title, author where supplied, and series context; descriptive suffix or sparse export metadata.	1001
We Are Legion (We Are Bob)	Dennis E. Taylor	2025-05-22	2025-05-22	not found in export								B01L082HJ2		Not Till We Are Lost / Dennis E. Taylor [Read; Ebook; book 1432670] | For We Are Many / Dennis E. Taylor [Read; Ebook; book 427993] | Heaven's River / Ray Porter (Narrator), Dennis E. Taylor [Read; Audio; book 428002]	not found in export after manual review	No corresponding work found after reviewing same-author titles, series and blank-author export entries; fuzzy candidates rejected.	
For We Are Many	Dennis E. Taylor	2025-05-22	2025-05-22	no read audiobook in export; finish date missing/different	title/author	For We Are Many	Read	Ebook		427993	30407482	B01N17THEO			original exact match retained		
Children of Blood and Bone	Tomi Adeyemi	2025-05-22	2025-05-22	no read audiobook in export; finish date missing/different	title/author	Children of Blood and Bone	Read	Book		428314	21244801	B075NSTP58			original exact match retained		
Nice Dragons Finish Last	Rachel Aaron	2025-05-22	2025-05-22	finish date missing/different	title/author	Nice Dragons Finish Last	Read	Audio		468038	30385873	B00PQVO914			original exact match retained		
One Good Dragon Deserves Another	Rachel Aaron	2025-05-22	2025-05-22	no read audiobook in export; finish date missing/different	title/author	One Good Dragon Deserves Another	Read	Book		468037	30385872	B012EHUVKA			original exact match retained		
No Good Dragon Goes Unpunished	Rachel Aaron	2025-05-22	2025-05-22	no read audiobook in export; finish date missing/different	title/author	No Good Dragon Goes Unpunished	Read	Ebook		468035	30385870	B01IWE7UY4			original exact match retained		
A Dragon of a Different Color	Rachel Aaron	2025-05-22	2025-05-22	no read audiobook in export; finish date missing/different	title/author	A Dragon of a Different Color	Read	Book		468036	30385871	B075GXN8P2			original exact match retained		
Last Dragon Standing	Rachel Aaron	2025-05-22	2025-05-22	no read audiobook in export; finish date missing/different	title/author	Last Dragon Standing	Read	Ebook		468024	30385859	B079NL6P2H			original exact match retained		
The Fifth Season	N. K. Jemisin	2025-05-22	2025-05-22	no read audiobook in export; finish date missing/different	title/author	The Fifth Season	Read	Book		427825	20057999	B012HQ7IPY			original exact match retained		
The Obelisk Gate	N. K. Jemisin	2025-05-22	2025-05-22	no read audiobook in export; finish date missing/different	title/author	The Obelisk Gate	Read	Book		427868	30390634	B01K5RQ6J6			original exact match retained		
The Stone Sky	N. K. Jemisin	2025-05-22	2025-05-22	no read audiobook in export; finish date missing/different	title/author	The Stone Sky	Read	Book		427884	30390649	B07288JYYG			original exact match retained		
Every Heart a Doorway	Seanan McGuire	2025-05-22	2025-05-22	no read audiobook in export; finish date missing/different	title/author	Every Heart a Doorway	Read	Book		428383	31482871	B0161TMJ5C			original exact match retained		
The Last Wish	Andrzej Sapkowski	2025-05-22	2025-05-22	finish date missing/different	title/author	The Last Wish	Read	Audio		89809	30537933	B00WX7Y0W2			original exact match retained		
Clean Sweep	Ilona Andrews	2025-05-22	2025-05-22	not found in export								B00ISAC8XG		Magic Slays / Ilona Andrews [Read; Book; book 153028] | Magic Bleeds / Ilona Andrews [Read; Book; book 458556] | Magic Bites / Ilona Andrews [Read; Book; book 1509459]	not found in export after manual review	No corresponding work found after reviewing same-author titles, series and blank-author export entries; fuzzy candidates rejected.	
Clean Sweep (Dramatized Adaptation)	Ilona Andrews	2025-05-22	2025-05-22	not found in export								B09QH9LWTJ		A Court of Frost and Starlight [Dramatized Adaptation] / Sarah J. Maas, Colleen Delany (Other), Melody Muze (Narrator), Anthony Palmini (Narrator), Jon Vertullo (Narrator), Amanda Forstrom (Narrator), Shawn K. Jain (Narrator), Nora Achrati (Narrator), Karenna Foley (Narrator), Gabriel Michael (Narrator), Natalie Van Sistine (Narrator), Eva Wilhelm (Narrator), Henry W. Kramer (Narrator) [Want to Read; Audio; book 1715532] | Magic Bleeds / Ilona Andrews [Read; Book; book 458556] | Magic Strikes / Ilona Andrews [Read; Book; book 363828]	not found in export after manual review	No corresponding work found after reviewing same-author titles, series and blank-author export entries; fuzzy candidates rejected.	
A Plague of Giants	Kevin Hearne	2025-05-22	2025-05-22	finish date missing/different	title/author	A Plague of Giants	Read	Audio		446924	20179731	B074F4NQX5	9780804128803		original exact match retained		
Artemis	Andy Weir	2025-05-22	2025-05-22	no read audiobook in export; finish date missing/different	manual book-level pairing	Artemis	Read	Book		99422	30406820	B072R1CY4P			paired manually	ABS author field includes reader Tereza Dockalova; Andy Weir matches export.	664
Oathbringer	Brandon Sanderson	2025-05-22	2025-05-22	no read audiobook in export; finish date missing/different	title/author	Oathbringer	Read	Book		459452	30455612	B0718Z5K4C			original exact match retained		
Blood of Elves	Andrzej Sapkowski	2025-05-22	2025-05-22	no read audiobook in export; finish date missing/different	title/author	Blood of Elves	Read	Book		445065	32343691	B00XV1ALO0			original exact match retained		
Ninefox Gambit	Yoon Ha Lee	2025-05-22	2025-05-22	no read audiobook in export; finish date missing/different	manual book-level pairing	Ninefox Gambit	Read	Book		427867	31548915	B01GIOKF3S	9781501919381		provisional pairing accepted	Inspected title, author where supplied, and series context; descriptive suffix or sparse export metadata.	244
The Family Trade	Charles Stross	2025-05-22	2025-05-22	no read audiobook in export; finish date missing/different	title/author	The Family Trade	Read	Book		441093	30880114	B00UG33W6U			original exact match retained		
The Family Trade	Charles Stross	2025-05-22	2025-05-22	no read audiobook in export; finish date missing/different	title/author	The Family Trade	Read	Book		441093	30880114	B00UG33W6U			original exact match retained		
The Hidden Family	Charles Stross	2025-05-22	2025-05-22	no read audiobook in export; finish date missing/different	title/author	The Hidden Family	Read	Book		457229	30696347	B00XK3FZF4			original exact match retained		
The Hidden Family	Charles Stross	2025-05-22	2025-05-22	no read audiobook in export; finish date missing/different	title/author	The Hidden Family	Read	Book		457229	30696347	B00XK3FZF4			original exact match retained		
The Clan Corporate	Charles Stross	2025-05-22	2025-05-22	no read audiobook in export; finish date missing/different	title/author	The Clan Corporate	Read	Book		463499	30381162	B01012V9JW			original exact match retained		
The Merchants' War	Charles Stross	2025-05-22	2025-05-22	no read audiobook in export; finish date missing/different	title/author	The Merchants' War	Read	Book		457766	31687455	B014EMLGUM			original exact match retained		
The Revolution Business	Charles Stross	2025-05-22	2025-05-22	no read audiobook in export; finish date missing/different	title/author	The Revolution Business	Read	Book		457714	30421008	B0189OKEO0			original exact match retained		
The Revolution Business	Charles Stross	2025-05-22	2025-05-22	no read audiobook in export; finish date missing/different	title/author	The Revolution Business	Read	Book		457714	30421008	B0189OKEO0			original exact match retained		
The Trade of Queens	Charles Stross	2025-05-22	2025-05-22	no read audiobook in export; finish date missing/different	title/author	The Trade of Queens	Read	Book		89047	31687361	B0195CI1QS			original exact match retained		
The Trade of Queens	Charles Stross	2025-05-22	2025-05-22	no read audiobook in export; finish date missing/different	title/author	The Trade of Queens	Read	Book		89047	31687361	B0195CI1QS			original exact match retained		
Empire Games	Charles Stross	2025-05-22	2025-05-22	no read audiobook in export; finish date missing/different	title/author	Empire Games	Read	Book		448665	30795277	B01NCWQP6F			original exact match retained		
Dark State	Charles Stross	2025-05-22	2025-05-22	no read audiobook in export; finish date missing/different	manual book-level pairing	Dark State	Read	Book		459046	31157633	B078MR6WQ6			provisional pairing accepted	Inspected title, author where supplied, and series context; descriptive suffix or sparse export metadata.	110
Invisible Sun	Charles Stross	2025-05-22	2025-05-22	finish date missing/different	title/author	Invisible Sun	Read	Audio		460862	30412312	B09HDBYS33			original exact match retained		
Mutineer	Mike Shepherd	2025-05-22	2025-05-22	no read audiobook in export; finish date missing/different	title/author	Mutineer	Read	Book		351855	26230501	B002V8H6V0			original exact match retained		
Deserter	Mike Shepherd	2025-05-22	2025-05-22	no read audiobook in export; finish date missing/different	title/author	Deserter	Read	Book		1023700	31048219	B002V0LUOW			original exact match retained		
Defiant	Mike Shepherd	2025-05-22	2025-05-22	no read audiobook in export; finish date missing/different	title/author	Defiant	Read	Book		643162	30621960	B002V1NQ66			original exact match retained		
Training Daze	Mike Shepherd	2025-05-22	2025-05-22	not found in export								B00INB44PA		Mutineer / Mike Shepherd [Read; Book; book 351855] | Intrepid / Mike Shepherd [Read; Book; book 1023702] | The Burning Maze / Rick Riordan, Robbie Daymond (Narrator) [Want to Read; Audio; book 431023]	not found in export after manual review	No corresponding work found after reviewing same-author titles, series and blank-author export entries; fuzzy candidates rejected.	
Resolute	Mike Shepherd	2025-05-22	2025-05-22	no read audiobook in export; finish date missing/different	title/author	Resolute	Read	Book		1023718	31048237	B002V1NQAC			original exact match retained		
Audacious	Mike Shepherd	2025-05-22	2025-05-22	no read audiobook in export; finish date missing/different	title/author	Audacious	Read	Book		1023701	31048220	B002V1NQDO			original exact match retained		
Intrepid	Mike Shepherd	2025-05-22	2025-05-22	no read audiobook in export; finish date missing/different	title/author	Intrepid	Read	Book		1023702	31048221	B002V0A7AA			original exact match retained		
Ancillary Justice	Ann Leckie	2025-05-22	2025-05-22	no read audiobook in export; finish date missing/different	title/author	Ancillary Justice	Read	Book		95034	30629193	1549174908	9781549174902		original exact match retained		
Ancillary Sword	Ann Leckie	2025-05-22	2025-05-22	no read audiobook in export; finish date missing/different	title/author	Ancillary Sword	Read	Book		42612	30447521	B00O5GFLRC			original exact match retained		
Ancillary Mercy	Ann Leckie	2025-05-22	2025-05-22	no read audiobook in export; finish date missing/different	title/author	Ancillary Mercy	Read	Book		89213	30889924	B014JWUK8Q			original exact match retained		
Agent of Hel	Jacqueline Carey	2025-05-22	2025-05-22	no read audiobook in export; finish date missing/different	manual book-level pairing	Dark Currents	Read	Book		473150	31599994	B009UX3BUE			paired manually	ABS subtitle is Dark Currents and series is Agent of Hel volume 1; matches export.	107
Autumn Bones	Jacqueline Carey	2025-05-22	2025-05-22	no read audiobook in export; finish date missing/different	title/author	Autumn Bones	Read	Book		461552	30393652	B00FJR96ZE			original exact match retained		
Poison Fruit	Jacqueline Carey	2025-05-22	2025-05-22	no read audiobook in export; finish date missing/different	title/author	Poison Fruit	Read	Book		459433	30393654	B00O8IPW3K			original exact match retained		
Off to Be the Wizard	Scott Meyer	2025-05-22	2025-05-22	no read audiobook in export; finish date missing/different	title/author	Off to Be the Wizard	Read	Book		427622	12252114	B00IIS32NI			original exact match retained		
Ghost Talkers	Mary Robinette Kowal	2025-05-22	2025-05-22	no read audiobook in export; finish date missing/different	title/author	Ghost Talkers	Read	Book		441128	2435539	B01GSJHSS8			original exact match retained		
Dead Rising	Debra Dunbar	2025-05-22	2025-05-22	no read audiobook in export; finish date missing/different	title/author	Dead Rising	Read	Book		496530	30444990	B01KU584NE			original exact match retained		
Last Breath	Debra Dunbar	2025-05-22	2025-05-22	not found in export								B01M1GZW4M		Last Bastion / Travis Bach, Rachel Aaron, Josh Hurley (Reading) [Read; Book; book 587479] | A Suburban Summoning / Debra Dunbar [Want to Read; Book; book 612356] | Juliet Takes a Breath / Gabby Rivera [Want to Read; Book; book 222977]	not found in export after manual review	No corresponding work found after reviewing same-author titles, series and blank-author export entries; fuzzy candidates rejected.	
Bare Bones	Debra Dunbar	2025-05-22	2025-05-22	not found in export								B01M5D0DWC		A Demon Bound / Debra Dunbar [Read; Book; book 612355] | A Crown of Imp and Bone / Debra Dunbar, Angela Rysk (Narrator) [Read; Audio; book 1612359] | Angel of Chaos / Debra Dunbar [Read; Book; book 612349]	not found in export after manual review	No corresponding work found after reviewing same-author titles, series and blank-author export entries; fuzzy candidates rejected.	
Indexing	Seanan McGuire	2025-05-22	2025-05-22	no read audiobook in export; finish date missing/different	title/author	Indexing	Read	Book		318992	31600040	B00IK12AZ4			original exact match retained		
Indexing: Reflections	Seanan McGuire	2025-05-22	2025-05-22	no read audiobook in export; finish date missing/different	title/author	Indexing: Reflections	Read	Book		995889	31020646	B0198LMI2O			original exact match retained		
Shadows of Self	Brandon Sanderson	2025-05-22	2025-05-22	no read audiobook in export; finish date missing/different	title/author	Shadows of Self	Read	Book		135725	30468880	B014LLCT7A			original exact match retained		
The Bands of Mourning	Brandon Sanderson	2025-05-22	2025-05-22	no read audiobook in export; finish date missing/different	title/author	The Bands of Mourning	Read	Book		427966	2316588	B0189QQXRA			original exact match retained		
The Alloy of Law	Brandon Sanderson	2025-05-22	2025-05-22	no read audiobook in export; finish date missing/different	title/author	The Alloy of Law	Read	Book		330249	30422640	B005ZUI3OA			original exact match retained		
The Final Empire	Brandon Sanderson	2025-05-22	2025-05-22	no read audiobook in export; finish date missing/different	manual book-level pairing	Mistborn: The Final Empire	Read	Book		369692	5195452	B002V0QCYU			paired manually	Mistborn series prefix added; same author and first novel.	674
The Well of Ascension	Brandon Sanderson	2025-05-22	2025-05-22	no read audiobook in export; finish date missing/different	title/author	The Well of Ascension	Read	Book		427383	18882062	B002V5GLQ4			original exact match retained		
The Hero of Ages	Brandon Sanderson	2025-05-22	2025-05-22	no read audiobook in export; finish date missing/different	title/author	The Hero of Ages	Read	Book		103241	4780391	B002VA9IKK			original exact match retained		
Naamah's Kiss	Jacqueline Carey	2025-05-22	2025-05-22	no read audiobook in export; finish date missing/different	title/author	Naamah's Kiss	Read	Ebook		386472	533188	B002VA9N4Q			original exact match retained		
Naamah's Curse	Jacqueline Carey	2025-05-22	2025-05-22	no read audiobook in export; finish date missing/different	title/author	Naamah's Curse	Read	Book		93422	19342135	B003R2X1JK			original exact match retained		
Naamah's Blessing	Jacqueline Carey	2025-05-22	2025-05-22	no read audiobook in export; finish date missing/different	title/author	Naamah's Blessing	Read	Book		261819	3729310	B0058JNUCS			original exact match retained		
Beggars in Spain	Nancy Kress	2025-05-22	2025-05-22	no read audiobook in export; finish date missing/different	title/author	Beggars in Spain	Read	Book		327532	22236020	B002V1JFFC			original exact match retained		
Steelheart	Brandon Sanderson	2025-05-22	2025-05-22	no read audiobook in export; finish date missing/different	title/author	Steelheart	Read	Book		39657	30565057	B00ECDZ08I			original exact match retained		
Mitosis	Brandon Sanderson	2025-05-22	2025-05-22	no read audiobook in export; finish date missing/different	manual book-level pairing	Mitosis: A Reckoners Story	Read	Book		427474	30425894	B00LSYYMY2			provisional pairing accepted	Inspected title, author where supplied, and series context; descriptive suffix or sparse export metadata.	909
Firefight	Brandon Sanderson	2025-05-22	2025-05-22	no read audiobook in export; finish date missing/different	title/author	Firefight	Read	Book	2025-12-16	427458	31563073	B00O3IUEII			original exact match retained		
Calamity	Brandon Sanderson	2025-05-22	2025-05-22	no read audiobook in export; finish date missing/different	title/author	Calamity	Read	Book		427477	31687337	B019P7DVPE			original exact match retained		
Brilliance of the Moon	Lian Hearn	2025-05-22	2025-05-22	no read audiobook in export; finish date missing/different	title/author	Brilliance of the Moon	Read	Book		229421	15015433	B002V5BU42			original exact match retained		
Across the Nightingale Floor	Lian Hearn	2025-05-22	2025-05-22	no read audiobook in export; finish date missing/different	title/author	Across the Nightingale Floor	Read	Book		307890	25369771	B002VAA7UU			original exact match retained		
Grass for His Pillow	Lian Hearn	2025-05-22	2025-05-22	no read audiobook in export; finish date missing/different	title/author	Grass for His Pillow	Read	Book		446802	23063169	B002V5CMTO			original exact match retained		
Harsh Cry of the Heron	Lian Hearn	2025-05-22	2025-05-22	not found in export								B002V0RNHK		Brilliance of the Moon / Lian Hearn [Read; Book; book 229421] | Across the Nightingale Floor / Lian Hearn [Read; Book; book 307890] | Gardens of the Moon / Steven Erikson [Read; Book; book 319998]	not found in export after manual review	No corresponding work found after reviewing same-author titles, series and blank-author export entries; fuzzy candidates rejected.	
The Aeronaut's Windlass	Jim Butcher	2025-05-22	2025-05-22	no read audiobook in export; finish date missing/different	title/author	The Aeronaut's Windlass	Read	Book		458602	6454628	B0143O99FK			original exact match retained		
Furies of Calderon	Jim Butcher	2025-05-22	2025-05-22	no read audiobook in export; finish date missing/different	title/author	Furies of Calderon	Read	Book		380212	30504276	B002V8HC7I			original exact match retained		
Furies of Calderon	Jim Butcher	2025-05-22	2025-05-22	no read audiobook in export; finish date missing/different	title/author	Furies of Calderon	Read	Book		380212	30504276	B002V8HC7I			original exact match retained		
Academ's Fury	Jim Butcher	2025-05-22	2025-05-22	finish date missing/different	title/author	Academ's Fury	Read	Audio		446853	30432187	B002V18EH2			original exact match retained		
Cursor's Fury	Jim Butcher	2025-05-22	2025-05-22	no read audiobook in export; finish date missing/different	title/author	Cursor's Fury	Read	Book		437923	30429326	B002V0TG16			original exact match retained		
Cursor's Fury	Jim Butcher	2025-05-22	2025-05-22	no read audiobook in export; finish date missing/different	title/author	Cursor's Fury	Read	Book		437923	30429326	B002V0TG16			original exact match retained		
Captain's Fury	Jim Butcher	2025-05-22	2025-05-22	no read audiobook in export; finish date missing/different	title/author	Captain's Fury	Read	Book		258514	1948989	B002V5CMK8			original exact match retained		
Princeps' Fury	Jim Butcher	2025-05-22	2025-05-22	no read audiobook in export; finish date missing/different	title/author	Princeps' Fury	Read	Book		40860	30919438	B002V0KCYG			original exact match retained		
First Lord's Fury	Jim Butcher	2025-05-22	2025-05-22	no read audiobook in export; finish date missing/different	title/author	First Lord's Fury	Read	Book		10095	30492172	B0036NA8QO			original exact match retained		
First Lord's Fury	Jim Butcher	2025-05-22	2025-05-22	no read audiobook in export; finish date missing/different	title/author	First Lord's Fury	Read	Book		10095	30492172	B01JZM8RH6			original exact match retained		
Insurrection	Thomas M. Reid	2025-05-22	2025-05-22	no read audiobook in export; finish date missing/different	title/author	Insurrection	Read	Ebook		837630	31687437	B00AW2ZHMC			original exact match retained		
Insurrection	David Weber, Steve White	2025-05-22	2025-05-22	not found in export								B01BO6TDNS		Insurrection / Thomas M. Reid [Read; Ebook; book 837630] | Resurrection /  [Read; Book; book 726991] | Extinction / Lisa Smedman [Read; Book; book 796228]	not found in export after manual review	Export Insurrection is by Thomas M. Reid, not David Weber / Steve White.	
Dissolution	Richard Lee Byers	2025-05-22	2025-05-22	no read audiobook in export; finish date missing/different	title/author	Dissolution	Read	Ebook		271668	296765	B00AWDA6C2			original exact match retained		
Queen of the Darkness	Anne Bishop	2025-05-22	2025-05-22	no read audiobook in export; finish date missing/different	title/author	Queen of the Darkness	Read	Book		275805	1982776	B003RCE1JY			original exact match retained		
Daughter of the Blood	Anne Bishop	2025-05-22	2025-05-22	no read audiobook in export; finish date missing/different	title/author	Daughter of the Blood	Read	Book		447718	26484641	B003C28KXM			original exact match retained		
Heir to the Shadows	Anne Bishop	2025-05-22	2025-05-22	no read audiobook in export; finish date missing/different	title/author	Heir to the Shadows	Read	Book		446147	30506635	B003LMNK2E			original exact match retained		
You Have to F--king Eat	Adam Mansbach	2025-05-22	2025-05-22	finish date missing/different	title/author	You Have to F--king Eat	Read	Audio		948710	30973759	B00P9JHMDK			original exact match retained		
Cryptonomicon	Neal Stephenson	2025-05-22	2025-05-22	no read audiobook in export; finish date missing/different	title/author	Cryptonomicon	Read	Book		386719	5310645	B086WMZ9WR			original exact match retained		
Kushiel's Dart	Jacqueline Carey	2025-05-22	2025-05-22	no read audiobook in export; finish date missing/different	title/author	Kushiel's Dart	Read	Book		427397	10192683	B002V8HEEE	9781400179497		original exact match retained		
Kushiel's Chosen	Jacqueline Carey	2025-05-22	2025-05-22	no read audiobook in export; finish date missing/different	title/author	Kushiel's Chosen	Read	Book		439003	32164650	B002VA8LKS	9781400179503		original exact match retained		
Kushiel's Avatar	Jacqueline Carey	2025-05-22	2025-05-22	no read audiobook in export; finish date missing/different	title/author	Kushiel's Avatar	Read	Book		439093	11559033	B002V082MA	9781400179510		original exact match retained		
Kushiel's Scion	Jacqueline Carey	2025-05-22	2025-05-22	not found in export								B002VAA9S0		Kushiel's Chosen / Jacqueline Carey [Read; Book; book 439003] | Kushiel's Mercy / Jacqueline Carey, Simon Vance [Read; Book; book 338270] | Kushiel's Dart / Jacqueline Carey [Read; Book; book 427397]	not found in export after manual review	No corresponding work found after reviewing same-author titles, series and blank-author export entries; fuzzy candidates rejected.	
Kushiel's Justice	Jacqueline Carey	2025-05-22	2025-05-22	no read audiobook in export; finish date missing/different	manual book-level pairing	Kushiel's Justice	Read	Book		380013	31687460	B002V5GZQK			provisional pairing accepted	Inspected title, author where supplied, and series context; descriptive suffix or sparse export metadata.	1291
Kushiel's Mercy	Jacqueline Carey	2025-05-22	2025-05-22	no read audiobook in export; finish date missing/different	title/author	Kushiel's Mercy	Read	Book		338270	31687318	B002V0TG4I			original exact match retained		
The Hallowed Hunt	Lois McMaster Bujold	2025-05-22	2025-05-22	no read audiobook in export; finish date missing/different	title/author	The Hallowed Hunt	Read	Ebook		383394	30436804	B002V0QHSG			original exact match retained		
Penric and the Shaman	Lois McMaster Bujold	2025-05-22	2025-05-22	no read audiobook in export; finish date missing/different	title/author	Penric and the Shaman	Read	Book		461429	30432952	B01NACOKLN			original exact match retained		
Penric's Mission: A Novella in the World of the Five Gods	Lois McMaster Bujold	2025-05-22	2025-05-22	no read audiobook in export; finish date missing/different	manual book-level pairing	Penric's Mission	Read	Book		489681	30436805	B01MUCWLLY			provisional pairing accepted	Inspected title, author where supplied, and series context; descriptive suffix or sparse export metadata.	270
The Curse of Chalion	Lois McMaster Bujold	2025-05-22	2025-05-22	no read audiobook in export; finish date missing/different	title/author	The Curse of Chalion	Read	Book		146704	22817578	B002V0M5FU			original exact match retained		
Paladin of Souls	Lois McMaster Bujold	2025-05-22	2025-05-22	no read audiobook in export; finish date missing/different	title/author	Paladin of Souls	Read	Book		381205	20163176	B002UZLB92			original exact match retained		
Machine Man	Max Barry	2025-05-22	2025-05-22	no read audiobook in export; finish date missing/different	title/author	Machine Man 	Read	Book		333174	5030319	B005FMYOIC			original exact match retained		
Snow Crash	Neal Stephenson	2025-05-22	2025-05-22	no read audiobook in export; finish date missing/different	title/author	Snow Crash	Read	Book		92854	6323255	B002UUKWCY			original exact match retained		
Snow Crash	Neal Stephenson	2025-05-22	2025-05-22	no read audiobook in export; finish date missing/different	title/author	Snow Crash	Read	Book		92854	6323255	B002UUKWCY			original exact match retained		
Bellwether	Connie Willis	2025-05-22	2025-05-22	no read audiobook in export; finish date missing/different	title/author	Bellwether	Read	Book		107801	16610886	B002V1BMW6			original exact match retained		
1Q84	Haruki Murakami, Jay Rubin - translator, Philip Gabriel - translator	2025-05-22	2025-05-22	no read audiobook in export; finish date missing/different	title/author	1Q84	Read	Book		427687	28550547	B005XZM7R6			original exact match retained		
Hard-Boiled Wonderland and the End of the World	Haruki Murakami	2025-05-22	2025-05-22	no read audiobook in export; finish date missing/different	title/author	Hard-Boiled Wonderland and the End of the World	Read	Book		430705	20105775	B07DFM7Y68			original exact match retained		
Storm Front	Jim Butcher	2025-05-22	2025-05-22	not found in export								B002V8KYMI		First Lord's Fury / Jim Butcher [Read; Book; book 10095] | Cursor's Fury / Jim Butcher [Read; Book; book 437923] | Furies of Calderon / Jim Butcher [Read; Book; book 380212]	not found in export after manual review	No corresponding work found after reviewing same-author titles, series and blank-author export entries; fuzzy candidates rejected.	
Fool Moon	Jim Butcher	2025-05-22	2025-05-22	no read audiobook in export; finish date missing/different	title/author	Fool Moon	Read	Book		183010	19170037	B002V1BII4			original exact match retained		
Grave Peril	Jim Butcher	2025-05-22	2025-05-22	no read audiobook in export; finish date missing/different	title/author	Grave Peril	Read	Book		309362	30117722	B002V8MMPU			original exact match retained		
Death Masks	Jim Butcher	2025-05-22	2025-05-22	no read audiobook in export; finish date missing/different	title/author	Death Masks	Read	Book		1244	19221704	B002V9ZE4A			original exact match retained		
Turn Coat	Jim Butcher	2025-05-22	2025-05-22	no read audiobook in export; finish date missing/different	title/author	Turn Coat	Read	Book		187503	17446455	B002V0M1R2			original exact match retained		
Changes: The Dresden Files, Book 12	Jim Butcher	2025-05-22	2025-05-22	no read audiobook in export; finish date missing/different	manual book-level pairing	Changes	Read	Book		252854	30527416	B003DORDUU			paired manually	Series suffix only; Jim Butcher and volume 12 agree.	649
Side Jobs	Jim Butcher	2025-05-22	2025-05-22	no read audiobook in export; finish date missing/different	manual book-level pairing	Side Jobs: Stories from The Dresden Files	Read	Book		445869	30430493	B004708FYW			provisional pairing accepted	Inspected title, author where supplied, and series context; descriptive suffix or sparse export metadata.	650
Ghost Story	Jim Butcher	2025-05-22	2025-05-22	no read audiobook in export; finish date missing/different	title/author	Ghost Story	Read	Book		333169	30446743	B00UVR0LWY			original exact match retained		
Go the F--k to Sleep	Adam Mansbach, Ricardo Cortes - illustrator	2025-05-22	2025-05-22	no read audiobook in export; finish date missing/different	manual book-level pairing	Go the Fuck to Sleep	Read	Book		799532	30806478	B00551W570			paired manually	Censored title; same author and illustrator.	160
The Name of the Wind	Patrick Rothfuss	2025-05-22	2025-05-22	no read audiobook in export; finish date missing/different	title/author	The Name of the Wind	Read	Book		379217	19454574	B002UZMLXM			original exact match retained		
The Wise Man's Fear	Patrick Rothfuss	2025-05-22	2025-05-22	no read audiobook in export; finish date missing/different	title/author	The Wise Man's Fear	Read	Book		381332	31488150	B007Q37QD8			original exact match retained		
Bad Habit	Alana S. Portero, Mara Faye Lethem - translator	2025-05-22	2025-05-22	no read audiobook in export	manual book-level pairing	Bad Habit	Read	Book	2025-05-22	1204816	32164695	B0CCW3TN5J			provisional pairing accepted	Inspected title, author where supplied, and series context; descriptive suffix or sparse export metadata.	2218
The Sword of Kaigen: A Theonite War Story	M. L. Wang	2025-05-23	2025-05-22	no read audiobook in export	manual book-level pairing	The Sword of Kaigen	Read	Book	2025-05-23	445706	30396833	B08GGD1BH1			provisional pairing accepted	Inspected title, author where supplied, and series context; descriptive suffix or sparse export metadata.	419
The Book Eaters	Sunyi Dean	2025-05-24	2025-05-23		title/author	The Book Eaters	Read	Audio	2025-05-24	465119	30382792	B09GH8QVT4			original exact match retained		
Wrath Goddess Sing	Maya Deane	2025-05-25	2025-05-24	no read audiobook in export	manual book-level pairing	Wrath Goddess Sing	Read	Book	2025-05-25	455447	31668545	B09JXLRPMQ			provisional pairing accepted	Inspected title, author where supplied, and series context; descriptive suffix or sparse export metadata.	1516
Raven Stratagem	Yoon Ha Lee	2025-05-25	2025-05-25	not marked read; no read audiobook in export; finish date missing/different	title/author	Raven Stratagem	Want to Read	Book		430697	31534766	B072JV8KMX			original exact match retained		
Revenant Gun	Yoon Ha Lee	2025-05-25	2025-05-25	not marked read; no read audiobook in export; finish date missing/different	title/author	Revenant Gun	Want to Read	Book		459138	30400629	B07DLGK6LR			original exact match retained		
Hexarchate Stories	Yoon Ha Lee	2025-05-25	2025-05-25	not marked read; no read audiobook in export; finish date missing/different	title/author	Hexarchate Stories	Want to Read	Book		459137	30567068	198000661X			original exact match retained		
Compass Rose	Anna Burke	2025-05-26	2025-05-25	no read audiobook in export	title/author	Compass Rose	Read	Book	2025-05-26	439105	12372412	B07VKF2R57			original exact match retained		
Moonstone: The Boy Who Never Was	Sjon, Victoria Cribb - translator	2025-05-26	2025-05-26	no read audiobook in export	title/author	Moonstone: The Boy Who Never Was	Read	Book	2025-05-26	1222850	31247898	B01IIPG43U			original exact match retained		
Knot of Shadows	Lois McMaster Bujold	2025-05-26	2025-05-26	no read audiobook in export; finish date missing/different	title/author	Knot of Shadows	Read	Book		696198	30684850	B09MR6VNJD			original exact match retained		
A Discovery of Witches	Deborah Harkness	2025-05-26	2025-05-26	not found in export								B004MNLNX4		Sisters of the Snake / Sasha Nanua, Sarena Nanua [Want to Read; Book; book 735327] | Sisters of the Snake / Sarena Nanua, Sasha Nanua, Soneela Nankani [Read; Audio; book 455815] | Overgrowth / Mira Grant [Want to Read; Ebook; book 1634509]	not found in export after manual review	No corresponding work found after reviewing same-author titles, series and blank-author export entries; fuzzy candidates rejected.	
Time's Convert	Deborah Harkness	2025-05-26	2025-05-26	not found in export								B07DKK2CV6		The Convert / Stefan Hertmans, Nicholas Guy Smith (Narrator) [Read; Audio; book 553242] | The Time of Contempt / Andrzej Sapkowski, Peter Kenny (Narrator), David   French (Translator) [Want to Read; Audio; book 1408508] | This Poison Heart / Kalynn  Bayron [Want to Read; Book; book 465278]	not found in export after manual review	No corresponding work found after reviewing same-author titles, series and blank-author export entries; fuzzy candidates rejected.	
Heroes Die	Matthew Stover	2025-05-26	2025-05-26	no read audiobook in export; finish date missing/different	manual book-level pairing	Heroes Die	Read	Book		78154	13759378	B006X6EQAK			paired manually	Matthew Stover / Matthew Woodring Stover name variation.	575
Blade of Tyshalle	Matthew Stover	2025-05-26	2025-05-26	not found in export								B006MXKPUE		Parable of the Talents / Octavia E. Butler, Patricia R. Floyd (Narrator), Peter Jay Fernandez (Narrator), Sisi Aisha Johnson (Narrator) [Want to Read; Audio; book 150915] | The Lady of the Lake / Jean Menzies [Want to Read; Book; book 1996709] | The Lady of the Lake / Andrzej Sapkowski, David   French (Translator), Peter Kenny (Narrator) [Want to Read; Audio; book 445169]	not found in export after manual review	No corresponding work found after reviewing same-author titles, series and blank-author export entries; fuzzy candidates rejected.	
Caine Black Knife	Matthew Stover	2025-05-26	2025-05-26	not found in export								B006P47V0M		Rainbow Black / Maggie Thrash [Want to Read; Ebook; book 975349] | Caine's law / Matthew Woodring Stover [Read; Book; book 459283] | The Subtle Knife / Philip Pullman [Read; Audio; book 198704]	not found in export after manual review	No corresponding work found after reviewing same-author titles, series and blank-author export entries; fuzzy candidates rejected.	
Caine’s Law	Matthew Stover	2025-05-26	2025-05-26	no read audiobook in export; finish date missing/different	manual book-level pairing	Caine's law	Read	Book		459283	31677253	B007MF0I2G			paired manually	Matthew Stover / Matthew Woodring Stover name variation.	2398
Shadow of Night	Deborah Harkness	2025-05-26	2025-05-26	not found in export								B008EYO88O		Our Share of Night / Mariana Enriquez, Pablo Gerardo Camacho (Illustrator), Megan McDowell (Translator) [Want to Read; Book; book 513142] | Shadow Rites / Faith Hunter [Read; Book; book 461186] | Shadow Baron / Davinia Evans [Want to Read; Book; book 1109219]	not found in export after manual review	No corresponding work found after reviewing same-author titles, series and blank-author export entries; fuzzy candidates rejected.	
The Book of Life	Deborah Harkness	2025-05-27	2025-05-27	not found in export								B00K8F6KQA		A Book of Life / Rabbi Michael Strassfeld [Want to Read; Book; book 1480436] | The Book of All Skies / Greg Egan [Want to Read; Book; book 658093] | The Book of Lights / Chaim Potok [Want to Read; Book; book 941628]	not found in export after manual review	No corresponding work found after reviewing same-author titles, series and blank-author export entries; fuzzy candidates rejected.	
One More Last Time	Eric Ugland	2025-05-27	2025-05-27	no read audiobook in export; finish date missing/different	title/author	One More Last Time	Read	Book		497387	30446039	1541404467	9781541404465		original exact match retained		
Heir Today, Pawn Tomorrow: A LitRPG/GameLit Novel	Eric Ugland	2025-05-27	2025-05-27	no read audiobook in export; finish date missing/different	manual book-level pairing	Heir Today, Pawn Tomorrow	Read	Book		637923	30615792	1541404475	9781541404472		provisional pairing accepted	Inspected title, author where supplied, and series context; descriptive suffix or sparse export metadata.	168
Dungeon Mauling	Eric Ugland	2025-05-27	2025-05-27	no read audiobook in export; finish date missing/different	title/author	Dungeon Mauling	Read	Ebook		637922	30615791	1541404548	9781541404540		original exact match retained		
Four: The Loot: A LitRPG/GameLit Novel	Eric Ugland	2025-05-27	2025-05-27	finish date missing/different	identifier	Four: The Loot	Read	Audio		637917	32316451	1541404556	9781541404557		original exact match retained		
Dukes and Ladders: A LitRPG/Gamelit Adventure	Eric Ugland	2025-05-27	2025-05-27	no read audiobook in export; finish date missing/different	manual book-level pairing	Dukes and Ladders	Read	Book		637921	30615790	1515942457	9781515942450		provisional pairing accepted	Inspected title, author where supplied, and series context; descriptive suffix or sparse export metadata.	127
Home, Siege Home: A LitRPG/GameLit Novel	Eric Ugland	2025-05-27	2025-05-27	no read audiobook in export; finish date missing/different	manual book-level pairing	Home, Siege Home	Read	Book		637920	30615789	1515942465	9781515942467		provisional pairing accepted	Inspected title, author where supplied, and series context; descriptive suffix or sparse export metadata.	180
The Bare Hunt	Eric Ugland	2025-05-27	2025-05-27	no read audiobook in export; finish date missing/different	title/author	The Bare Hunt	Read	Book		637919	30615788	1494548682	9781494548681		original exact match retained		
Eastbound and Town	Eric Ugland	2025-05-27	2025-05-27	no read audiobook in export; finish date missing/different	title/author	Eastbound and Town	Read	Book		637918	30615787	1977300502	9781977300508		original exact match retained		
Four Beheadings and a Funeral	Eric Ugland	2025-05-27	2025-05-27	no read audiobook in export; finish date missing/different	title/author	Four Beheadings and a Funeral	Read	Ebook		995399	31020151	1494548690	9781494548698		original exact match retained		
Eat, Slay, Love	Eric Ugland	2025-05-27	2025-05-27	no read audiobook in export; finish date missing/different	title/author	Eat, Slay, Love	Read	Book		637916	30615785	1705267920	9781705267929		original exact match retained		
Killing Them Awfully	Eric Ugland	2025-05-27	2025-05-27	no read audiobook in export; finish date missing/different	title/author	Killing Them Awfully	Read	Book		637915	30615784	1705267947	9781705267943		original exact match retained		
Wild Wild Quest	Eric Ugland	2025-05-27	2025-05-27	no read audiobook in export; finish date missing/different	title/author	Wild Wild Quest	Read	Ebook		637911	30615780	B09N9ZGVD6	9781705267967		original exact match retained		
Flex in the City	Eric Ugland	2025-05-27	2025-05-27	no read audiobook in export; finish date missing/different	title/author	Flex in the City	Read	Book		637822	30615691	B0BH6Z68LZ	9781666176186		original exact match retained		
Bad to the Throne	Eric Ugland	2025-05-27	2025-05-27	no read audiobook in export; finish date missing/different	title/author	Bad to the Throne	Read	Book		1077660	31101719	B0DC74YPT3			original exact match retained		
He Who Fights with Monsters: A LitRPG Adventure	Shirtaloon, Travis Deverell	2025-05-27	2025-05-27	no read audiobook in export; finish date missing/different	manual book-level pairing	He Who Fights with Monsters	Read	Book		2371526	31147086	1774248182			provisional pairing accepted	Inspected title, author where supplied, and series context; descriptive suffix or sparse export metadata.	1042
He Who Fights with Monsters 2	Shirtaloon, Travis Deverell	2025-05-27	2025-05-27	no read audiobook in export; finish date missing/different	title/author	He Who Fights with Monsters 2	Read	Book		587448	30554099	1774249162			original exact match retained		
He Who Fights with Monsters 3	Shirtaloon, Travis Deverell	2025-05-27	2025-05-27	finish date missing/different	identifier	He Who Fights with Monsters 3: A LitRPG Adventure (He Who Fights with Monsters, Book 3)	Read	Audio		567926	30529439	1039400205			original exact match retained		
He Who Fights with Monsters 4	Shirtaloon, Travis Deverell	2025-05-27	2025-05-27	no read audiobook in export; finish date missing/different	manual book-level pairing	He Who Fights with Monsters 4: He Who Fights with Monsters, Book 4	Read	Ebook		587443	31230439	B09GHD1R2R			paired manually	Repeated series subtitle adds Book 4; same author and volume.	1045
He Who Fights with Monsters 5	Shirtaloon, Travis Deverell	2025-05-27	2025-05-27	no read audiobook in export; finish date missing/different	title/author	He Who Fights with Monsters 5	Read	Ebook		587442	31230441	B09PSSTFP3			original exact match retained		
He Who Fights with Monsters 6	Shirtaloon, Travis Deverell	2025-05-27	2025-05-27	no read audiobook in export; finish date missing/different	title/author	He Who Fights With Monsters 6	Read	Book		587441	31230443	B09WB2V33H			original exact match retained		
He Who Fights with Monsters 7	Shirtaloon, Travis Deverell	2025-05-27	2025-05-27	no read audiobook in export; finish date missing/different	title/author	He Who Fights with Monsters 7	Read	Ebook		567927	31019901	B0B5HY4BM7			original exact match retained		
He Who Fights with Monsters 8	Shirtaloon, Travis Deverell	2025-05-27	2025-05-27	no read audiobook in export; finish date missing/different	title/author	He Who Fights With Monsters 8	Read	Ebook		638211	31230445	B0BDMQN3S8	9781039410008		original exact match retained		
He Who Fights with Monsters 9	Shirtaloon, Travis Deverell	2025-05-27	2025-05-27	finish date missing/different	identifier	He Who Fights with Monsters 9: A LitRPG Adventure (He Who Fights with Monsters, Book 9)	Read	Audio		638210	30616095	B0BMCNHHWN	9781039418776		original exact match retained		
He Who Fights with Monsters 10	Shirtaloon, Travis Deverell	2025-05-27	2025-05-27	no read audiobook in export; finish date missing/different	title/author	He Who Fights with Monsters 10	Read	Ebook		856789	31230447	B0C1PV6Q7C			original exact match retained		
He Who Fights with Monsters 11: A LitRPG Adventure	Shirtaloon, Travis Deverell	2025-05-27	2025-05-27	no read audiobook in export; finish date missing/different	manual book-level pairing	He Who Fights with Monsters 11	Read	Ebook		1205399	31230448	B0D1DPR1X3			provisional pairing accepted	Inspected title, author where supplied, and series context; descriptive suffix or sparse export metadata.	1057
Feet of Clay	Terry Pratchett	2025-05-27	2025-05-27	finish date missing/different	title/author	Feet of Clay	Read	Audio		446079	31195776	B09M8Y536Y			original exact match retained		
Jingo	Terry Pratchett	2025-05-27	2025-05-27	not found in export								B09M8YBLKH		Raising Steam / Terry Pratchett, Stephen Briggs (Narrator) [Want to Read; Audio; book 463511] | Vainglory / Plum Parrot, Robb Moreira (Narrator) [Read; Audio; book 1823410] | Saving Noah / Lucinda Berry [Want to Read; Book; book 559646]	not found in export after manual review	No corresponding work found after reviewing same-author titles, series and blank-author export entries; fuzzy candidates rejected.	
The Fifth Elephant	Terry Pratchett	2025-05-27	2025-05-27	no read audiobook in export; finish date missing/different	title/author	The Fifth Elephant	Read	Book		152389	30417874	B09M8X6H8X			original exact match retained		
The Truth	Terry Pratchett	2025-05-27	2025-05-27	not found in export								B09MDMFFQN		The Truth of Valor / Tanya Huff [Read; Book; book 283569] | The Truth About Keeping Secrets / Savannah Brown [Want to Read; Book; book 467996] | The Brutal Truth / Lee Winter [Want to Read; Book; book 519873]	not found in export after manual review	No corresponding work found after reviewing same-author titles, series and blank-author export entries; fuzzy candidates rejected.	
Roseland: Volume 2	Eric Ugland	2025-05-27	2025-05-27	not found in export								1774244055		Skull and Thrones / Eric Ugland [Read; Ebook; book 638177] | Of Slicing Men / Eric Ugland [Read; Ebook; book 995394] | Dukes and Ladders / Eric Ugland [Read; Book; book 637921]	not found in export after manual review	No corresponding work found after reviewing same-author titles, series and blank-author export entries; fuzzy candidates rejected.	
Roseland: Volume 3	Eric Ugland	2025-05-27	2025-05-27	not found in export								1774244136		Skull and Thrones / Eric Ugland [Read; Ebook; book 638177] | Of Slicing Men / Eric Ugland [Read; Ebook; book 995394] | Dukes and Ladders / Eric Ugland [Read; Book; book 637921]	not found in export after manual review	No corresponding work found after reviewing same-author titles, series and blank-author export entries; fuzzy candidates rejected.	
Reaper Man	Terry Pratchett	2025-05-27	2025-05-27	not found in export								B09LZ43N8W		Men at Arms / Terry Pratchett [Read; Book; book 446110] | Weatherman / Lois McMaster Bujold [Read; Book; book 468419] | Reaper's Gale / Steven Erikson [Read; Book; book 236602]	not found in export after manual review	No corresponding work found after reviewing same-author titles, series and blank-author export entries; fuzzy candidates rejected.	
The Galaxy, and the Ground Within	Becky Chambers	2025-05-27	2025-05-27	no read audiobook in export; finish date missing/different	title/author	The Galaxy, and the Ground Within	Read	Book		435198	13560725	0063069199			original exact match retained		
Night Watch	Terry Pratchett	2025-05-27	2025-05-27	not found in export								B09M8XH27V		The Night Watchman / Louise Erdrich (Narrator), Louise Erdrich [Want to Read; Audio; book 432398] | Night / George Guidall (Narrator), Marion Wiesel (Translator), Elie Wiesel [Read; Audio; book 35078] | Raising Steam / Terry Pratchett, Stephen Briggs (Narrator) [Want to Read; Audio; book 463511]	not found in export after manual review	No corresponding work found after reviewing same-author titles, series and blank-author export entries; fuzzy candidates rejected.	
Hogfather	Terry Pratchett	2025-05-27	2025-05-27	not found in export								B09LVLY9DC		A Slip of the Keyboard / Terry Pratchett, Michael Fenton Stevens (Narrator) [Want to Read; Audio; book 710285] | Men at Arms / Terry Pratchett [Read; Book; book 446110] | Off the Grid /  [Want to Read; Book; book 476393]	not found in export after manual review	No corresponding work found after reviewing same-author titles, series and blank-author export entries; fuzzy candidates rejected.	
Girls of Paper and Fire	James Patterson - foreword, Natasha Ngan	2025-05-27	2025-05-26		manual book-level pairing	Girls of Paper and Fire	Read	Audio	2025-05-27	14918	6457362	B07HM79VPL			paired manually	ABS lists foreword writer James Patterson first; Natasha Ngan matches export.	2221
The Unkindest Tide	Seanan McGuire	2025-05-27	2025-05-27	no read audiobook in export; finish date missing/different	title/author	The Unkindest Tide	Read	Book		476457	30397845	B07Z9KFK8L			original exact match retained		
Winter Lost	Patricia Briggs	2025-05-27	2025-05-27	finish date missing/different	title/author	Winter Lost	Read	Audio	2024-12-18	1097006	31629718	B0CMKG5KDY			original exact match retained		
Demon Daughter	Lois McMaster Bujold	2025-05-27	2025-05-27	no read audiobook in export; finish date missing/different	title/author	Demon Daughter	Read	Book		1109443	31133464	B0CT45TLCQ			original exact match retained		
Asunder	Kerstin Hall	2025-05-28	2025-05-27		title/author	Asunder	Read	Audio	2025-05-28	1168749	31529620	B0CSZR1K2S			original exact match retained		
Cantoras	Carolina De Robertis	2025-05-29	2025-05-29	finish date missing/different	identifier	Cantoras	Read	Audio	2025-05-30	451262	32164643	0593148991			original exact match retained		
Never Anyone but You	Rupert Thomson	2025-05-30	2025-05-29	no read audiobook in export	title/author	Never Anyone But You	Read	Book	2025-05-30	514038	32164652	B07BC67TVF			original exact match retained		
Fall on Your Knees	Ann-Marie MacDonald	2025-06-01	2025-05-30		identifier	Fall on Your Knees	Read	Audio	2025-06-01	435648	32043023	B09FYMT8MM			original exact match retained		
Penric and the Bandit	Lois McMaster Bujold	2025-06-01	2025-06-01	finish date missing/different	title/author	Penric and the Bandit	Read	Audio	2025-06-02	1447020	31487831	B0D9ZQJJ94			original exact match retained		
Alien: Covenant Origins	Alan Dean Foster	2025-06-02	2025-06-01	no read audiobook in export	title/author	Alien: Covenant Origins	Read	Book	2025-06-02	782567	31668727	B0752RX6NJ			original exact match retained		
Grave Importance	Vivian Shaw	2025-06-03	2025-06-02	no read audiobook in export	title/author	Grave Importance	Read	Book	2025-06-03	468160	30385995	1478945176			original exact match retained		
Circle of the Moon	Faith Hunter	2025-06-04	2025-06-03		title/author	Circle of the Moon	Read	Audio	2025-06-04	461183	30398094	B07NP7CS2Q			original exact match retained		
Spells for the Dead	Faith Hunter	2025-06-05	2025-06-04	finish date missing/different	title/author	Spells for the Dead	Read	Audio	2025-06-06	461182	30397955	B08DHJJPQ3			original exact match retained		
Rift in the Soul	Faith Hunter	2025-06-06	2025-06-06	finish date missing/different	title/author	Rift in the soul	Read	Audio	2025-06-07	563737	32053825	B0D2LRPMTS			original exact match retained		
He Who Fights with Monsters 12: A LitRPG Adventure	Travis Deverell Shirtaloon	2025-06-08	2025-06-06		manual book-level pairing	He Who Fights with Monsters 12	Read	Audio	2025-06-08	1781745	31894855	B0DWZYWQTB			provisional pairing accepted	Inspected title, author where supplied, and series context; descriptive suffix or sparse export metadata.	2224
When Dusk Comes	J.J. Arias	2025-06-09	2025-06-08	no read audiobook in export	title/author	When Dusk Comes	Read	Ebook	2025-06-09	514852	30467386	B0F2GJ3NP1			original exact match retained		
Sunset Fallen	J.J. Arias	2025-06-10	2025-06-09	no read audiobook in export; finish date missing/different	title/author	Sunset Fallen	Read	Book	2025-06-11	1183048	31207750	B0F2BBK1LL			original exact match retained		
New Day Rising	J.J. Arias	2025-06-11	2025-06-11	no read audiobook in export	title/author	New Day Rising	Read	Book	2025-06-11	1182475	31207178	B0F71TXB9P			original exact match retained		
Split Tooth	Tanya Tagaq	2025-06-12	2025-06-11	no read audiobook in export	title/author	Split Tooth	Read	Book	2025-06-12	448581	9653241	073523745X			original exact match retained		
Sheepfarmer's Daughter	Elizabeth Moon	2025-06-13	2025-06-12	no read audiobook in export	title/author	Sheepfarmer's Daughter	Read	Book	2025-06-13	441105	6376275	B003C26RG4			original exact match retained		
Oath of Gold	Elizabeth Moon	2025-06-14	2025-06-13	no read audiobook in export; finish date missing/different	title/author	Oath Of Gold	Read	Book	2025-06-15	457203	30603848	B003BATFV6			original exact match retained		
All Systems Red	Martha Wells	2025-06-14	2025-05-22	no read audiobook in export; finish date missing/different	title/author	All Systems Red	Read	Book	2025-06-15	427971	31608045	B076XSGP65	9781501977824		original exact match retained		
Rogue Protocol	Martha Wells	2025-06-15	2025-05-22	finish date missing/different	identifier	Rogue Protocol	Read	Audio	2025-06-08	427560	30615281	B07D9RHRH5			original exact match retained		
Exit Strategy	Martha Wells	2025-06-15	2025-05-22	no read audiobook in export	title/author	Exit Strategy	Read	Book	2025-06-15	432448	30401469	B07FF9TJ2K	9781501999994		original exact match retained		
Network Effect	Martha Wells	2025-06-15	2025-05-22		identifier	Network Effect	Read	Audio	2025-06-15	440171	30663334	1980021716	9781980021711		original exact match retained		
Divided Allegiance	Elizabeth Moon	2025-06-15	2025-06-13	no read audiobook in export; finish date missing/different	title/author	Divided Allegiance	Read	Book	2025-06-14	468576	31097376	B003C1Z4NC			original exact match retained		
Fugitive Telemetry	Martha Wells	2025-06-15	2025-05-22		identifier	Fugitive Telemetry	Read	Audio	2025-06-15	435167	30404883	1980080631			original exact match retained		
System Collapse	Martha Wells	2025-06-15	2025-05-22		identifier	System Collapse	Read	Audio	2025-06-15	462038	31516617	B0C5N9FNB4			original exact match retained		
This Rebel Heart	Katherine Locke	2025-06-16	2025-06-15	finish date missing/different	identifier	This Rebel Heart	Read	Audio	2025-06-17	454891	30746767	0593506537			original exact match retained		
System Collapse (Dramatized Adaptation)	Martha Wells	2025-06-17	2025-06-17	finish date missing/different	manual book-level pairing	System Collapse	Read	Audio	2025-06-15	462038	31516617	B0CXJVVGQQ			paired manually	Same underlying work; export narrator Kevin R. Free indicates different recording.	331
The Tombs of Atuan	Ursula K. Le Guin	2025-06-19	2025-06-18	no read audiobook in export	title/author	The Tombs of Atuan	Read	Ebook	2025-06-19	37746	28306385	1473228700			original exact match retained		
A Wizard of Earthsea	Ursula K. Le Guin	2025-06-19	2025-06-18		title/author	A Wizard of Earthsea	Read	Audio	2025-06-19	427401	31747954	B07KRJXQ8G			original exact match retained		
The Farthest Shore	Ursula K. Le Guin	2025-06-19	2025-06-19	no read audiobook in export	title/author	The Farthest Shore	Read	Book	2025-06-19	6524	1500515	1473228719			original exact match retained		
A Wizard of Earthsea	Ursula K. Le Guin	2025-06-19	2025-06-19		title/author	A Wizard of Earthsea	Read	Audio	2025-06-19	427401	31747954	B002VA3CDO	9781436143837		original exact match retained		
The Tombs of Atuan	Ursula K. Le Guin	2025-06-19	2025-06-19	no read audiobook in export	title/author	The Tombs of Atuan	Read	Ebook	2025-06-19	37746	28306385	B003U6SERW	9781449840839		original exact match retained		
The Farthest Shore	Ursula K. Le Guin	2025-06-19	2025-06-19	no read audiobook in export	title/author	The Farthest Shore	Read	Book	2025-06-19	6524	1500515	B003U70Z5K			original exact match retained		
I Feed Her to the Beast and the Beast Is Me	Jamison Shea	2025-06-20	2025-06-20	no read audiobook in export; finish date missing/different	title/author	I Feed Her to the Beast and the Beast Is Me	Read	Ebook	2025-01-20	835496	30848200	B0BWFVYGLF			original exact match retained		
Evocation	S.T. Gibson	2025-06-21	2025-06-21	finish date missing/different	title/author	Evocation	Read	Audio	2025-06-22	969063	31629709	B0CZBWRRNY			original exact match retained		
Deathless	Catherynne M. Valente	2025-06-22	2025-06-21		title/author	Deathless	Read	Audio	2025-06-22	430240	32164690	B0054KEUZ2			original exact match retained		
Something New Under the Sun	Alexandra Kleeman	2025-06-22	2025-06-22	no read audiobook in export	title/author	Something New Under the Sun	Read	Book	2025-06-22	445449	30407117	0593410556			original exact match retained		
The Bone Shard Daughter	Andrea Stewart	2025-06-23	2025-06-22		title/author	The Bone Shard Daughter	Read	Audio	2025-06-23	428780	32164714	1549104691			original exact match retained		
The Bone Shard Emperor	Andrea Stewart	2025-06-23	2025-06-23	no read audiobook in export	title/author	The Bone Shard Emperor	Read	Book	2025-06-23	465197	30382870	B09L54VXRL			original exact match retained		
A Whisper of Solace	Milena McKay	2025-06-24	2025-06-24	not found in export								B0BFJTWJZM		The Headmistress / Milena McKay [Want to Read; Ebook; book 1225206] | Reverence / Milena McKay, Abby Craden (Narrator) [Want to Read; Audio; book 1659337] | Winter Solstice / Andrea Parsneau (Narrator), pirateaba [Read; Audio; book 446666]	not found in export after manual review	No corresponding work found after reviewing same-author titles, series and blank-author export entries; fuzzy candidates rejected.	
Two Ravens and One Crow	Kevin Hearne	2025-06-24	2025-06-24	no read audiobook in export; finish date missing/different	title/author	Two Ravens and One Crow	Read	Book		429336	31129712	B0094JO09K			original exact match retained		
The Bone Shard War	Andrea Stewart	2025-06-24	2025-06-24	no read audiobook in export	title/author	The Bone Shard War	Read	Book	2025-06-24	465105	30382778	B0BBYR5GRX			original exact match retained		
The Death of Vivek Oji	Akwaeke Emezi	2025-06-24	2025-06-24	finish date missing/different	title/author	The Death of Vivek Oji	Read	Audio	2025-01-22	434871	31812897	0571363490	9780571363490		original exact match retained		
Dream On, Ramona Riley	Ashley Herring Blake	2025-06-25	2025-06-24	no read audiobook in export	manual book-level pairing	Dream On, Ramona Riley	Read	Book	2025-06-25	1376948	32164713	B0DDCVMW7H			provisional pairing accepted	Inspected title, author where supplied, and series context; descriptive suffix or sparse export metadata.	2239
Equal Rites	Terry Pratchett	2025-06-25	2025-06-25	no read audiobook in export	title/author	Equal Rites	Read	Book	2025-06-25	434155	30414541	B09LYYDBYH			original exact match retained		
Junkyard Bargain	Faith Hunter	2025-06-26	2025-06-26		title/author	Junkyard Bargain	Read	Audio	2025-06-26	476409	30397792	B08QW714NC			original exact match retained		
Junkyard War	Faith Hunter	2025-06-27	2025-06-26		identifier	Junkyard War	Read	Audio	2025-06-27	1107799	31131820	B0BNLPR9QH			original exact match retained		
Silver in the Wood & Drowned Country	Emily Tesh	2025-06-27	2025-06-27	no read audiobook in export; edition scope needs review	manual book-level pairing	Silver in the Wood | Drowned Country	Read	Book	2025-06-27 | 2025-06-27	448971,461995	12251542,30385155	1705235506			paired manually	Both constituent novels are Read; combined audiobook edition not established.	1987,2245
All-Night Pharmacy	Ruth Madievsky	2025-06-27	2025-06-27	no read audiobook in export; finish date missing/different	identifier	All-Night Pharmacy	Read	Book	2025-06-18	791556	30796893	B0C9VXVSGG	9781696612791		original exact match retained		
The Hollow Heart	Marie Rutkoski	2025-06-27	2025-06-27	no read audiobook in export; finish date missing/different	title/author	The Hollow Heart	Read	Book	2025-06-18	462531	32164685	1250815525			original exact match retained		
A Mind Spread Out on the Ground	Alicia Elliott	2025-06-27	2025-06-27	finish date missing/different	identifier	A Mind Spread Out on the Ground	Read	Audio	2025-07-28	435928	31995048	0385693370	9780385693370		original exact match retained		
Tales from the Folly	Charlaine Harris - introduction, Ben Aaronovitch	2025-06-27	2025-06-27	no read audiobook in export; finish date missing/different	manual book-level pairing	Tales from the Folly: A Rivers of London Short Story Collection	Read	Book		476538	31020661	1705269524			paired manually	ABS lists introduction writer first; Ben Aaronovitch and distinctive title agree.	334
Roseland, Volume 1	Eric Ugland	2025-06-27	2025-06-27	not found in export								1774243997		Skull and Thrones / Eric Ugland [Read; Ebook; book 638177] | Of Slicing Men / Eric Ugland [Read; Ebook; book 995394] | Dukes and Ladders / Eric Ugland [Read; Book; book 637921]	not found in export after manual review	No corresponding work found after reviewing same-author titles, series and blank-author export entries; fuzzy candidates rejected.	
Forge of Destiny: Volume 2	Yrsillar	2025-06-27	2025-06-27	not found in export								1039402305	9781039402300	Sword of Destiny / Peter Kenny (Narrator), David   French (Translator), Andrzej Sapkowski [Want to Read; Audio; book 445143] | Vigor Mortis: Volume 2 / Jessica Almasy (Narrator), Natalie Maher, Thundamoo [Read; Audio; book 917433] | Vigor Mortis: Volume 3 / Jessica Almasy (Narrator), Natalie Maher, Thundamoo [Read; Audio; book 769307]	not found in export after manual review	No corresponding work found after reviewing same-author titles, series and blank-author export entries; fuzzy candidates rejected.	
The Unfinished Line	Jen Lyon	2025-06-27	2025-06-27	no read audiobook in export; finish date missing/different	title/author	The Unfinished Line	Read	Book	2025-01-24	1600212	31672894	B0DP5GZJ8W			original exact match retained		
Native American DNA	Kim TallBear	2025-06-27	2025-06-27	finish date missing/different	manual book-level pairing	Native American DNA: Tribal Belonging and the False Promise of Genetic Science	Read	Audio	2025-08-10	1187438	32406913	1630157821			provisional pairing accepted	Inspected title, author where supplied, and series context; descriptive suffix or sparse export metadata.	2879
The Monster Baru Cormorant	Seth Dickinson	2025-06-27	2025-06-27	no read audiobook in export; finish date missing/different	title/author	The Monster Baru Cormorant	Read	Book	2025-02-05	118479	30405457	125031092X	9781250310927		original exact match retained		
The Midnight Lie	Marie Rutkoski	2025-06-27	2025-06-27	no read audiobook in export; finish date missing/different	title/author	The Midnight Lie	Read	Book	2025-06-17	1377481	31402555	1529336066			original exact match retained		
The House in the Cerulean Sea	Tj Klune	2025-06-27	2025-06-27	no read audiobook in export	title/author	The House in the Cerulean Sea	Read	Ebook	2025-06-27	436805	30391814	1250264294			original exact match retained		
Fair Game	Patricia Briggs	2025-06-27	2025-06-27	no read audiobook in export; finish date missing/different	title/author	Fair Game	Read	Ebook		11787	30520096	B007A4LT90			original exact match retained		
Cry Wolf	Patricia Briggs	2025-06-27	2025-06-27	no read audiobook in export; finish date missing/different	title/author	Cry Wolf	Read	Book		467013	30537530	B002V1NIAU			original exact match retained		
Wild Sign	Patricia Briggs	2025-06-27	2025-06-27	no read audiobook in export; finish date missing/different	title/author	Wild Sign	Read	Book		459301	30391998	0593347307			original exact match retained		
A World Between	Emily Hashimoto	2025-06-27	2025-06-27	no read audiobook in export; finish date missing/different	manual book-level pairing	A World Between	Read	Book	2025-01-18	450562	31913591	B092G8K83C			provisional pairing accepted	Inspected title, author where supplied, and series context; descriptive suffix or sparse export metadata.	1373
Alpha and Omega	Patricia Briggs	2025-06-27	2025-06-27	not marked read; no read audiobook in export; finish date missing/different	title/author	Alpha and Omega	Want to Read	Audio		467501	31020290	B00B0Z8HCW			original exact match retained		
House of Hunger	Alexis Henderson	2025-06-27	2025-06-27	no read audiobook in export; finish date missing/different	title/author	House of Hunger	Read	Book	2025-05-10	512884	30465236	B09RXSYLRV			original exact match retained		
The Skin and Its Girl	Sarah Cypher	2025-06-28	2025-06-28	no read audiobook in export; finish date missing/different	title/author	The Skin and Its Girl	Read	Book	2025-01-20	742497	30739721	B0B9TNJP3F	9780593668856		original exact match retained		
Last Night at the Telegraph Club	Malinda Lo	2025-06-28	2025-06-28	finish date missing/different	title/author	Last Night at the Telegraph Club	Read	Audio	2025-04-05	444262	30768018	0593341643			original exact match retained		
Night's Edge	Liz Kerin	2025-06-28	2025-06-28	finish date missing/different	identifier	Night's Edge	Read	Audio	2025-01-20	655488	31780608	B0BGMKKKBJ	9781250901149		original exact match retained		
Working God's Mischief	Glen Cook	2025-06-28	2025-06-28	no read audiobook in export; finish date missing/different	title/author	Working God's Mischief	Read	Book		458782	30553035	B00IUQCU0O			original exact match retained		
Junkyard Roadhouse	Faith Hunter	2025-06-28	2025-06-28	not found in export								B0D6HCRSK1		Junkyard Cats / Faith Hunter, Khristine Hvam [Read; Book; book 982520] | Junkyard War / Faith Hunter, Khristine Hvam (Narrator) [Read; Audio; book 1107799] | Junkyard Bargain / Faith Hunter [Read; Audio; book 476409]	not found in export after manual review	No corresponding work found after reviewing same-author titles, series and blank-author export entries; fuzzy candidates rejected.	
The Ghosts of Rose Hill	R. M. Romero	2025-06-28	2025-06-28	no read audiobook in export; finish date missing/different	title/author	The Ghosts of Rose Hill	Read	Ebook	2025-05-03	479575	30663294	B09LK5SNXQ			original exact match retained		
The Tyranny of the Night	Glen Cook	2025-06-28	2025-06-28	no read audiobook in export; edition scope needs review; finish date missing/different	manual book-level pairing	The Tyranny of the Night / Lord of the Silent Kingdom / Surrender to the Will of the Night / Working God's Mischief	Read	Book		457608	30426265	B007RQ1SMO			paired manually	Read catalog record lists this title plus three sequels; series volume 1. Coverage established, edition scope unclear.	771
Lord of the Silent Kingdom	Glen Cook	2025-06-28	2025-06-28	no read audiobook in export; finish date missing/different	title/author	Lord of the Silent Kingdom	Read	Book		70040	11058679	B007TNLSTS			original exact match retained		
Surrender to the Will of the Night	Glen Cook	2025-06-28	2025-06-28	no read audiobook in export; finish date missing/different	title/author	Surrender to the Will of the Night	Read	Book		459511	31615332	B007TANUB0			original exact match retained		
The Masquerades of Spring	Ben Aaronovitch	2025-06-28	2025-06-28	not marked read; no read audiobook in export; finish date missing/different	title/author	The Masquerades of Spring	Want to Read	Book		1316100	31658021	B0DF84PR9C	9781541489868		original exact match retained		
Winter's Gifts	Ben Aaronovitch	2025-06-28	2025-06-28	no read audiobook in export; finish date missing/different	title/author	Winter's Gifts	Read	Book		799921	30806977	B0BNLHC43Y			original exact match retained		
Wild Geese	Soula Emmanuel	2025-06-28	2025-06-27	not found in export								B0CGVPG4D2		Wild Things /  [Want to Read; Book; book 1545363] | Willa & Hesper / Amy Feltman [Read; Book; book 449682] | Wilder Girls / Rory Power [Want to Read; Book; book 368716]	not found in export after manual review	No corresponding work found after reviewing same-author titles, series and blank-author export entries; fuzzy candidates rejected.	
The Last Graduate	Naomi Novik	2025-06-29	2025-06-29	no read audiobook in export	title/author	The Last Graduate	Read	Book	2025-06-29	441044	30396979	0593287436			original exact match retained		
Strange New World	Vivian Shaw	2025-06-29	2025-06-29	no read audiobook in export; finish date missing/different	identifier	Strange New World	Read	Book	2025-06-26	1788250	32164628	B0DJN6BFT5	9781668650219		original exact match retained		
Bitter Waters	Vivian Shaw	2025-06-29	2025-06-29	no read audiobook in export; finish date missing/different	title/author	Bitter Waters	Read	Book	2025-06-25	1432040	31468589	B0CKNMFN4S	9781668642191		original exact match retained		
Of Monsters and Mainframes	Barbara Truelove	2025-06-29	2025-06-29	finish date missing/different	identifier	Of Monsters and Mainframes	Read	Audio	2025-06-21	1661241	32164667	B0DT7MXLZG	9781666692570		original exact match retained		
The Last One	Fatima Daas	2025-06-29	2025-06-29	not found in export								B09W5Z2RWF	9798200998043	The Last Nude / Ellis Avery [Want to Read; Book; book 35315] | The Stone Sky / N. K. Jemisin [Read; Book; book 427884] | The Last Unicorn / Patrick Rothfuss (Introduction), Peter S. Beagle [Want to Read; Book; book 427357]	not found in export after manual review	No corresponding work found after reviewing same-author titles, series and blank-author export entries; fuzzy candidates rejected.	
The Golden Enclaves	Naomi Novik	2025-06-30	2025-06-29	no read audiobook in export	title/author	The Golden Enclaves	Read	Book	2025-06-30	459821	30391820	B09NQKQRWL			original exact match retained		
A Deadly Education	Naomi Novik	2025-06-30	2025-06-30	finish date missing/different	identifier	A Deadly Education	Read	Audio	2024-12-03	427507	30663285	059328741X			original exact match retained		
Night Owls	A. R. Vishny	2025-06-30	2025-06-30	no read audiobook in export; finish date missing/different	identifier	Night Owls	Read	Book	2025-01-03	1194231	31913640	B0CQYWVVKK	9780063327337		original exact match retained		
He Who Drowned the World	Shelley Parker-Chan	2025-06-30	2025-06-30	no read audiobook in export; finish date missing/different	title/author	He Who Drowned the World	Read	Book	2025-03-16	1029526	31053978	B0BXQ7L7G6	9781529043471		original exact match retained		
Fire logic	Laurie J. Marks	2025-06-30	2025-06-30	no read audiobook in export; finish date missing/different	title/author	Fire Logic	Read	Book	2025-03-21	101571	17323921				original exact match retained		
VenCo	Cherie Dimaline	2025-06-30	2025-06-30	no read audiobook in export; finish date missing/different	title/author	VenCo	Read	Book	2025-02-08	555833	30515005	B09ZYPVFBS			original exact match retained		
The Goblin Emperor	Katherine Addison	2025-06-30	2025-06-30	finish date missing/different	identifier	The Goblin Emperor	Read	Audio	2025-07-01	11855	30633338	1250812429	9781250812421		original exact match retained		
The Witness for the Dead	Katherine Addison	2025-07-01	2025-06-30		identifier	The Witness for the Dead	Read	Audio	2025-07-01	461466	30569800	1250807891	9781250807892		original exact match retained		
Port of Shadows	Glen Cook	2025-07-01	2025-07-01	not found in export								B07CZ16R7N		Shadow Games / Glen Cook, Keith Berdak (Cover Artist) [Read; Book; book 445955] | Knot of Shadows / Lois McMaster Bujold [Read; Book; book 696198] | Shadows Linger / Glen Cook, Keith Berdak (Cover Artist) [Read; Book; book 446111]	not found in export after manual review	No corresponding work found after reviewing same-author titles, series and blank-author export entries; fuzzy candidates rejected.	
The Black Company	Glen Cook	2025-07-01	2025-07-01	no read audiobook in export; finish date missing/different	title/author	The Black Company	Read	Ebook		445457	9166836	B003T1LJ70			original exact match retained		
Shadows Linger	Glen Cook	2025-07-01	2025-07-01	no read audiobook in export; finish date missing/different	title/author	Shadows Linger	Read	Book		446111	9758404	B003XX5CCM			original exact match retained		
The White Rose	Glen Cook	2025-07-01	2025-07-01	no read audiobook in export; finish date missing/different	title/author	The White Rose	Read	Book		446115	2598901	B003XWTMNI			original exact match retained		
The Silver Spike	Glen Cook	2025-07-01	2025-07-01	not found in export								B003VW2Z5M		The White Rose / Keith Berdak (Cover Artist), Glen Cook [Read; Book; book 446115] | Soldiers Live / Glen Cook, Nicholas Jainschigg (Cover Artist) [Read; Book; book 446113] | The Dragon Never Sleeps / Glen Cook [Read; Book; book 551540]	not found in export after manual review	No corresponding work found after reviewing same-author titles, series and blank-author export entries; fuzzy candidates rejected.	
Shadow Games	Glen Cook	2025-07-01	2025-07-01	no read audiobook in export; finish date missing/different	title/author	Shadow Games	Read	Book		445955	28650479	B003UCLS4C			original exact match retained		
Dreams of Steel	Glen Cook	2025-07-01	2025-07-01	no read audiobook in export; finish date missing/different	title/author	Dreams of Steel	Read	Book		446114	10757786	B003VWI3D0			original exact match retained		
Bleak Seasons	Glen Cook	2025-07-01	2025-07-01	no read audiobook in export; finish date missing/different	title/author	Bleak Seasons	Read	Book		1465317	13952788	B003XS5K7O			original exact match retained		
She Is the Darkness	Glen Cook	2025-07-01	2025-07-01	no read audiobook in export; finish date missing/different	title/author	She Is the Darkness	Read	Book		446112	16847443	B00419VFSC			original exact match retained		
Water Sleeps	Glen Cook	2025-07-01	2025-07-01	no read audiobook in export; finish date missing/different	title/author	Water Sleeps	Read	Book		446081	590859	B003XSSV0M			original exact match retained		
Soldiers Live	Glen Cook	2025-07-01	2025-07-01	no read audiobook in export; finish date missing/different	title/author	Soldiers Live	Read	Book		446113	2600138	B0041HJKKY			original exact match retained		
The Final Girl Support Group	Grady Hendrix	2025-07-01	2025-07-01	no read audiobook in export; finish date missing/different	title/author	The Final Girl Support Group	Read	Ebook	2025-02-19	436462	30404198	0593410033			original exact match retained		
Perdido Street Station	China Mieville	2025-07-01	2025-07-01	not found in export								B002V1O2OG		October: The Story of the Russian Revolution / China Miéville [Read; Book; book 442920] | Distortion / K.T. Hanna, Andrea Parsneau (Narrator) [Read; Audio; book 769458] | The City & The City / China Miéville, John Lee (Narrator) [Want to Read; Audio; book 438690]	not found in export after manual review	No corresponding work found after reviewing same-author titles, series and blank-author export entries; fuzzy candidates rejected.	
The Scar	China Mieville	2025-07-01	2025-07-01	no read audiobook in export; finish date missing/different	title/author	The Scar	Read	Book		268734	7947248	B00OYRN3TU			original exact match retained		
Artemis	Andy Weir / cte Tereza Dockalova	2025-07-01	2025-07-01	no read audiobook in export; finish date missing/different	manual book-level pairing	Artemis	Read	Book		99422	30406820				paired manually	ABS author field includes reader Tereza Dockalova; Andy Weir matches export.	664
The Atrocity Archives	Charles Stross	2025-07-01	2025-05-22	no read audiobook in export; finish date missing/different	title/author	The Atrocity Archives	Read	Ebook		21233	30809890	B00DUDO1RM			original exact match retained		
The Fuller Memorandum	Charles Stross	2025-07-01	2025-05-22	no read audiobook in export; finish date missing/different	title/author	The Fuller Memorandum	Read	Book		459379	30809891	B004V4O9W6			original exact match retained		
The Apocalypse Codex	Charles Stross	2025-07-01	2025-05-22	finish date missing/different	title/author	The Apocalypse Codex	Read	Audio		38183	30412424	B008OJXM8Q			original exact match retained		
The Rhesus Chart	Charles Stross	2025-07-01	2025-05-22	no read audiobook in export; finish date missing/different	title/author	The Rhesus Chart	Read	Book		459296	30809892	B00LFVN2SA			original exact match retained		
The Annihilation Score	Charles Stross	2025-07-01	2025-05-22	no read audiobook in export; finish date missing/different	title/author	The Annihilation Score	Read	Ebook		351361	30786517	B0155E4902			original exact match retained		
The Nightmare Stacks	Charles Stross	2025-07-01	2025-05-22	no read audiobook in export; finish date missing/different	title/author	The Nightmare Stacks	Read	Book		463508	30381171	B01GEZP5LI			original exact match retained		
The Delirium Brief	Charles Stross	2025-07-01	2025-05-22	no read audiobook in export; finish date missing/different	title/author	The Delirium Brief	Read	Book		461496	31687465	B06Y6FMZ94			original exact match retained		
The Labyrinth Index	Charles Stross	2025-07-01	2025-05-22	no read audiobook in export; finish date missing/different	title/author	The Labyrinth Index	Read	Book		461481	31687432	1501999737	9781501999734		original exact match retained		
Dead Lies Dreaming	Charles Stross	2025-07-01	2025-05-22	not found in export								198009876X		Dead Rising / Debra Dunbar [Read; Book; book 496530] | Deadstream / Mar Romasco-Moore [Want to Read; Book; book 1479276] | The Annihilation Score / Charles Stross [Read; Ebook; book 351361]	not found in export after manual review	No corresponding work found after reviewing same-author titles, series and blank-author export entries; fuzzy candidates rejected.	
Quantum of Nightmares	Charles Stross	2025-07-01	2025-05-22	not found in export								B09CBRBZHT		The Nightmare Stacks / Charles Stross [Read; Book; book 463508] | The Atrocity Archives / Charles Stross [Read; Ebook; book 21233] | Muse of Nightmares / Laini Taylor [Read; Book; book 202648]	not found in export after manual review	No corresponding work found after reviewing same-author titles, series and blank-author export entries; fuzzy candidates rejected.	
Season of Skulls	Charles Stross	2025-07-01	2025-05-22	not found in export								B0BZ956S3Z		Season of Storms / Andrzej Sapkowski, David French (Translator), Peter Kenny (Narrator) [Want to Read; Audio; book 461967] | Season of Love / Helena Greer [Want to Read; Book; book 503759] | A Conventional Boy / Charles Stross [Read; Book; book 1612299]	not found in export after manual review	No corresponding work found after reviewing same-author titles, series and blank-author export entries; fuzzy candidates rejected.	
The Grief of Stones	Katherine Addison	2025-07-01	2025-07-01	no read audiobook in export	identifier	The Grief of Stones	Read	Book	2025-07-01	465135	30382808	B09GGZJQL2	9781250856616		original exact match retained		
Fantasy Swap Online, Book 1	Alyson Belle	2025-07-01	2025-07-01	not found in export								B079P6CMG7		Forever Fantasy Online / Rachel Aaron, Travis Bach [Read; Book; book 507292] | Water Kanin: Glass Kanin, Book 3 / Kia Leep, Daniel Henning (Narrator) [Read; Audio; book 2187574] | Splinter Angel: Book 1 / AvaritiaBona, Jessica Threet (Narrator) [Read; Audio; book 2065615]	not found in export after manual review	No corresponding work found after reviewing same-author titles, series and blank-author export entries; fuzzy candidates rejected.	
The Tomb of Dragons	Katherine Addison	2025-07-02	2025-07-01		identifier	The Tomb of Dragons	Read	Audio	2025-07-02	748543	31927455	B0D3QZTHRK	9781250386069		original exact match retained		
Southern Lights	Liz Arncliffe	2025-07-02	2025-07-02	no read audiobook in export; finish date missing/different	title/author	Southern Lights	Read	Book	2025-07-03	1670494	32164699	B0DZZHQM1J	9798855569605		original exact match retained		
The Dispossessed	Ursula K. Le Guin	2025-07-03	2025-07-02	no read audiobook in export	title/author	The Dispossessed	Read	Book	2025-07-03	267204	4417592	B0041PD25K			original exact match retained		
The Left Hand of Darkness	Ursula K. Le Guin	2025-07-03	2025-07-03	no read audiobook in export; finish date missing/different	title/author	The Left Hand of Darkness	Read	Book	2025-07-04	377842	9212187	B01NH0D987			original exact match retained		
Unworthy	J.A. Vodvarka	2025-07-04	2025-07-04	no read audiobook in export; finish date missing/different	manual book-level pairing	Unworthy: The Blacksea Odyssey Book 1	Read	Ebook	2025-04-10	1190851	31756994	B0DT2BVPHV	9798895398265		paired manually	The Blacksea Odyssey Book 1 subtitle; same author.	2189
Queen of Teeth	Hailey Piper	2025-07-04	2025-07-03		title/author	Queen of Teeth	Read	Audio	2025-07-04	513688	31924380	B0BQZHYDR3			original exact match retained		
Sea Wolf	Anna Burke	2025-07-04	2025-07-04	no read audiobook in export	title/author	Sea Wolf	Read	Book	2025-07-04	465274	30382948	B0BC2J19P6			original exact match retained		
Forever Is Now	Mariama J. Lockington	2025-07-04	2025-07-04	finish date missing/different	title/author	Forever Is Now	Read	Audio	2025-01-18	742454	31913549	B0BHBYGD44			original exact match retained		
The Grief Keeper	Alexandra Villasante	2025-07-04	2025-07-04	no read audiobook in export; finish date missing/different	title/author	The Grief Keeper	Read	Ebook	2025-04-28	521655	30474996	0593151046			original exact match retained		
The Stars and the Blackness Between Them	Junauda Petrus	2025-07-04	2025-07-04	no read audiobook in export; finish date missing/different	title/author	The Stars and the Blackness Between Them	Read	Book	2025-02-13	444281	31913637	0593106032			original exact match retained		
The Lily and the Crown	Roslyn Sinclair	2025-07-05	2025-07-04	no read audiobook in export	title/author	The Lily and the Crown	Read	Book	2025-07-05	590051	30557343	B08WJHFQ29			original exact match retained		
The Knight and the Moth	Rachel Gillig	2025-07-06	2025-07-05	no read audiobook in export	identifier	The Knight and the Moth	Read	Book	2025-07-06	1120724	32164710	B0DJPSYMN1	9781668647776		original exact match retained		
The Warden	Daniel M. Ford	2025-07-07	2025-06-24	no read audiobook in export	title/author	The Warden	Read	Ebook	2025-07-07	555810	30514981	B0D7MX5YRY			original exact match retained		
Necrobane	Daniel M. Ford	2025-07-07	2025-07-07		title/author	Necrobane	Read	Audio	2025-07-07	897571	32011980	B0DDQNZ1SP			original exact match retained		
Advocate	Daniel M. Ford	2025-07-08	2025-07-07	no read audiobook in export	title/author	Advocate	Read	Book	2025-07-08	1707845	31803327	B0DWCPX3VL	9781666694857		original exact match retained		
The Buffalo Hunter Hunter	Stephen Graham Jones	2025-07-09	2025-07-08	no read audiobook in export; finish date missing/different	title/author	The Buffalo Hunter Hunter	Read	Book	2025-07-10	1437438	31475163	B0DD52VDNL	9781668117323		original exact match retained		
Black Water Sister	Zen Cho	2025-07-10	2025-07-09	no read audiobook in export	title/author	Black Water Sister	Read	Book	2025-07-10	429064	23510890	1980036039			original exact match retained		
Unbound	J.A. Vodvarka	2025-07-11	2025-07-10		manual book-level pairing	Unbound: The Blacksea Odyssey Book 2	Read	Audio	2025-07-11	1726601	32108600	B0F2GFXHX2	9798895398272		paired manually	The Blacksea Odyssey Book 2 subtitle; same author.	2259
Unyielding	J.A. Vodvarka	2025-07-12	2025-07-11		title/author	Unyielding	Read	Audio	2025-07-12	1777137	32115332	B0F7W8D6T5	9798895398289		original exact match retained		
Girls Girls Girls	Shoshana von Blanckensee	2025-07-13	2025-07-12	no read audiobook in export	manual book-level pairing	Girls Girls Girls	Read	Book	2025-07-13	1906014	32164687	B0DJH8S2BK	9798217076680		provisional pairing accepted	Inspected title, author where supplied, and series context; descriptive suffix or sparse export metadata.	2261
Ascension	S.T. Gibson	2025-07-13	2025-07-13	finish date missing/different	title/author	Ascension	Read	Audio	2025-07-13,2025-07-13	1718243	32117319	B0DVHYM418	9798350896121		original exact match retained		
The Scourge Between Stars	Ness Brown	2025-07-13	2025-07-13	finish date missing/different	identifier	The Scourge Between Stars	Read	Audio	2025-07-14	696070	31891240	B0BRNZFG1X	9781667076089		original exact match retained		
The Salt Grows Heavy	Cassandra Khaw	2025-07-13	2025-07-13		title/author	The Salt Grows Heavy	Read	Audio	2025-07-13	686050	30673351	B0BFGFMN82	9781250900876		original exact match retained		
Bury Our Bones in the Midnight Soil	V. E. Schwab	2025-07-14	2025-07-14	no read audiobook in export; finish date missing/different	title/author	Bury Our Bones in the Midnight Soil	Read	Book	2025-07-06	1396631	31603931	B0D74FY9CG	9781035064687		original exact match retained		
Blood on Her Tongue	Johanna Van Veen	2025-07-14	2025-07-13	no read audiobook in export	title/author	Blood on Her Tongue	Read	Book	2025-07-14	1373576	31398629	B0DPLGMPVL	9781004185221		original exact match retained		
The Echo Wife	Sarah Gailey	2025-07-14	2025-07-14	no read audiobook in export	title/author	The Echo Wife	Read	Book	2025-07-14	427729	13438092	1250755131			original exact match retained		
Sisters of the Vast Black	Lina Rather	2025-07-14	2025-07-14	finish date missing/different	identifier	Sisters of the Vast Black	Read	Audio	2025-07-15	451676	32164644	1980096813			original exact match retained		
Sisters of the Forsaken Stars	Lina Rather	2025-07-15	2025-07-14		title/author	Sisters of the Forsaken Stars	Read	Audio	2025-07-15	465155	32164636	B09JYFX1ZR			original exact match retained		
Somewhere Beyond the Sea	TJ Klune	2025-07-15	2025-07-15	no read audiobook in export	title/author	Somewhere Beyond the Sea	Read	Book	2025-07-15	994867	31019620	B0CKWP6FM1			original exact match retained		
A Conventional Boy	Charles Stross	2025-07-15	2025-07-15	no read audiobook in export; finish date missing/different	title/author	A Conventional Boy	Read	Book	2025-07-16	1612299	31687317	B0DMTK2X56	9781405564083		original exact match retained		
Elatsoe	Darcie Little Badger	2025-07-16	2025-07-15	no read audiobook in export	title/author	Elatsoe	Read	Book	2025-07-16	432278	24927818	1662039034			original exact match retained		
Night Owls	A.R. Vishny	2025-07-17	2025-07-17	no read audiobook in export; finish date missing/different	manual book-level pairing	Night Owls	Read	Book	2025-01-03	1194231	31913640	B0CQYWVVKK			provisional pairing accepted	Inspected title, author where supplied, and series context; descriptive suffix or sparse export metadata.	523
Godly Heathens	H.E. Edgmon	2025-07-17	2025-07-16	no read audiobook in export	title/author	Godly Heathens	Read	Book	2025-07-17	511752	30464002	B0BVKXC723	9781250290489		original exact match retained		
Providence Girls	Morgan Dante	2025-07-18	2025-07-17	no read audiobook in export	title/author	Providence Girls	Read	Book	2025-07-18	1217569	31242640	B0DVB4TJL9			original exact match retained		
Magica Riot (Maidensong Magica Book 1)	Kara  Buchanan	2025-07-18	2025-07-18		manual book-level pairing	Magica Riot	Read	Audio	2025-07-18	1644317	32137941		9798218520090		paired manually	Series suffix only; same author and volume.	2270
The Rust Maidens	Gwendolyn Kiste	2025-07-19	2025-07-18	no read audiobook in export	title/author	The Rust Maidens	Read	Book	2025-07-19	450636	22903964	B07XPFS61J			original exact match retained		
Stone and Sky	Ben Aaronovitch	2025-07-20	2025-07-19		title/author	Stone and Sky	Read	Audio	2025-07-20	1710693	32164715	B0DNRBC3QG	9781409188940		original exact match retained		
The Phoenix Peaks	Selkie Myth	2025-07-21	2025-07-20		title/author	The Phoenix Peaks	Read	Audio	2025-07-21	1202804	32140821	B0DJTYK4H6			original exact match retained		
Moonfall	Selkie Myth	2025-07-21	2025-07-21		title/author	Moonfall	Read	Audio	2025-07-21	1576140	32142533	B0DRMK6KBV			original exact match retained		
The Assassin's Blade	Sarah J. Maas	2025-07-21	2025-07-21	not found in export								1547608781	9781547608782	The Assassins of Altis / Jack Campbell [Want to Read; Book; book 606651] | The Silent Blade / R. A. Salvatore [Want to Read; Book; book 446027] | Throne of Glass / Sarah J. Maas [Read; Book; book 39629]	not found in export after manual review	No corresponding work found after reviewing same-author titles, series and blank-author export entries; fuzzy candidates rejected.	
Crown of Midnight	Sarah J. Maas	2025-07-21	2025-07-21	no read audiobook in export; finish date missing/different	title/author	Crown of Midnight	Read	Book		283659	30809252	1547607556	9781547607556		original exact match retained		
Deep Roots	Ruthanna Emrys	2025-07-21	2025-07-21	no read audiobook in export; finish date missing/different	title/author	Deep Roots	Read	Book	2025-07-22	31121	30404539	B07F7CGTXY			original exact match retained		
Tehanu	Ursula K. Le Guin	2025-07-22	2025-07-21	no read audiobook in export	title/author	Tehanu	Read	Book	2025-07-22	439834	29142357	B01G9EPERE			original exact match retained		
The Furthest Station	Ben Aaronovitch	2025-07-22	2025-07-22	no read audiobook in export; finish date missing/different	title/author	The Furthest Station	Read	Book		432530	30517254	B06XPX5B47	9781473222458		original exact match retained		
Tales from Earthsea	Ursula K. Le Guin	2025-07-22	2025-07-22	no read audiobook in export	title/author	Tales from Earthsea	Read	Book	2025-07-22	457055	22687041	B01KOTMZFE	9781501926655		original exact match retained		
Light from Uncommon Stars	Ryka Aoki	2025-07-22	2025-07-22	finish date missing/different	identifier	Light From Uncommon Stars	Read	Audio	2025-01-09	449040	30805972	1250824478			original exact match retained		
His Dark Materials: The Golden Compass	Philip Pullman	2025-07-22	2025-07-22	no read audiobook in export; finish date missing/different	manual book-level pairing	The Golden Compass	Read	Book		355708	24358857	B0D9C9BMTW			paired manually	Series prefix only; same author and volume 1.	715
The Subtle Knife	Philip Pullman	2025-07-22	2025-07-22	finish date missing/different	title/author	The Subtle Knife	Read	Audio		198704	23053099	B0D9C7W53H	9780593950500		original exact match retained		
The Amber Spyglass	Philip Pullman	2025-07-22	2025-07-22	no read audiobook in export; finish date missing/different	title/author	The Amber Spyglass	Read	Book		477834	30553765	0241548713			original exact match retained		
The Sharing Knife, Volume 1	Lois McMaster Bujold	2025-07-22	2025-07-22	no read audiobook in export; finish date missing/different	manual book-level pairing	Beguilement	Read	Book		447837	15363668	B002V8KZAE	9781624608247		paired manually	Beguilement; same author and series volume 1.	487
The Sharing Knife, Volume 2	Lois McMaster Bujold	2025-07-22	2025-07-22	no read audiobook in export; finish date missing/different	manual book-level pairing	Legacy	Read	Book		373804	31687442	B002VA9SVO			paired manually	Legacy; same author and series volume 2.	1287
The Sharing Knife, Volume 3	Lois McMaster Bujold	2025-07-22	2025-07-22	no read audiobook in export; finish date missing/different	manual book-level pairing	Passage	Read	Book		748532	9032084	B002VA8X3I			paired manually	Passage; same author and series volume 3.	1256
The Sharing Knife, Vol. 4: Horizon	Lois McMaster Bujold	2025-07-22	2025-07-22	no read audiobook in export; finish date missing/different	manual book-level pairing	Horizon	Read	Book		182034	12591811	B002V9XB6I			paired manually	Horizon; same author and series volume 4.	2772
Knife Children	Lois McMaster Bujold	2025-07-22	2025-07-22	no read audiobook in export; finish date missing/different	title/author	Knife Children	Read	Ebook		461428	30569294	1982699787			original exact match retained		
The Spirit Ring	Lois McMaster Bujold	2025-07-22	2025-07-22	no read audiobook in export; finish date missing/different	title/author	The Spirit Ring	Read	Book		326787	15365286	1982692839			original exact match retained		
Kraken	China Mieville	2025-07-22	2025-07-22	not marked read; no read audiobook in export; finish date missing/different	title/author	Kraken	Want to Read	Audio		295020	31094917	B003TPS0ZU			original exact match retained		
A Wizard of Earthsea	Ursula K. Le Guin	2025-07-22	2025-07-22	finish date missing/different	title/author	A Wizard of Earthsea	Read	Audio	2025-06-19	427401	31747954	B002V0M76W			original exact match retained		
The Hunger Games	Suzanne Collins	2025-07-22	2025-07-22	no read audiobook in export; finish date missing/different	title/author	The Hunger Games	Read	Book		88639	1589497	B07HHH7L77			original exact match retained		
Catching Fire	Suzanne Collins	2025-07-22	2025-07-22	no read audiobook in export; finish date missing/different	title/author	Catching Fire	Read	Book		175780	7988314	1338589016			original exact match retained		
Mockingjay	Suzanne Collins	2025-07-22	2025-07-22	no read audiobook in export; finish date missing/different	title/author	Mockingjay	Read	Book		463683	27387551	1338589040			original exact match retained		
Certain Dark Things	Silvia Moreno-Garcia	2025-07-22	2025-07-22	no read audiobook in export; finish date missing/different	title/author	Certain Dark Things	Read	Book	2024-12-29	449038	12613281	1250808278			original exact match retained		
Bitter	Akwaeke Emezi	2025-07-22	2025-07-22	no read audiobook in export; finish date missing/different	title/author	Bitter	Read	Book	2025-02-12	444483	30906437	B09C9VYVC4			original exact match retained		
The Other Wind	Ursula K. Le Guin	2025-07-22	2025-07-22	no read audiobook in export	title/author	The Other Wind	Read	Book	2025-07-22	445966	7084723	B071KLHTRV			original exact match retained		
Sword in the Stars	A. R. Capetta, Cory McCarthy	2025-07-22	2025-07-22	no read audiobook in export; finish date missing/different	title/author	Sword in the Stars	Read	Book	2025-07-23	465332	32164678	1549152483			original exact match retained		
Nona the Ninth	Tamsyn Muir	2025-07-23	2025-07-22	no read audiobook in export	title/author	Nona the Ninth	Read	Book	2025-07-23	462513	30413195	B0B1QVZKZG			original exact match retained		
A Prayer for the Crown-Shy	Becky Chambers	2025-07-23	2025-07-23		title/author	A Prayer for the Crown-Shy	Read	Audio	2025-07-23	460092	30768109	B09K9C2X3J			original exact match retained		
Rocannon's World	Ursula K. Le Guin	2025-07-23	2025-07-23	no read audiobook in export	title/author	Rocannon's World	Read	Book	2025-07-23	1134855	31158925	B0CTCX2PM8			original exact match retained		
Planet of Exile	Ursula K. Le Guin	2025-07-23	2025-07-23	no read audiobook in export	title/author	Planet of Exile	Read	Book	2025-07-23	443913	32164627	B0DN3P46N9			original exact match retained		
City of Illusions	Ursula K. Le Guin	2025-07-24	2025-07-23	no read audiobook in export	title/author	City of Illusions	Read	Book	2025-07-24	441798	16548591	B0DT4QPM4V			original exact match retained		
The Word for World Is Forest	Ursula K. Le Guin	2025-07-24	2025-07-24		title/author	The Word for World Is Forest	Read	Audio	2025-07-24	441886	32164712	B0CMZ17B99			original exact match retained		
Four Ways to Forgiveness	Ursula K. Le Guin	2025-07-24	2025-07-24	no read audiobook in export	title/author	Four Ways to Forgiveness	Read	Book	2025-07-24	230886	28164019				original exact match retained		
The Telling	Ursula K. Le Guin	2025-07-24	2025-07-24	no read audiobook in export	title/author	The Telling	Read	Book	2025-07-24	458012	21297089	B0CQQ7QHS7			original exact match retained		
Viridian Gate Online: Path of the Blood Phoenix	J.D. Astra, James A. Hunter	2025-07-25	2025-07-24		manual book-level pairing	Path of the Blood Phoenix	Read	Audio	2025-07-25	768828	32147433	B0F8KSPJ3W			paired manually	Same author and individual title; Read audio row preferable to duplicate blank-author print record 1612274.	2284
Girls of Storm and Shadow	Natasha Ngan	2025-07-25	2025-07-25	no read audiobook in export	identifier	Girls of Storm and Shadow	Read	Book	2025-07-25	507104	32164697	1549118781			original exact match retained		
Girls of Fate and Fury	Natasha Ngan	2025-07-26	2025-07-25		title/author	Girls of Fate and Fury	Read	Audio	2025-07-26	526659	32164642	B09K8PC3KN			original exact match retained		
City of Lust	Debra Dunbar	2025-07-26	2025-07-26	not found in export								B07M95LN7L		City of Laughter /  [Read; Book; book 1061514] | Kingdom of Lies / Debra Dunbar [Read; Book; book 612350] | City of Illusions / Ursula K. Le Guin [Read; Book; book 441798]	not found in export after manual review	No corresponding work found after reviewing same-author titles, series and blank-author export entries; fuzzy candidates rejected.	
A Crown of Imp and Bone	Debra Dunbar	2025-07-26	2025-07-26		title/author	A Crown of Imp and Bone	Read	Audio	2025-07-26	1612359	32149386	B0D74T8S84			original exact match retained		
The Black Bird Oracle	Deborah Harkness	2025-07-26	2025-07-26	no read audiobook in export	title/author	The Black Bird Oracle	Read	Ebook	2025-07-26	1108774	31726306	B0CPYZ6RPY	9780593909232		original exact match retained		
The Martian Contingency	Mary Robinette Kowal	2025-07-27	2025-07-26		title/author	The Martian Contingency	Read	Audio	2025-07-27	460075	31937837	B0DJFYCM2Z			original exact match retained		
Tidal Creatures	Seanan McGuire	2025-07-27	2025-07-27		title/author	Tidal Creatures	Read	Audio	2025-07-27	1199824	32164646	B0CHSYY1D9			original exact match retained		
Beggars Ride	Nancy Kress	2025-07-28	2025-07-27	no read audiobook in export; finish date missing/different	manual book-level pairing	Beggars Ride	Read	Book	2025-07-29	69945	32164662	B002VAA7XC			provisional pairing accepted	Inspected title, author where supplied, and series context; descriptive suffix or sparse export metadata.	2292
Beggars and Choosers	Nancy Kress	2025-07-28	2025-07-28	finish date missing/different	title/author	Beggars and Choosers	Read	Audio	2025-07-27	474399	32164664	B002V1BORO			original exact match retained		
Abhorsen	Garth Nix	2025-07-29	2025-07-28	no read audiobook in export	title/author	Abhorsen	Read	Book	2025-07-29	40324	21055481	B002V5GY0M	9780807205655		original exact match retained		
Clariel: The Lost Abhorsen	Garth Nix	2025-07-30	2025-07-29		manual book-level pairing	Clariel	Read	Audio	2025-07-30	436344	32164631	B00O2GWNEO			provisional pairing accepted	Inspected title, author where supplied, and series context; descriptive suffix or sparse export metadata.	2542
Goldenhand	Garth Nix	2025-07-31	2025-07-30		title/author	Goldenhand	Read	Audio	2025-07-31	461487	31901809	B01M16DDG0	9780739368350		original exact match retained		
Terciel & Elinor	Garth Nix	2025-07-31	2025-07-31	no read audiobook in export; finish date missing/different	manual book-level pairing	Terciel and Elinor	Read	Book	2025-08-01	445758	6592488	0593555287			paired manually	Ampersand / and variation; same author.	2297
You Made a Fool of Death with Your Beauty	Akwaeke Emezi	2025-08-01	2025-08-01	finish date missing/different	title/author	You Made a Fool of Death with Your Beauty	Read	Audio	2025-02-12	455786	30659400	B09KYJY3WQ			original exact match retained		
Little Rot	Akwaeke Emezi	2025-08-01	2025-08-01	no read audiobook in export; finish date missing/different	manual book-level pairing	Little Rot	Read	Book	2025-02-11	1157860	31913651	B0CNQRX82H	9780593867617		provisional pairing accepted	Inspected title, author where supplied, and series context; descriptive suffix or sparse export metadata.	1395
Feet of Clay	Terry Pratchett	2025-08-01	2025-08-01	finish date missing/different	identifier	Feet of Clay	Read	Audio		446079	31195776	B09M8Y536Y	9781473588639		original exact match retained		
To Hold the Bridge	Garth Nix	2025-08-01	2025-07-31	no read audiobook in export	title/author	To Hold the Bridge	Read	Book	2025-08-01	458374	32176289	B00UU4DBFW	9780062398123		original exact match retained		
Such Lovely Skin	Tatiana Schlote-Bonne	2025-08-01	2025-08-01	no read audiobook in export	title/author	Such Lovely Skin	Read	Book	2025-08-01	1195062	31219870	B0D2FV6VDD	9798217020935		original exact match retained		
I Was a Teenage Slasher	Stephen Graham Jones	2025-08-02	2025-08-01	no read audiobook in export	title/author	I Was a Teenage Slasher	Read	Book	2025-08-02	1084092	31108128	B0CLGXGPLT	9781797175966		original exact match retained		
Children of Virtue and Vengeance	Tomi Adeyemi	2025-08-02	2025-08-02	no read audiobook in export	title/author	Children of Virtue and Vengeance	Read	Book	2025-08-02	432216	30402308	B07DF31P87	9781250309907		original exact match retained		
Children of Anguish and Anarchy	Tomi Adeyemi	2025-08-03	2025-08-02	no read audiobook in export	identifier	Children of Anguish and Anarchy	Read	Book	2025-08-03	620126	31756391	B0CJG2BBNF	9781250247858		original exact match retained		
All These Worlds	Dennis E. Taylor	2025-08-03	2025-08-03	no read audiobook in export	title/author	All These Worlds	Read	Book	2025-08-03	427990	28912712	B07341FZDC			original exact match retained		
Heaven's River	Dennis E. Taylor	2025-08-04	2025-08-03		title/author	Heaven's River	Read	Audio	2025-08-04	428002	30404045	B088C4DBYP			original exact match retained		
Not Till We Are Lost	Dennis E. Taylor	2025-08-04	2025-08-04	no read audiobook in export	title/author	Not Till We Are Lost	Read	Ebook	2025-08-04	1432670	31469389	B0CW23CC7L			original exact match retained		
The War of the Noobs	Ryan Rimmel	2025-08-04	2025-08-04	no read audiobook in export	title/author	The War of the Noobs	Read	Ebook	2025-08-04	1575192	31640713	B0DM6RRPSW			original exact match retained		
The Empire of Gold: A Novel	S. A. Chakraborty	2025-08-05	2025-08-04	no read audiobook in export	manual book-level pairing	The Empire of Gold	Read	Book	2025-08-05	441041	30405487	0062984772			provisional pairing accepted	Inspected title, author where supplied, and series context; descriptive suffix or sparse export metadata.	455
The Society of Starry Eyes	Acaswell	2025-08-05	2025-08-05	finish date missing/different	title/author	The Society of Starry Eyes	Read	Audio	2025-08-06	1459837	31967002	B0CQMRJ4HT			original exact match retained		
Demon's Bluff	Kim Harrison	2025-08-06	2025-08-05	no read audiobook in export	title/author	Demon's Bluff	Read	Book	2025-08-06	1219065	32365010	B0CTNT9XWX			original exact match retained		
The Turn	Kim Harrison	2025-08-06	2025-08-06	finish date missing/different	title/author	The Turn	Read	Audio	2025-08-07	503503	32202288	B01N4TH0ZA			original exact match retained		
Andrea Vernon and the Superhero-Industrial Complex	Alexander C. Kane	2025-08-07	2025-08-06	no read audiobook in export	title/author	Andrea Vernon and the Superhero-Industrial Complex	Read	Book	2025-08-07	672286	30658143	B07NP61PHX			original exact match retained		
Andrea Vernon and The Big Axe Acquisition	Alexander C. Kane	2025-08-07	2025-08-07		title/author	Andrea Vernon and the Big Axe Acquisition	Read	Audio	2025-08-07	1160727	31184947	B09452NNLC			original exact match retained		
House of Sky and Breath	Sarah J. Maas	2025-08-07	2025-08-07	no read audiobook in export	title/author	House of Sky and Breath	Read	Ebook	2025-08-07	429093	30401166	B09MZPZ1WG			original exact match retained		
House of Sky and Breath (Part 1 of 2) (Dramatized Adaptation)	Sarah J. Maas	2025-08-07	2025-08-07	no read audiobook in export; edition scope needs review	manual book-level pairing	House of Sky and Breath	Read	Ebook	2025-08-07	429093	30401166	B0D3R2WQQ1	9798890551993		paired manually	Read whole novel covers underlying work; separate dramatized part edition not established.	185
House of Sky and Breath (Part 2 of 2) (Dramatized Adaptation)	Sarah J. Maas	2025-08-07	2025-08-07	no read audiobook in export; edition scope needs review	manual book-level pairing	House of Sky and Breath	Read	Ebook	2025-08-07	429093	30401166	B0D9PG137D	9798890552716		paired manually	Read whole novel covers underlying work; separate dramatized part edition not established.	185
Lunar Interlude: A Dystopian Sci-Fi Adventure	Plum Parrot	2025-08-07	2025-08-07	finish date missing/different	identifier	Lunar Interlude: A Dystopian Sci-Fi Adventure	Read	Audio	2025-08-08	1612360	31864725	B0DDM1B8NS			original exact match retained		
Azarinth Healer: Book One: A LitRPG Adventure	Rhaegar	2025-08-07	2025-08-07	no read audiobook in export; finish date missing/different	manual book-level pairing	Azarinth Healer: Book One	Read	Book		638219	30616103	B0BLZNZ47B			paired manually	Descriptive suffix only; Rhaegar and Book One agree, not later volumes.	46
Azarinth Healer: Book Two	Rhaegar	2025-08-07	2025-08-07	no read audiobook in export; finish date missing/different	title/author	Azarinth Healer: Book Two	Read	Ebook		917368	31438282	B0C2QQNGWT			original exact match retained		
On a Throne of Lies	Eric Ugland	2025-08-07	2025-08-07	no read audiobook in export; finish date missing/different	title/author	On a Throne of Lies	Read	Ebook		1076311	31100376	B0CJG27S9V			original exact match retained		
Fate's Reckoning: A Dystopian Sci-Fi Adventure	Plum Parrot	2025-08-08	2025-08-07		identifier	Fate's Reckoning	Read	Audio	2025-08-08	1758334	31947763	B0DRM4ST6K			original exact match retained		
Azarinth Healer, Book Three	Rhaegar	2025-08-08	2025-08-08	no read audiobook in export; finish date missing/different	title/author	Azarinth Healer: Book Three	Read	Ebook		1074916	31098981	B0CPQ4Y33K			original exact match retained		
Azarinth Healer: Book Four	Rhaegar	2025-08-09	2025-08-08	no read audiobook in export	title/author	Azarinth Healer: Book Four	Read	Ebook	2025-08-09	1458149	31500760	B0DMQ2WP9F			original exact match retained		
Azarinth Healer, Book Five	Rhaegar	2025-08-10	2025-08-09		title/author	Azarinth Healer: Book Five	Read	Audio	2025-08-10	1844380	31994745	B0F2TRCNNC			original exact match retained		
Sojourner: A LitRPG Progression Fantasy	Plum Parrot	2025-08-11	2025-08-10		manual book-level pairing	Sojourner	Read	Audio	2025-08-11	1612376	31947394	B0DYBBBPLD	9781039452626		provisional pairing accepted	Inspected title, author where supplied, and series context; descriptive suffix or sparse export metadata.	2614
Revelation: A LitRPG Adventure	V.A. Lewis	2025-08-11	2025-08-11	no read audiobook in export	manual book-level pairing	Revelation	Read	Ebook	2025-08-11	1760730	31867649	B0CP8G5SX6			provisional pairing accepted	Inspected title, author where supplied, and series context; descriptive suffix or sparse export metadata.	2615
Beast: A LitRPG Adventure	V.A. Lewis	2025-08-11	2025-08-11	no read audiobook in export	manual book-level pairing	Beast	Read	Ebook	2025-08-11	1760732	31867651	B0CWHWZZTQ			provisional pairing accepted	Inspected title, author where supplied, and series context; descriptive suffix or sparse export metadata.	2181
The Child Monster	V.A. Lewis	2025-08-12	2025-08-11	no read audiobook in export	title/author	The Child Monster	Read	Ebook	2025-08-12	1760733	31867652	B0D5S7T1T7			original exact match retained		
A Gathering of Shadows	V. E. Schwab	2025-08-13	2025-08-12		title/author	A Gathering of Shadows	Read	Audio	2025-08-13	358274	30590479	B01BKXMZ8K			original exact match retained		
A Conjuring of Light	V. E. Schwab	2025-08-14	2025-08-13		title/author	A Conjuring of Light	Read	Audio	2025-08-14	10411	30552337	B01N9V499O			original exact match retained		
Freehaven Online: Lady Thunderlord, Into Hades	Jun Prince	2025-08-14	2025-08-14	finish date missing/different	manual book-level pairing	Lady Thunderlord, Into Hades	Read	Audio	2025-08-15	1853291	32202283	B07N6JX8L6			paired manually	Series prefix omitted; same author, volume 2.	2617
Freehaven Online: Winter Dungeonland	Jun Prince	2025-08-15	2025-08-15		manual book-level pairing	Winter Dungeonland	Read	Audio	2025-08-15	1853294	32202282	B087T4S9C2			paired manually	Series prefix omitted; same author, volume 3.	2618
Stray Cat Strut 6: A Cyberpunk LitRPG	RavensDagger	2025-08-16	2025-08-16		manual book-level pairing	Stray Cat Strut 6	Read	Audio	2025-08-16	1802084	32202281	B0F3RPJRHQ	9781039487192		provisional pairing accepted	Inspected title, author where supplied, and series context; descriptive suffix or sparse export metadata.	2619
Garden of Sanctuary	Pirateaba	2025-08-17	2025-08-16	no read audiobook in export	title/author	Garden of Sanctuary	Read	Ebook	2025-08-17	1772046	31882154	B0DRLJZX5G			original exact match retained		
City of Laughter	Temim Fruchter	2025-08-17	2025-08-17	no read audiobook in export	manual book-level pairing	City of Laughter	Read	Book	2025-08-17	1061514	32364994	B0CPGVP7KY			provisional pairing accepted	Inspected title, author where supplied, and series context; descriptive suffix or sparse export metadata.	88
The Daughter of Danray	Natalia Hernandez	2025-08-18	2025-08-17	no read audiobook in export	title/author	The Daughter of Danray	Read	Book	2025-08-18	1986859	32152723	B0DWTVL32Y			original exact match retained		
A Vicious Game	Kyla Garcia	2025-08-18	2025-08-18	no read audiobook in export	manual book-level pairing	A Vicious Game	Read	Book	2025-08-18	943245	31981743	B0CNF4WVFD			provisional pairing accepted	Inspected title, author where supplied, and series context; descriptive suffix or sparse export metadata.	2041
An Honored Vow	Melissa Blair	2025-08-18	2025-08-18	no read audiobook in export	title/author	An Honored Vow	Read	Ebook	2025-08-18	1376955	31402024	B0DFDQL8FB	9798228017832		original exact match retained		
Immortal War	Selkie Myth	2025-08-19	2025-08-18	no read audiobook in export	title/author	Immortal War	Read	Ebook	2025-08-19	1768268	31877472	B0F9GTMTCL	9781039476295		original exact match retained		
Installment Immortality	Seanan McGuire	2025-08-19	2025-08-19	no read audiobook in export	title/author	Installment Immortality	Read	Book	2025-08-19	1564841	31629729	B0F6YZHLTY	9781250431028		original exact match retained		
The Primal Hunter 12	Zogarth	2025-08-20	2025-08-19	no read audiobook in export	title/author	The Primal Hunter 12	Read	Ebook	2025-08-20	1662572	31749662	B0F8P6X1KR			original exact match retained		
Carl's Doomsday Scenario	Matt Dinniman	2025-08-20	2025-08-20	no read audiobook in export	title/author	Carl's Doomsday Scenario	Read	Book	2025-08-20	446680	30407787	B0934GTSGT			original exact match retained		
The Dungeon Anarchist's Cookbook	Matt Dinniman	2025-08-21	2025-08-20	no read audiobook in export; finish date missing/different	title/author	The Dungeon Anarchist's Cookbook	Read	Book	2025-08-22	446730	31716214	B094XCNV6G			original exact match retained		
The Gate of the Feral Gods	Matt Dinniman	2025-08-21	2025-08-21	finish date missing/different	title/author	The Gate of the Feral Gods	Read	Audio	2025-08-22	446722	30407840	B09GCYRZRQ			original exact match retained		
The Butcher's Masquerade	Matt Dinniman	2025-08-22	2025-08-21	no read audiobook in export	title/author	The Butcher's Masquerade	Read	Book	2025-08-22	637867	32004303	B09ZJ82C7Y			original exact match retained		
The Eye of the Bedlam Bride	Matt Dinniman	2025-08-23	2025-08-22	no read audiobook in export	title/author	The Eye of the Bedlam Bride	Read	Book	2025-08-23	818989	30829594	B0CDXWSS5D			original exact match retained		
This Inevitable Ruin	Matt Dinniman	2025-08-24	2025-08-23	no read audiobook in export	title/author	This Inevitable Ruin	Read	Book	2025-08-24	1464466	31509005	B0DK282SYV			original exact match retained		
The Jasmine Throne	Tasha Suri	2025-08-25	2025-02-23	finish date missing/different	title/author	The Jasmine Throne	Read	Audio	2025-02-26,2025-08-25	429097	30570622	154910487X			original exact match retained		
The Oleander Sword	Tasha Suri	2025-08-26	2025-08-25		manual book-level pairing	Oleander Sword	Read	Audio	2025-08-26	459832	30570317	B09SBRW7GK			paired manually	Leading The variation; same author.	1590
The Lotus Empire	Tasha Suri	2025-08-28	2025-08-26	no read audiobook in export	title/author	The Lotus Empire	Read	Book	2025-08-28	1184306	32320887	B0CSLR8PDW			original exact match retained		
The Imposition of Unnecessary Obstacles	Malka Older	2025-08-28	2025-08-28	no read audiobook in export	manual book-level pairing	The Imposition of Unnecessary Obstacles	Read	Book	2025-08-28	717828	32365003	B0CZ7PXSXZ	9798892741439		provisional pairing accepted	Inspected title, author where supplied, and series context; descriptive suffix or sparse export metadata.	2639
The Potency of Ungovernable Impulses	Malka Older	2025-08-29	2025-08-28		identifier	The Potency of Ungovernable Impulses	Read	Audio	2025-08-29	1556842	32058576	B0F2W8XYXH	9798896799436		original exact match retained		
Bared Before the Gods	Alyson Belle	2025-08-29	2025-08-29	not found in export								B07L6VPG6G		Before I Let Go / Marieke Nijkamp [Want to Read; Book; book 364254] | Before They Are Hanged / Joe Abercrombie [Read; Book; book 434460] | A Prayer for the Crown-Shy / Em Grosland (Narrator), Becky Chambers [Read; Audio; book 460092]	not found in export after manual review	No corresponding work found after reviewing same-author titles, series and blank-author export entries; fuzzy candidates rejected.	
Becoming Hers	Alyson Belle	2025-08-29	2025-08-29	not found in export								B07HXT1V54		Wrath Becomes Her / Aden Polydoros [Want to Read; Book; book 746658] | Crownchasers / Rebecca Coffindaffer [Want to Read; Book; book 448077] | The Midnight Girls / Alicia Jasinska [Want to Read; Book; book 450328]	not found in export after manual review	No corresponding work found after reviewing same-author titles, series and blank-author export entries; fuzzy candidates rejected.	
Pleasure Bound	Alyson Belle	2025-08-29	2025-08-29	not found in export								B07BDM2VFV		Rebound / K.T. Hanna, Andrea Parsneau (Narrator) [Read; Audio; book 1806683] | Faebound / Saara El-Arifi [Read; Book; book 969050] | Spell Bound / F. T. Lukens [Want to Read; Book; book 456267]	not found in export after manual review	No corresponding work found after reviewing same-author titles, series and blank-author export entries; fuzzy candidates rejected.	
Dragon Lady: A Gender Swapped LitRPG Adventure	Alyson Belle	2025-08-29	2025-08-29	not found in export								B07CMJWV6Z		Andy in the Apocalypse 2: A LitRPG Adventure / Plum Parrot, J.S. Arquin (Narrator) [Read; Audio; book 2873940] | Damaged: A Magical Library LitRPG Adventure / K.T. Hanna [Read; Audio; book 1688382] | Glass Kanin An Isekai LitRPG Adventure / Daniel Henning (Narrator), Kia Leep [Read; Audio; book 2063735]	not found in export after manual review	No corresponding work found after reviewing same-author titles, series and blank-author export entries; fuzzy candidates rejected.	
Ghostsong	Pirateaba	2025-08-30	2025-08-29		title/author	Ghostsong	Read	Audio	2025-08-30	1877019	32058347	B0DWZM98R9			original exact match retained		
Spook Country	William Gibson	2025-08-30	2025-08-30	no read audiobook in export; finish date missing/different	title/author	Spook Country	Read	Book	2025-08-31	385388	11697347	1004045107	9781004045105		original exact match retained		
Zero History	William Gibson	2025-08-31	2025-08-30	no read audiobook in export	identifier	Zero History	Read	Book	2025-08-31	343283	32365043	1004054351	9781004054350		original exact match retained		
House of Flame and Shadow	Sarah J. Maas	2025-09-01	2025-08-31		title/author	House of Flame and Shadow	Read	Audio	2025-09-01	746152	30868430	B0CGSXFQYY			original exact match retained		
House of Flame and Shadow (Part 2 of 2) (Dramatized Adaptation)	Sarah J. Maas	2025-09-01	2025-09-01		manual book-level pairing	House of Flame and Shadow	Read	Audio	2025-09-01	746152	30868430	B0DT1MBTXC	9798890556240		paired manually	Read whole novel covers underlying work; export narrator Elizabeth Evans is a different recording.	183
House of Flame and Shadow (Part 1 of 2) (Dramatized Adaptation)	Sarah J. Maas	2025-09-01	2025-09-01		manual book-level pairing	House of Flame and Shadow	Read	Audio	2025-09-01	746152	30868430	B0DJN2L3DC	9798890553218		paired manually	Read whole novel covers underlying work; export narrator Elizabeth Evans is a different recording.	183
The Fallen City of Lescado	Draith	2025-09-01	2025-09-01	no read audiobook in export; finish date missing/different	title/author	The Fallen City of Lescado	Read	Ebook	2025-09-05	1182422	31207125	B0CFRJK8GM			original exact match retained		
To Pierce the Heart	Draith	2025-09-03	2025-09-01	no read audiobook in export; finish date missing/different	title/author	To Pierce The Heart	Read	Ebook	2025-09-05	1225100	31250145	B0CKJ8NTDY			original exact match retained		
The Western Shores	Draith	2025-09-04	2025-09-03	no read audiobook in export; finish date missing/different	title/author	The Western Shores	Read	Ebook	2025-09-05	1409367	31441605	B0CNKZM2X9			original exact match retained		
To Stand Between Sea and Sky	Draith	2025-09-05	2025-09-04	no read audiobook in export	title/author	To Stand Between Sea and Sky	Read	Ebook	2025-09-05	1409368	31441607	B0CRLKLBCY			original exact match retained		
The Temporal Tides	Draith	2025-09-06	2025-09-02	no read audiobook in export	title/author	The Temporal Tides	Read	Ebook	2025-09-06	1409369	31441609	B0CWPQL428			original exact match retained		
Tuesday	Draith	2025-09-06	2025-09-06	no read audiobook in export	title/author	Tuesday	Read	Ebook	2025-09-06	1409370	31441611	B0D4SDWRBM			original exact match retained		
Medusa of the Roses	Navid Sinaki	2025-09-06	2025-09-06	no read audiobook in export; finish date missing/different	title/author	Medusa of the Roses	Read	Book	2025-09-07	1189837	31214624	B0D81CK725	9798892749329		original exact match retained		
The Year of the Witching	Alexis Henderson	2025-09-07	2025-09-06		title/author	The Year of the Witching	Read	Audio	2025-09-07	438559	8233924	059321370X			original exact match retained		
The Assassin's Guide to Babysitting	Natalie C. Parker	2025-09-07	2025-09-07		title/author	The Assassin's Guide to Babysitting	Read	Audio	2025-09-07	1663440	31952811	B0DLHNSXSF			original exact match retained		
Wandering Stars	Tommy Orange	2025-09-08	2025-09-07	no read audiobook in export	title/author	Wandering Stars	Read	Book	2025-09-08	1084145	31108181	B0CBCW3DCX	9780593824542		original exact match retained		
The Mirror Empire	Kameron Hurley	2025-09-09	2025-09-08	no read audiobook in export	title/author	The Mirror Empire	Read	Book	2025-09-09	441159	8826189	B00OL59OKC			original exact match retained		
Loose Kanin	Kia Leep	2025-09-10	2025-09-10	finish date missing/different	manual book-level pairing	Loose Kanin: Book 2 of Glass Kanin	Read	Audio	2025-09-12	2063952	32270831	B0DX3ZLKTF	9781039490765		paired manually	Book 2 of Glass Kanin subtitle; same author.	2648
Glass Kanin: An Isekai LitRPG Adventure	Kia Leep	2025-09-10	2025-09-10		title/author	Glass Kanin An Isekai LitRPG Adventure	Read	Audio	2025-09-10	2063735	32248962	B0DSCHC78D	9781039490758		original exact match retained		
The Last Soul Among Wolves	Melissa Caruso	2025-09-12	2025-09-10	no read audiobook in export; finish date missing/different	identifier	The Last Soul Among Wolves	Read	Book	2025-09-13	1765473	32365017	B0DPLGPDT2	9781668650226		original exact match retained		
The Midnight Shift	Seon-Ran Cheon, Gene Png - translator	2025-09-12	2025-09-12	no read audiobook in export; finish date missing/different	manual book-level pairing	The Midnight Shift	Read	Ebook	2025-09-13	1813562	31934230	B0F4KWNV6Y	9781639735983		paired manually	Cheon Seon-ran / Seon-Ran Cheon name ordering; translator Gene Png agrees.	2650
The Rivals	Jane Pek	2025-09-13	2025-09-12		identifier	The Rivals	Read	Audio	2025-09-13	585429	31505387	B0D1HJNKGH	9780593947234		original exact match retained		
Empty Heaven	Freddie Kölsch	2025-09-13	2025-09-13	no read audiobook in export	identifier	Empty Heaven	Read	Book	2025-09-13	2014474	32364995	B0F8P9LLTZ	9798349100109		original exact match retained		
Bloom Town: Genesis	Ally North	2025-09-13	2025-09-13	finish date missing/different	title/author	Bloom Town: Genesis	Read	Audio	2025-09-22	1547853	32270819	B0FH5HDBC2	9798347009671		original exact match retained		
The Taste of Women	Cyan LeBlanc	2025-09-14	2025-09-13	not found in export								B0CJXD13KN		The Stars Too Fondly / Emily Hamilton [Want to Read; Book; book 1217626] | The Taste of Her Silence / Quinn  Riley (Narrator), Sara   Scott [Read; Audio; book 1827820] | The Trade of Queens / Charles Stross [Read; Book; book 89047]	not found in export after manual review	No corresponding work found after reviewing same-author titles, series and blank-author export entries; fuzzy candidates rejected.	
Pennyblade	J.L. Worrad	2025-09-15	2025-09-14	no read audiobook in export; finish date missing/different	manual book-level pairing	Pennyblade	Read	Book	2025-09-22	465152	32364997	B09WBDL4QG			provisional pairing accepted	Inspected title, author where supplied, and series context; descriptive suffix or sparse export metadata.	2653
Confessions of the Fox	Jordy Rosenberg	2025-09-16	2025-09-15	finish date missing/different	title/author	Confessions of the Fox	Read	Audio	2025-09-22	434557	32364992	B07F9ZGWV8			original exact match retained		
The Girl Without a Voice	Sandra J. Paul	2025-09-16	2025-09-16	no read audiobook in export; finish date missing/different	identifier	The Girl Without a Voice	Read	Book	2025-09-22	2013637	32365025	B0FJZV8YQ4	9798855578683		original exact match retained		
What We Devour	Linsey Miller	2025-09-17	2025-09-16	no read audiobook in export; finish date missing/different	identifier	What We Devour	Read	Book	2025-09-22	465280	32365019	1705038522			original exact match retained		
When the Museum Is Closed	Emi Yagi, Yuki Tejima - translation	2025-09-17	2025-09-17	finish date missing/different	identifier	When the Museum is Closed	Read	Audio	2025-09-22	1906009	32270826	B0DWQLMV5Y	9781529946468		original exact match retained		
Are You Even Human: Volume 1	Natalie Maher	2025-09-19	2025-09-19	no read audiobook in export; finish date missing/different	title/author	Are You Even Human: Volume 1	Read	Ebook	2025-09-22	1545260	31605017	B0F6VTP839	9798347004744		original exact match retained		
Bioshifter: Volume 1	Natalie Maher, Thundamoo	2025-09-19	2025-09-19	finish date missing/different	title/author	Bioshifter: Volume 1	Read	Audio	2025-09-22	917367	32270832	B0CD86F9CC			original exact match retained		
Bioshifter: Volume 2	Natalie Maher, Thundamoo	2025-09-20	2025-09-19	finish date missing/different	title/author	Bioshifter: Volume 2	Read	Audio	2025-09-22	1947420	32270833	B0CKJB2F4N			original exact match retained		
Bioshifter: Volume 3	Thundamoo, Natalie Maher	2025-09-20	2025-09-20	not found in export								B0DFDXKSZH		Bioshifter: Volume 1 / Natalie  Maher, Thundamoo, Sarah Beth Pfeifer [Read; Audio; book 917367] | Bioshifter: Volume 2 / Natalie Maher, Thundamoo, Sarah Beth Pfeifer [Read; Audio; book 1947420] | Vigor Mortis: Volume 3 / Jessica Almasy (Narrator), Natalie Maher, Thundamoo [Read; Audio; book 769307]	not found in export after manual review	Bioshifter volumes 1 and 2 are present; volume 3 is not. Vigor Mortis 3 is a different series.	
Vigor Mortis: Volume 1	Natalie Maher, Thundamoo	2025-09-21	2025-09-20	finish date missing/different	manual book-level pairing	Vigor Mortis	Read	Audio	2025-09-22	1913336	32270835	B09HL9HBB7			paired manually	First novel appears as Vigor Mortis; same authors and narrator, siblings explicitly numbered 2-4.	2661
Vigor Mortis: Volume 2	Natalie Maher, Thundamoo	2025-09-21	2025-09-21	finish date missing/different	title/author	Vigor Mortis: Volume 2	Read	Audio	2025-09-22	917433	32270836	B09MV75F1D			original exact match retained		
Vigor Mortis: Volume 3	Natalie Maher, Thundamoo	2025-09-22	2025-09-21		title/author	Vigor Mortis: Volume 3	Read	Audio	2025-09-22	769307	32270837	B0BL6BQ81D			original exact match retained		
Vigor Mortis: Volume 4	Natalie Maher, Thundamoo	2025-09-23	2025-09-22		title/author	Vigor Mortis: Volume 4	Read	Audio	2025-09-23	1459831	32270838	B0CWHK6GB1			original exact match retained		
The Faceless Thing We Adore	Hester Steel	2025-09-23	2025-09-23	no read audiobook in export; finish date missing/different	title/author	The Faceless Thing We Adore	Read	Book	2025-09-24	1905974	32052364	B0F2WBZ2YJ	9798896798033		original exact match retained		
Inanna	Emily H. Wilson	2025-09-24	2025-09-23	no read audiobook in export	manual book-level pairing	Inanna	Read	Book	2025-09-24	824769	32365022	B0D3JLF784	9798855515527		provisional pairing accepted	Inspected title, author where supplied, and series context; descriptive suffix or sparse export metadata.	2666
The Dragon Never Sleeps	Glen Cook	2025-09-24	2025-09-24	no read audiobook in export; finish date missing/different	title/author	The Dragon Never Sleeps	Read	Book		551540	30509734	B00MYJ8L60			original exact match retained		
Gender Swapped in Space	Alyson Belle	2025-09-24	2025-09-24	not found in export								B07BLQ2V6M		Gunner's Apprentice / Brent Weeks [Want to Read; Ebook; book 460837] | Tender Points / Amy Berkowitz [Want to Read; Book; book 51423] | Ender's Game / Orson Scott Card [Read; Ebook; book 158268]	not found in export after manual review	No corresponding work found after reviewing same-author titles, series and blank-author export entries; fuzzy candidates rejected.	
The Floating World	Axie Oh	2025-09-24	2025-09-24	finish date missing/different	identifier	The Floating World	Read	Audio	2025-09-30	1356719	32103983	B0DGVTLSHD	9781666681154		original exact match retained		
The Service	Frankie Miren	2025-09-24	2025-09-24	no read audiobook in export	title/author	The Service	Read	Book	2025-09-24	514269	30466745	B097HQVPVY			original exact match retained		
Hell Followed with Us	Andrew Joseph White	2025-09-25	2025-09-24	no read audiobook in export	title/author	Hell Followed with Us	Read	Book	2025-09-25	454825	30409320	B09LKGZ6GD	9780593558799		original exact match retained		
What Moves the Dead	T. Kingfisher	2025-09-26	2025-09-25		title/author	What Moves the Dead	Read	Audio	2025-09-26	482831	31547412	B0BH9B2573			original exact match retained		
What Feasts at Night	T. Kingfisher	2025-09-26	2025-09-26		title/author	What Feasts at Night	Read	Audio	2025-09-26	746640	31177285	B0C3NVFJ24			original exact match retained		
No Shelter but the Stars	Virginia Black	2025-09-26	2025-09-26		title/author	No Shelter But the Stars	Read	Audio	2025-09-26	1441670	32098373	B0D96R2KCP			original exact match retained		
Bright Young Women	Jessica Knoll	2025-09-27	2025-09-26	no read audiobook in export	title/author	Bright Young Women	Read	Book	2025-09-27	876726	30894955	B0BW1TRR1T			original exact match retained		
Cuckoo Song	Frances Hardinge	2025-09-27	2025-09-27	no read audiobook in export	title/author	Cuckoo Song	Read	Book	2025-09-27	448249	32365050	1094085960			original exact match retained		
Such Sharp Teeth	Rachel Harrison	2025-09-27	2025-09-27		title/author	Such Sharp Teeth	Read	Audio	2025-09-27	512100	30906452	B09S2GCPZC			original exact match retained		
The Gone World	Tom Sweterlitsch	2025-09-28	2025-09-28	no read audiobook in export	title/author	The Gone World	Read	Ebook	2025-09-28	47278	30404856	B075F8K8B8	9780525497769		original exact match retained		
The Changeling	Victor LaValle	2025-09-29	2025-09-28		title/author	The Changeling	Read	Audio	2025-09-29	428223	31767074	B071JSJD1P	9781524722555		original exact match retained		
This Delicious Death	Kayla Cottingham	2025-09-29	2025-09-29	no read audiobook in export	title/author	This Delicious Death	Read	Book	2025-09-29	565969	30527021	B0BZ9C5JRP	9798889563754		original exact match retained		
Manhunt	Gretchen Felker-Martin	2025-09-30	2025-09-29	no read audiobook in export; finish date missing/different	title/author	Manhunt	Read	Book	2025-10-06	473624	30394666	B09S421K5N			original exact match retained		
River of Teeth	Sarah Gailey	2025-10-03	2025-10-02	no read audiobook in export	identifier	River of Teeth	Read	Book	2025-10-03	430494	30404518	B074SWSH7M	9781541482463		original exact match retained		
Taste of Marrow	Sarah Gailey	2025-10-03	2025-10-03	no read audiobook in export	identifier	Taste of Marrow	Read	Book	2025-10-03	465705	31535524	B0759QTZ9L	9781541482470		original exact match retained		
The Three Lives of Cate Kay	Kate Fagan	2025-10-03	2025-10-03	no read audiobook in export	title/author	The Three Lives of Cate Kay	Read	Book	2025-10-03	1603888	31677474	B0D689JC2D	9781668118993		original exact match retained		
Eat the Ones You Love	Sarah Maria Griffin	2025-10-04	2025-10-03	no read audiobook in export	identifier	Eat the Ones You Love	Read	Book	2025-10-04	1195072	32196388	B0CW3W1QL9	9781250353320		original exact match retained		
Lillith of Endings: An Epic Portal Fantasy	Dreamer's Riot	2025-10-04	2025-10-04		title/author	Lillith of Endings: An Epic Portal Fantasy	Read	Audio	2025-10-04	1947399	32302445	B0DQRFKK4L	9781039485785		original exact match retained		
The Mage of Mourning: An Epic Portal Fantasy	Dreamer's Riot	2025-10-05	2025-10-04		title/author	The Mage of Mourning: An Epic Portal Fantasy	Read	Audio	2025-10-05	1947393	32302448	B0DSGJFX2X	9781039485815		original exact match retained		
Suffer No Kings: An Epic Portal Fantasy	Dreamer's Riot	2025-10-05	2025-10-05		title/author	Suffer No Kings: An Epic Portal Fantasy	Read	Audio	2025-10-05	1947395	32302450	B0F7TD2CS3	9781039485846		original exact match retained		
Silver and Lead	Seanan McGuire	2025-10-05	2025-10-05	no read audiobook in export; finish date missing/different	identifier	Silver and Lead	Read	Book	2025-10-14	1830360	32364991	B0DRMVY8W7	9781250418227		original exact match retained		
Goddess Charging	Rain Harlow	2025-10-06	2025-10-05		title/author	Goddess Charging	Read	Audio	2025-10-06	1686900	32302455	B0DM2MRVGW			original exact match retained		
Goddess Expansion	Rain Harlow	2025-10-07	2025-10-06		manual book-level pairing	Goddess Expansion: An Isekai LitRPG Fantasy	Read	Audio	2025-10-07	1686901	32302457	B0DWY37RMX			provisional pairing accepted	Inspected title, author where supplied, and series context; descriptive suffix or sparse export metadata.	2680
Anomaly	K.T. Hanna	2025-10-07	2025-10-07		title/author	Anomaly	Read	Audio	2025-10-07	687391	32302458	B07HXSC492			original exact match retained		
Fragments	K.T. Hanna	2025-10-08	2025-10-07	no read audiobook in export	title/author	Fragments	Read	Book	2025-10-08	769460	30771146	B07MKLM1PD			original exact match retained		
Dissonance	K. T. Hanna	2025-10-09	2025-10-08		title/author	Dissonance	Read	Audio	2025-10-09	769457	32302461	B07QGH19HD			original exact match retained		
Distortion	K.T. Hanna	2025-10-09	2025-10-09		title/author	Distortion	Read	Audio	2025-10-09	769458	32302462	B081T8L1HX			original exact match retained		
Fusion	K T Hanna	2025-10-10	2025-10-09		title/author	Fusion	Read	Audio	2025-10-10	769456	32302463	B08LP5DMWL			original exact match retained		
Synergy	K.T. Hanna	2025-10-10	2025-10-10		title/author	Synergy	Read	Audio	2025-10-10	769455	32302464	B098KNM9LZ			original exact match retained		
Bloom Town: Exodus	Ally North	2025-10-11	2025-10-10		title/author	Bloom Town: Exodus	Read	Audio	2025-10-11	1687801	32302465	B0FP3PLJQH	9798347009688		original exact match retained		
Make Room for Love	Darcy Liao	2025-10-11	2025-10-11	no read audiobook in export; finish date missing/different	title/author	Make Room for Love	Read	Book	2025-10-14	1558415	31621453	B0FK6STJ1W			original exact match retained		
Her Majesty's Royal Coven	Juno Dawson	2025-10-12	2025-10-11	no read audiobook in export	title/author	Her Majesty's Royal Coven	Read	Book	2025-10-12	465137	30570025	B09HSRMS1F	9780593588475		original exact match retained		
The Shadow Cabinet	Juno Dawson	2025-10-12	2025-10-12	no read audiobook in export	manual book-level pairing	The Shadow Cabinet	Read	Book	2025-10-12	558734	32320844	B0B88W3SK1	9780008478582		provisional pairing accepted	Inspected title, author where supplied, and series context; descriptive suffix or sparse export metadata.	2682
Human Rites: A Novel	Juno Dawson	2025-10-13	2025-10-12	no read audiobook in export	manual book-level pairing	Human Rites	Read	Book	2025-10-13	1510024	31563778	B0DNGLV1W3	9798217071616		provisional pairing accepted	Inspected title, author where supplied, and series context; descriptive suffix or sparse export metadata.	2683
Queen B	Juno Dawson	2025-10-13	2025-10-13	no read audiobook in export	identifier	Queen B: The Story of Anne Boleyn, Witch Queen	Read	Book	2025-10-13	1214976	32365027	B0CMK54RRZ	9780593907702		original exact match retained		
Delilah Green Doesn't Care	Ashley Herring Blake	2025-10-14	2025-10-13	no read audiobook in export	identifier	Delilah Green Doesn't Care	Read	Book	2025-10-14	455707	31972268	0593551699			original exact match retained		
Astrid Parker Doesn't Fail	Ashley Herring Blake	2025-10-14	2025-10-14		title/author	Astrid Parker Doesn't Fail	Read	Audio	2025-10-14	503986	31275188	B09V1XGT73			original exact match retained		
Iris Kelly Doesn't Date	Ashley Herring Blake	2025-10-14	2025-10-14		title/author	Iris Kelly Doesn't Date	Read	Audio	2025-10-14	572594	31275186	B0BTV2K24L			original exact match retained		
The Incandescent	Emily Tesh	2025-10-14	2025-10-14	no read audiobook in export; finish date missing/different	manual book-level pairing	The Incandescent	Read	Book	2025-08-02	1545311	32164634	B0DFQX9N3V			provisional pairing accepted	Inspected title, author where supplied, and series context; descriptive suffix or sparse export metadata.	2287
The Light of the Midnight Stars	Rena Rossner	2025-10-14	2025-10-14	finish date missing/different	title/author	The Light of the Midnight Stars	Read	Audio	2024-12-07	455908	31913619	154912420X			original exact match retained		
The Poison Court	Amanda Downum	2025-10-14	2025-10-14	no read audiobook in export; finish date missing/different	title/author	The Poison Court	Read	Book		1254181	31279242	1980061904			original exact match retained		
The Verifiers	Jane Pek	2025-10-14	2025-10-14	finish date missing/different	title/author	The Verifiers	Read	Audio	2025-01-04	504014	31720846	0593554906			original exact match retained		
I Keep My Exoskeletons to Myself	Marisa Crane	2025-10-14	2025-10-14	no read audiobook in export; finish date missing/different	manual book-level pairing	I Keep My Exoskeletons to Myself	Read	Book	2025-01-03	652427	30633280	B0BHNSTYMZ			paired manually	Marisa Crane / Mac Crane author-name change; distinctive identical title.	980
A Study in Honor	Claire O'Dell	2025-10-14	2025-10-14	no read audiobook in export; finish date missing/different	manual book-level pairing	A Study in Honor (The Janet Watson Chronicles, #1)	Read	Book	2025-10-15	450857	7420407	B07DDM46S1			paired manually	The Janet Watson Chronicles #1 series suffix; same author.	1491
Gorgeous Gruesome Faces	Linda Cheng	2025-10-15	2025-10-14		title/author	Gorgeous Gruesome Faces	Read	Audio	2025-10-15	735274	32326512	B0BSP2ZXL3			original exact match retained		
The Perfect Crimes of Marian Hayes	Cat Sebastian	2025-10-15	2025-10-15	no read audiobook in export; finish date missing/different	title/author	The Perfect Crimes of Marian Hayes	Read	Ebook	2025-10-16	484660	30425319	B09HLB7LHF			original exact match retained		
Bat Eater and Other Names for Cora Zeng	Kylie Lee Baker	2025-10-15	2025-10-15	no read audiobook in export; finish date missing/different	manual book-level pairing	Bat eater	Read	Book	2025-07-18	2356653	31294953	B0D3RBN58J			paired manually	Shortened Bat eater title; same author Kylie Lee Baker.	2431
We Came to Welcome You	Vincent Tirado	2025-10-16	2025-10-15		identifier	We Came to Welcome You	Read	Audio	2025-10-16	1196061	31849055	B0CQ3636SY	9780063383210		original exact match retained		
The Only Good Indians	Stephen Graham Jones	2025-10-16	2025-10-16		title/author	The Only Good Indians	Read	Audio	2025-10-16	434939	2085990	1797105558			original exact match retained		
Library at Mount Char	Scott Hawkins	2025-10-17	2025-10-16		manual book-level pairing	The Library at Mount Char	Read	Audio	2025-10-17	376472	26215417	B00XV1B3CY	9781622317738		paired manually	Leading The variation; same author.	2688
Atomic Anna	Rachel Barenbaum	2025-10-17	2025-10-17	no read audiobook in export	title/author	Atomic Anna	Read	Book	2025-10-17	513646	32365016	B09S1FVWL3			original exact match retained		
Awakened	A.E. Osworth	2025-10-18	2025-10-17		title/author	Awakened	Read	Audio	2025-10-18	1775528	32341803	B0DD8BZXY8			original exact match retained		
Nowhere	Allison Gunn	2025-10-18	2025-10-18		title/author	Nowhere	Read	Audio	2025-10-18	1581308	32251033	B0D67FDDZ6			original exact match retained		
A House with Good Bones	T. Kingfisher	2025-10-18	2025-10-18		identifier	A House With Good Bones	Read	Audio	2025-10-18	512318	31532246	B0BVBYL523	9781004116553		original exact match retained		
PERfunctory afFECTION	Kim Harrison	2025-10-18	2025-10-18	not found in export								1977389201		A Perfect Blood / Kim Harrison [Read; Book; book 103773] | For a Few Demons More / Kim Harrison [Read; Book; book 37732] | American Demon / Kim Harrison [Want to Read; Book; book 459465]	not found in export after manual review	No corresponding work found after reviewing same-author titles, series and blank-author export entries; fuzzy candidates rejected.	
My Darling Dreadful Thing	Johanna van Veen	2025-10-18	2025-10-18	not marked read; no read audiobook in export; finish date missing/different	title/author	My Darling Dreadful Thing	Want to Read	Book		1049045	32089459	B0D6NKHWY2	9798765083529		original exact match retained		
Pretty When She Dies	Rhiannon Frater	2025-10-19	2025-10-18		title/author	Pretty When She Dies	Read	Audio	2025-10-19	1247346	32312516	B00915F61S			original exact match retained		
Pretty When She Kills	Rhiannon Frater	2025-10-19	2025-10-19		title/author	Pretty When She Kills	Read	Audio	2025-10-19	2113680	32312517	B00A8PH5PU			original exact match retained		
Pretty When She Destroys	Rhiannon Frater	2025-10-20	2025-10-19		title/author	Pretty When She Destroys	Read	Audio	2025-10-20	2113682	32312521	B00OG1PNHO			original exact match retained		
The Default World	Naomi Kanakia	2025-10-20	2025-10-20	no read audiobook in export	title/author	The Default World	Read	Ebook	2025-10-20	1292748	31317854	B0F978VTDT	9798855592405		original exact match retained		
Salvaged	Madeleine Roux	2025-10-21	2025-10-20	no read audiobook in export	identifier	Salvaged	Read	Book	2025-10-21	448416	32365028	059315147X			original exact match retained		
This World Is Not Yours	Kemi Ashing-Giwa	2025-10-21	2025-10-21	no read audiobook in export	manual book-level pairing	This World Is Not Yours	Read	Book	2025-10-21	1476223	32364974	B0DDZXJW2Q			provisional pairing accepted	Inspected title, author where supplied, and series context; descriptive suffix or sparse export metadata.	2021
Tell Me I'm Worthless	Alison Rumfitt	2025-10-22	2025-10-21	no read audiobook in export	title/author	Tell Me I'm Worthless	Read	Book	2025-10-22	482844	30423142	B0B1JMBQDM			original exact match retained		
Sundial	Catriona Ward	2025-10-22	2025-10-22	no read audiobook in export	title/author	Sundial	Read	Book	2025-10-22	473732	30394784	1250841194			original exact match retained		
The Fervor	Alma Katsu	2025-10-23	2025-10-22	no read audiobook in export	title/author	The Fervor	Read	Book	2025-10-23	512552	32365032	B09FVXVXHF			original exact match retained		
Silver Nitrate	Silvia Moreno-Garcia	2025-10-24	2025-10-23	no read audiobook in export	title/author	Silver Nitrate	Read	Ebook	2025-10-24	626730	30602385	B0BL8NK7TP			original exact match retained		
Mexican Gothic	Silvia Moreno-Garcia	2025-10-24	2025-10-24	no read audiobook in export	title/author	Mexican Gothic	Read	Ebook	2025-10-24	428353	30404138	0593213866	9780593213865		original exact match retained		
Jackal	Erin E. Adams	2025-10-24	2025-10-24	no read audiobook in export	title/author	Jackal	Read	Book	2025-10-24	511512	30463730	B09SNHB1QP			original exact match retained		
Bad Cree	Jessica Johns	2025-10-25	2025-10-24	no read audiobook in export	manual book-level pairing	Bad Cree	Read	Book	2025-10-25	603189	32196470	B09YKRSDHT			provisional pairing accepted	Inspected title, author where supplied, and series context; descriptive suffix or sparse export metadata.	2702
Bad Creek	Peyton June	2025-10-25	2025-10-25	no read audiobook in export	title/author	Bad Creek	Read	Book	2025-10-25	1775794	31886825	B0F2W5DZWK	9798897560875		original exact match retained		
Sordidez	E.G. Condé	2025-10-26	2025-10-25	no read audiobook in export	identifier	Sordidez	Read	Ebook	2025-10-26	1149883	32066023	B0CXYNXF4M	9798875111020		original exact match retained		
The Sovereign	C. L. Clark	2025-10-27	2025-10-26	no read audiobook in export	identifier	The Sovereign	Read	Book	2025-10-27	824788	32320838	B0DTRM2YZL	9781668642177		original exact match retained		
The Mean Ones	Tatiana Schlote-Bonne	2025-10-28	2025-10-28	no read audiobook in export	identifier	The Mean Ones	Read	Book	2025-10-28	1996725	32364972	B0FNRZB6S8	9798349108259		original exact match retained		
I Am the Dark That Answers When You Call	Jamison Shea	2025-10-29	2025-10-28	no read audiobook in export	identifier	I Am the Dark That Answers When You Call	Read	Book	2025-10-29	1042661	32365018	B0CNFHVPKN	9781250363152		original exact match retained		
Sisters of the Lost Nation	Nick Medina	2025-10-30	2025-10-29		title/author	Sisters of the Lost Nation	Read	Audio	2025-10-30	684957	31476346	B0B8TF3155	9780593675533		original exact match retained		
The Starving Saints	Caitlin Starling	2025-10-31	2025-10-30		identifier	The Starving Saints	Read	Audio	2025-10-31	1522096	32256453	B0DF826BNR	9780063418844		original exact match retained		
Cackle	Rachel Harrison	2025-11-01	2025-10-31	no read audiobook in export	title/author	Cackle	Read	Book	2025-11-01	454999	31132237	0593456866			original exact match retained		
Rules for Ghosting	Shelly Jay Shore	2025-11-01	2025-11-01	no read audiobook in export	identifier	Rules for Ghosting	Read	Book	2025-11-01	1295104	32365013	B0CT73WR71	9780593948118		original exact match retained		
Feast While You Can	Mikaella Clements, Onjuli Datta	2025-11-02	2025-11-01		identifier	Feast While You Can	Read	Audio	2025-11-02	1309558	32182902	B0CWC96C5Y	9781668643778		original exact match retained		
I Will Never Leave You	Kara A. Kennedy	2025-11-02	2025-11-02	no read audiobook in export	identifier	I Will Never Leave You	Read	Book	2025-11-02	1083050	32365015	B0CLYPM756	9780593866047		original exact match retained		
Woven from Clay	Jenny Birch	2025-11-03	2025-11-02		manual book-level pairing	Woven from Clay: A Novel	Read	Audio	2025-11-03	2136277	32341268	B0DJTDYMFJ	9781250407535		provisional pairing accepted	Inspected title, author where supplied, and series context; descriptive suffix or sparse export metadata.	2711
The Salvage	Anbara Salam	2025-11-04	2025-11-03		manual book-level pairing	The Salvage: A Novel	Read	Audio	2025-11-04	1939850	32341269	B0FQG1K98B	9798217346219		provisional pairing accepted	Inspected title, author where supplied, and series context; descriptive suffix or sparse export metadata.	2712
You Weren't Meant to Be Human	Andrew Joseph White	2025-11-04	2025-11-02		identifier	You Weren't Meant to Be Human	Read	Audio	2025-11-04	1291949	32248279	B0F3B63SYT	9781797189895		original exact match retained		
Champion: A LitRPG Progression Fantasy	Plum Parrot	2025-11-05	2025-11-04		manual book-level pairing	Champion	Read	Audio	2025-11-05	1822495	32348447	B0FFCW139V	9781039488403		provisional pairing accepted	Inspected title, author where supplied, and series context; descriptive suffix or sparse export metadata.	2714
Vainglory	Plum Parrot	2025-11-06	2025-11-05		title/author	Vainglory	Read	Audio	2025-11-06	1823410	32348449	B0FDLDTHT7			original exact match retained		
Vainglory 2	Plum Parrot	2025-11-06	2025-11-06		title/author	Vainglory 2	Read	Audio	2025-11-06	1823420	32348717	B0FVG88WHH			original exact match retained		
The Touch of Her Voice	Sara Scott	2025-11-07	2025-11-06		title/author	The Touch of Her Voice	Read	Audio	2025-11-07	1827822	32349737	B0DTX1RB1J			original exact match retained		
The Sound of Her Smile	Sara Scott	2025-11-07	2025-11-07		title/author	The Sound of Her Smile	Read	Audio	2025-11-07	1827821	32350651	B0F812K9K2			original exact match retained		
The Taste of Her Silence	Sara Scott	2025-11-07	2025-11-07		title/author	The Taste of Her Silence	Read	Audio	2025-11-07	1827820	32350650	B0FK62QG5B			original exact match retained		
Son of the Morning	Akwaeke Emezi	2025-11-08	2025-11-07	no read audiobook in export	manual book-level pairing	Son of the Morning	Read	Book	2025-11-08	1309659	32364979	B0DWNJWT78	9780063323216		provisional pairing accepted	Inspected title, author where supplied, and series context; descriptive suffix or sparse export metadata.	2720
Complementary Colors	Kate Evans	2025-11-08	2025-11-08		title/author	Complementary Colors	Read	Audio	2025-11-08	2147218	32354485	9198695797			original exact match retained		
The Macabre	Kosoko Jackson	2025-11-08	2025-11-08	no read audiobook in export	title/author	The Macabre	Read	Book	2025-11-08	1906178	32365041	B0DQF1T9R4	9780063394506		original exact match retained		
A Twist of Fate	Se-Ah Jang, S. L. Park	2025-11-08	2025-11-08		title/author	A Twist of Fate	Read	Audio	2025-11-08	1890362	32354490	B0D8M6C7YY	9798217020478		original exact match retained		
The Whistler	Nick Medina	2025-11-09	2025-11-08	no read audiobook in export	manual book-level pairing	The Whistler	Read	Book	2025-11-09	1906176	32364975		9780593820407		provisional pairing accepted	Inspected title, author where supplied, and series context; descriptive suffix or sparse export metadata.	2724
Daughters of the Nile	Zahra Barri	2025-11-09	2025-11-09		title/author	Daughters of the Nile	Read	Audio	2025-11-09	2150127	32358099	B0D9HXCZKJ	9781004160952		original exact match retained		
Killer Potential	Hannah Deitch	2025-11-10	2025-11-09	no read audiobook in export	title/author	Killer Potential	Read	Book	2025-11-10	1675540	31765613	B0D7WDBRV3	9780063356535		original exact match retained		
Cry, Voidbringer	Elaine Ho	2025-11-11	2025-11-10	no read audiobook in export	identifier	Cry, Voidbringer	Read	Book	2025-11-11	1897662	32365029	B0FSN95FPL	9798347023646		original exact match retained		
Green Fuse Burning	Tiffany Morris	2025-11-11	2025-11-11		title/author	Green Fuse Burning	Read	Audio	2025-11-11	1080651	32361640	B0DW1M8BT1	9781778092688		original exact match retained		
The Reformatory	Tananarive Due	2025-11-13	2025-11-11		identifier	The Reformatory	Read	Audio	2025-11-13	965944	31806929	B0BRNWPR9F	9781797160139		original exact match retained		
House of Monstrous Women	Daphne Fama	2025-11-15	2025-11-15	not marked read; no read audiobook in export; finish date missing/different	title/author	House of Monstrous Women	Want to Read	Book		1718141	31816288	B0DNLK64NY	9798217074853		original exact match retained		
Wayward: Running: An Isekai LitRPG	T. A. Star	2025-11-16	2025-11-15		manual book-level pairing	Wayward: Running: An Isekai LitRPG: Wayward, Book 1	Read	Audio	2025-11-16	2160613	32370876	B0FF5R8K2P	9781039494152		paired manually	Corrected wrong sibling match; Running is book 1, not Falling (book 3).	2904
Breaking Through	Lykanthropy	2025-11-16	2025-11-16		title/author	Breaking Through	Read	Audio	2025-11-16	1486545	32250481	B0CZ2KFPD6	9781039467705		original exact match retained		
Suiting Up	Lykanthropy	2025-11-17	2025-11-16		title/author	Suiting Up	Read	Audio	2025-11-17	1486559	32250673	B0D7X4TLMS	9781039467712		original exact match retained		
Making a Name	Lykanthropy	2025-11-18	2025-11-17		title/author	Making a Name	Read	Audio	2025-11-18	1486560	32250687	B0DP3KLCMC	9781039467729		original exact match retained		
Water Kanin	Kia Leep	2025-11-19	2025-11-18		manual book-level pairing	Water Kanin: Glass Kanin, Book 3	Read	Audio	2025-11-19	2187574	32406892	B0FYQXWSNM	9781039490772		paired manually	Glass Kanin Book 3 subtitle; same author.	2909
Terror at the Gates	Scarlett St. Clair	2025-11-19	2025-11-13	finish date missing/different	title/author	Terror at the Gates	Read	Audio	2025-11-15	1581199	32264090	B0FBSBDLYQ	9798331967888		original exact match retained		
Amber the Cursed Berserker: Book 1	Azrie, V.A. Lewis	2025-11-20	2025-11-19		identifier	Amber the Cursed Berserker Book 1	Read	Audio	2025-11-20	1890318	32031377	B0F1QDH8FC	9798350430493		original exact match retained		
Rise from the Ashes	Selkie Myth	2025-11-20	2025-11-20		title/author	Rise from the Ashes	Read	Audio	2025-11-20	2019999	32383777	B0FXNLX9GY	9781039476301		original exact match retained		
The Adventure of the Demonic Ox	Lois McMaster Bujold	2025-11-21	2025-11-20		title/author	The Adventure of the Demonic Ox	Read	Audio	2025-11-21	1957437	32406914	B0FLKJQZXH	9798228648609		original exact match retained		
Amber the Cursed Berserker: Book 2	V.A. Lewis, Azrie	2025-11-22	2025-11-21		identifier	Amber the Cursed Berserker Book 2	Read	Audio	2025-11-22	1969916	32038099	B0F56QC6KW			original exact match retained		
Amber the Cursed Berserker: Book 3	V.A. Lewis, Azrie	2025-11-22	2025-11-22		title/author	Amber the Cursed Berserker Book 3	Read	Audio	2025-11-22	1975707	32270792	B0FHKYX9FX	9798350432046		original exact match retained		
Brigands & Breadknives	Travis Baldree	2025-11-23	2025-11-22		identifier	Brigands & Breadknives	Read	Audio	2025-11-23	1670203	32358524	B0DVBMNB9H	9781250402950		original exact match retained		
Valencia	Maggie Nelson -foreword, Michelle Tea	2025-11-23	2025-11-23		manual book-level pairing	Valencia	Read	Audio	2025-11-23	652587	32406917	B0F4SVFWYP	9781668652978		paired manually	ABS lists foreword writer Maggie Nelson first; Michelle Tea agrees.	2488
The Dawnhounds	Sascha Stronach	2025-11-25	2025-11-23		identifier	The Dawnhounds	Read	Audio	2025-11-25	465136	31891178	B09KYKXWMT	9781797141237		original exact match retained		
Veal	Mackenzie Nolan	2025-11-26	2025-11-25	no read audiobook in export	title/author	Veal	Read	Book	2025-11-26	1906033	32052435	B0FR6MJK3Z	9798347021437		original exact match retained		
Legends & Lattes	Travis Baldree	2025-11-26	2025-11-26	finish date missing/different	title/author	Legends & Lattes	Read	Audio	2024-12-20	475214	31897722	B0B3GB64T1	9781250889652		original exact match retained		
Bookshops & Bonedust	Travis Baldree	2025-11-26	2025-11-26	no read audiobook in export; finish date missing/different	title/author	Bookshops & Bonedust	Read	Book	2024-11-30	624232	30599331	B0BVKTF9XG	9781250910776		original exact match retained		
The Sentence	Louise Erdrich	2025-11-26	2025-11-26		title/author	The Sentence	Read	Audio	2025-11-26	450843	32406919	0063144859			original exact match retained		
They Called Me Number One	Bev Sellars	2025-11-27	2025-11-26		title/author	They Called Me Number One	Read	Audio	2025-11-27	517047	32406920	B071WQMGMP			original exact match retained		
Empire of Wild	Cherie Dimaline	2025-11-27	2025-11-27		identifier	Empire of Wild	Read	Audio	2025-11-27	432834	31876277	0063015935			original exact match retained		
Pages for You	Sylvia Brownrigg	2025-11-27	2025-11-27		title/author	Pages for You	Read	Audio	2025-11-27	1239220	32406922	B0845YCRMS			original exact match retained		
The Stars Are Legion	Kameron Hurley	2025-11-28	2025-11-27		title/author	The Stars Are Legion	Read	Audio	2025-11-28	441064	32406924	B06XSKNWYQ			original exact match retained		
Adrift in Starlight	Mindi Briar	2025-11-28	2025-11-28		title/author	Adrift in Starlight	Read	Audio	2025-11-28	465102	32406926	B0C8QVC37S	9798212617406		original exact match retained		
Carrion Crow	Heather Parry	2025-11-29	2025-11-28		title/author	Carrion Crow	Read	Audio	2025-11-29	1584936	32061330		9781804995488		original exact match retained		
The Silent Patient	Alex Michaelides	2025-11-29	2025-11-29		title/author	The Silent Patient	Read	Audio	2025-11-29	187993	6458884	1250317533	9781250317537		original exact match retained		
Passing Through a Prairie Country	Dennis E. Staples	2025-11-29	2025-11-29		title/author	Passing Through a Prairie Country	Read	Audio	2025-11-29	1734824	32251091	B0F1H9NC9K	9781696618090		original exact match retained		
Hole in the Sky	Daniel H. Wilson	2025-11-30	2025-11-30		title/author	Hole in the Sky	Read	Audio	2025-11-30	1900794	32407007		9798217169108		original exact match retained		
A Long Time Dead	Samara Breger	2025-12-01	2025-11-29		title/author	A Long Time Dead	Read	Audio	2025-12-01	1108046	32407011	B0D7DTLD5L	9781039479937		original exact match retained		
With a Flip of the Coin	Steven Jay Howe Jr.	2025-12-02	2025-12-02	not found in export								B0FHBK1N7K		The Fifth Season / N. K. Jemisin [Read; Book; book 427825] | The Angel of the Crows / Katherine Addison [Want to Read; Book; book 448672] | The Name of the Wind / Patrick Rothfuss [Read; Book; book 379217]	not found in export after manual review	No corresponding work found after reviewing same-author titles, series and blank-author export entries; fuzzy candidates rejected.	
Love Is for Losers	Wibke Brueggemann	2025-12-02	2025-12-02		title/author	Love Is for Losers	Read	Audio	2025-12-02	428975	32407014	B0CYVJ52MM	9781004148103		original exact match retained		
Feathers from the Sky	Jess Wisecup	2025-12-04	2025-12-02		manual book-level pairing	Feathers From The Sky: A Dark Paranormal Romance	Read	Audio	2025-12-04	1452345	32407016	B0CQNQM1BX	9781039464964		provisional pairing accepted	Inspected title, author where supplied, and series context; descriptive suffix or sparse export metadata.	2924
Thorns from the Fall	Jess Wisecup	2025-12-04	2025-12-04		title/author	Thorns From The Fall	Read	Audio	2025-12-04	2177336	32407018	B0FSM88NR3	9781039464971		original exact match retained		
Vampires of El Norte	Isabel Cañas	2025-12-05	2025-12-04		identifier	Vampires of El Norte	Read	Audio	2025-12-05	677907	31670085	B0BNQYM228	9780593684283		original exact match retained		
Shy Trans Banshee	Tony Santorella	2025-12-05	2025-12-05		title/author	Shy Trans Banshee	Read	Audio	2025-12-05	2187649	32407021	B0FGKF39TG	9781004212729		original exact match retained		
Black Mass	Lykanthropy	2025-12-06	2025-12-05		title/author	Black Mass	Read	Audio	2025-12-06	1947387	32406883	B0FXNJCFPZ	9798347022113		original exact match retained		
A Legacy of Blood and Bone	Millie Abecassis	2025-12-07	2025-12-06		title/author	A Legacy of Blood and Bone	Read	Audio	2025-12-07	2143986	32407022	B0FZDCNSDC	9798318469282		original exact match retained		
The Knowing	Emma Hinds	2025-12-07	2025-12-07		title/author	The Knowing	Read	Audio	2025-12-07	1151695	32407023	B004QDQKNI	9781915798145		original exact match retained		
Wayward: Fighting: An Isekai LitRPG	T. A. Star	2025-12-08	2025-12-08		manual book-level pairing	Wayward: Fighting: An Isekai LitRPG: Wayward, Book 2	Read	Audio	2025-12-08	2187650	32407025	B0FNFHV62C	9781039494183		paired manually	Corrected wrong sibling match; Fighting is book 2, not Falling (book 3).	2929
The Convert	Stefan Hertmans	2025-12-09	2025-12-08		title/author	The Convert	Read	Audio	2025-12-09	553242	32409962	059317027X	9780593170274		original exact match retained		
All the Rivers	Dorit Rabinyan	2025-12-09	2025-12-09		title/author	All the Rivers	Read	Audio	2025-12-09	465973	32412507	B06XPWLQPY	9781524778712		original exact match retained		
One Man's Laughter	Eric Ugland	2025-12-10	2025-12-09	finish date missing/different	title/author	One Man's Laughter	Read	Audio		1981769	32412508	B0G4N8XTS7	9798855553246		original exact match retained		
Whistleblower	Jen Lyon	2025-12-11	2025-12-10		title/author	Whistleblower	Read	Audio	2025-12-11	1264956	31822993	B0CZFHLCZN			original exact match retained		
Even Though I Knew the End	C.L. Polk	2025-12-11	2025-12-11		title/author	Even Though I Knew the End	Read	Audio	2025-12-11	455003	31113542	B0B8PTQHZV			original exact match retained		
The Last Jews of Kerala	Edna Fernandes	2025-12-12	2025-12-11		manual book-level pairing	The Last Jews of Kerala: The 2,000 Year History of India's Forgotten Jewish Community	Read	Audio	2025-12-12	1557376	32417745	B00B8ACIBK			paired manually	Historical subtitle adds 2,000; same author and underlying title.	2931
People Love Dead Jews	Dara Horn	2025-12-12	2025-12-12		manual book-level pairing	People Love Dead Jews: Reports from a Haunted Present	Read	Audio	2025-12-12	751050	32419683	B09CFZVZFQ			provisional pairing accepted	Inspected title, author where supplied, and series context; descriptive suffix or sparse export metadata.	604
Pages for Her	Sylvia Brownrigg	2025-12-12	2025-12-12		title/author	Pages for Her	Read	Audio	2025-12-12	176505	32419685	B0845Z3MYT			original exact match retained		
One Life	Megan Rapinoe, Emma Brockes	2025-12-13	2025-12-12		title/author	One Life	Read	Audio	2025-12-13	428307	32419686	0593288904			original exact match retained		
Fingersmith	Sarah Waters	2025-12-14	2025-12-13		title/author	Fingersmith	Read	Audio	2025-12-14	385240	32424100	B0051VVMXM			original exact match retained		
Kantika	Elizabeth Graver	2025-12-14	2025-12-14	finish date missing/different	title/author	Kantika	Read	Audio	2025-12-16	766927	32424268	B0BQPNMB31			original exact match retained		
The Ghosts of Gwendolyn Montgomery	Clarence A. Haynes	2025-12-15	2025-12-14		manual book-level pairing	The Ghosts of Gwendolyn Montgomery: A Novel	Read	Audio	2025-12-15	1825671	32426114	B0DKG5VW8B	9781668650097		provisional pairing accepted	Inspected title, author where supplied, and series context; descriptive suffix or sparse export metadata.	2818
A Master of Djinn	P. Djèlí Clark	2025-12-16	2025-12-15		title/author	A Master of Djinn	Read	Audio	2025-12-16	440947	31908725	1250807735			original exact match retained		
Your Driver Is Waiting	Priya Guns	2025-12-16	2025-12-16		title/author	Your Driver Is Waiting	Read	Audio	2025-12-16	652413	32437787	B0B63XPL9Y			original exact match retained		
Faebound	Saara El-Arifi	2025-12-17	2025-12-16	no read audiobook in export	title/author	Faebound	Read	Book	2025-12-17	969050	31477425	B0C6YNVJJG	9780593823873		original exact match retained		
To Shape a Dragon's Breath	Moniquill Blackgoose	2025-12-18	2025-12-17	finish date missing/different	title/author	To Shape a Dragon's Breath	Read	Audio	2025-12-19	555865	31670084	B0B9T8WN4Y			original exact match retained		
Greta & Valdin	Rebecca K Reilly	2025-12-19	2025-12-18		identifier	Greta & Valdin	Read	Audio	2025-12-19	605930	31786057	B0C87FXRH4	9781797170503		original exact match retained		
The Prey of Gods	Nicky Drayden	2025-12-20	2025-12-19		title/author	The Prey of Gods	Read	Audio	2025-12-20	440196	31913519	B0773TG34V			original exact match retained		
Fleabag 2: A Monster Evolution LitRPG	SomeoneToForget	2025-12-20	2025-12-20		title/author	Fleabag 2: A Monster Evolution LitRPG	Read	Audio	2025-12-20	2224716	32456241	B0G21GT5WJ	9781039442665		original exact match retained		
Elastic Habits	Stephen Guise	2025-12-21	2025-12-20		manual book-level pairing	Elastic Habits: Good Habits That Adapt to Your Day	Read	Audio	2025-12-21	529348	31169270	B082VLQCDS			provisional pairing accepted	Inspected title, author where supplied, and series context; descriptive suffix or sparse export metadata.	3193
Atomic Habits	James Clear	2025-12-21	2025-12-21		identifier	Atomic habits: An Easy & Proven Way to Build Good Habits & Break Bad Ones	Read	Audio	2025-12-21	428023	30401466	1524779261	9781524779269		original exact match retained		
Pages for Her	Sylvia Brownrigg	2025-12-22	2025-12-22	finish date missing/different	title/author	Pages for Her	Read	Audio	2025-12-12	176505	32419685	B0845Z3MYT			original exact match retained		
Testimony of Mute Things	Lois McMaster Bujold	2025-12-22	2025-12-22	already corrected after export								B0G2DZ4YFZ	9798228749696	The Mountains of Mourning / Lois McMaster Bujold [Read; Ebook; book 643640] | The Physicians of Vilnoc / Lois McMaster Bujold [Read; Book; book 461136] | Demon Daughter / Lois McMaster Bujold [Read; Book; book 1109443]	already corrected after export	User marked Read and Audible edition 33299804 created after this export.	
Being You	Anil Seth	2025-12-23	2025-12-21		manual book-level pairing	Being You: A New Science of Consciousness	Read	Audio	2025-12-23	1218545	32468635	0593211219	9780593211212		provisional pairing accepted	Inspected title, author where supplied, and series context; descriptive suffix or sparse export metadata.	3195
Lady of Fire	Pirateaba	2025-12-25	2025-12-22		title/author	Lady of Fire	Read	Audio	2025-12-25	2079053	32436324	B0FMTCZ1HM	9781039448285		original exact match retained		
A Mind of Its Own	Cordelia Fine	2025-12-25	2025-12-25	finish date missing/different	manual book-level pairing	A Mind of Its Own: How Your Brain Distorts and Deceives	Read	Audio	2025-12-26	506871	32486288	B00B2BSSJQ			provisional pairing accepted	Inspected title, author where supplied, and series context; descriptive suffix or sparse export metadata.	3210
The Brain That Changes Itself	Norman Doidge M.D.	2025-12-26	2025-12-25		manual book-level pairing	The Brain That Changes Itself: Stories of Personal Triumph from the Frontiers of Brain Science	Read	Audio	2025-12-26	87297	32486333	0593293983	9780593293980		paired manually	Descriptive subtitle and omitted author credentials; Norman Doidge agrees.	3211
Livewired	David Eagleman	2025-12-26	2025-12-26		manual book-level pairing	Livewired: The Inside Story of the Ever-Changing Brain	Read	Audio	2025-12-26	443363	32486335	0553550977	9780553550979		provisional pairing accepted	Inspected title, author where supplied, and series context; descriptive suffix or sparse export metadata.	3212
Altered Traits: Science Reveals How Meditation Changes Your Mind, Brain, and Body	Daniel Goleman, Richard Davidson	2025-12-26	2025-12-26		title/author	Altered Traits: Science Reveals How Meditation Changes Your Mind, Brain, and Body	Read	Audio	2025-12-26	379993	32486337	B075M5HNFK			original exact match retained		
King of Duels	Pirateaba	2025-12-29	2025-12-27		title/author	King of Duels	Read	Audio	2025-12-29	1959180	32162620	B0F6VVC8QX	9781039448278		original exact match retained		
Hardwiring Happiness	Rick Hanson PhD	2025-12-29	2025-12-26	finish date missing/different	manual book-level pairing	Hardwiring Happiness: The New Brain Science of Contentment, Calm, and Confidence	Read	Audio	2025-12-30	464922	32486351	B00EZ5NS28	9780804128148		paired manually	Descriptive subtitle and omitted author credentials; Rick Hanson agrees.	3214
Rewire Your Brain 2.0 (2nd Edition)	John B. Arden PhD ABPP	2025-12-30	2025-12-27		manual book-level pairing	Rewire Your Brain 2.0	Read	Audio	2025-12-30	854737	32502315	B0BZFHPVNF			paired manually	Edition descriptor and omitted author credentials; John B. Arden agrees.	3216
Good Habits, Bad Habits	Wendy Wood	2025-12-30	2025-12-30	finish date missing/different	manual book-level pairing	Good Habits, Bad Habits: The Science of Making Positive Changes That Stick	Read	Audio	2025-12-31	1157515	32502316	1250241782	9781250241788		provisional pairing accepted	Inspected title, author where supplied, and series context; descriptive suffix or sparse export metadata.	3217
Lies Weeping	Glen Cook	2026-01-01	2025-12-30		manual book-level pairing	Lies Weeping: A Chronicle of the Black Company: The First Book of a Pitiless Rain	Read	Audio	2026-01-01	1746111	32342962	B0FRPQ82GB			provisional pairing accepted	Inspected title, author where supplied, and series context; descriptive suffix or sparse export metadata.	1496
A Dead Djinn in Cairo	P. Djèlí Clark	2026-01-01	2026-01-01		title/author	A Dead Djinn in Cairo	Read	Audio	2026-01-01	439076	32528353	1250624460			original exact match retained		
The Haunting of Tram Car 015	P. Djeli Clark	2026-01-01	2026-01-01		identifier	The Haunting of Tram Car 015	Read	Audio	2026-01-01	465714	30383392	1980032041	9781980032045		original exact match retained		
We Are the Match	Mary E. Roach	2026-01-02	2026-01-01		title/author	We Are the Match	Read	Audio	2026-01-02	1699089	32528368	B0DV1XWLSJ	9781511351706		original exact match retained		
Markless	C.G. Malburi	2026-01-04	2026-01-02		title/author	Markless	Read	Audio	2026-01-04	1141154	32534969	B0CQQFFN95			original exact match retained		
A Banh Mi for Two	Trinity Nguyen	2026-01-04	2026-01-04		title/author	A Banh Mi for Two	Read	Audio	2026-01-04	1080621	32541516	B0CQDPPNWY			original exact match retained		
Model Home	Rivers Solomon	2026-01-05	2026-01-04	finish date missing/different	title/author	Model Home	Read	Audio	2026-01-11	1249719	32031494	B0CWC2N8VL			original exact match retained		
Hazelthorn	CG Drews	2026-01-07	2026-01-05		title/author	Hazelthorn	Read	Audio	2026-01-07	1642223	32579819	B0FJTKPD42	9798899733024		original exact match retained		
Chain Gang All Stars	Nana Kwame Adjei-Brenyah	2026-01-10	2026-01-08		identifier	Chain-Gang All-Stars	Read	Audio	2026-01-10	584785	31947412	B0B9T6P5M2			original exact match retained		
Halcyon Nightmares	Aest Belequa	2026-01-11	2026-01-10		title/author	Halcyon Nightmares	Read	Audio	2026-01-11	2327591	32593882	B0FD54BR3M	9798347004522		original exact match retained		
Victoria Falling	Aest Belequa	2026-01-11	2026-01-11		title/author	Victoria Falling	Read	Audio	2026-01-11	2338760	32593891	B0FVZSMDFD	9798347004539		original exact match retained		
Guardian Rising	Aest Belequa	2026-01-13	2026-01-11		title/author	Guardian Rising	Read	Audio	2026-01-13	2338764	32593896	B0G314QKX4	9798347004546		original exact match retained		
Fledgling	Octavia E. Butler	2026-01-15	2026-01-13		identifier	Fledgling	Read	Audio	2026-01-15	293060	32274597	1980032017			original exact match retained		
You Watched in Silence	H. Lee Justine	2026-01-16	2026-01-15		title/author	You Watched in Silence	Read	Audio	2026-01-16	1712364	32601539	B0DZDCCHC9	9798228003620		original exact match retained		
The Library Thief	Kuchenga Shenjé	2026-01-16	2026-01-16		title/author	The Library Thief	Read	Audio	2026-01-16	1249666	32601540	B0CWT9Y4XC			original exact match retained		
Star Eater	Kerstin Hall	2026-01-17	2026-01-16		identifier	Star Eater	Read	Audio	2026-01-17	455882	32490455	1705027954			original exact match retained		
The Wolf and the Woodsman	Ava Reid	2026-01-18	2026-01-17		title/author	The Wolf and the Woodsman	Read	Audio	2026-01-18	428740	31891194	1473592755			original exact match retained		
Volatile Memory	Seth Haddon	2026-01-18	2026-01-18		identifier	Volatile Memory	Read	Audio	2026-01-18	1588452	32164617	B0DJTCTCQS	9781250407528		original exact match retained		
The Lights of Prague	Nicole Jarvis	2026-01-22	2026-01-18		title/author	The Lights of Prague	Read	Audio	2026-01-22	453183	32631876	1662029187			original exact match retained		
Radiant Fugitives	Nawaaz Ahmed	2026-01-23	2026-01-22		title/author	Radiant Fugitives	Read	Audio	2026-01-23	433809	32631905	B09D45566F			original exact match retained		
The Woods All Black	Lee Mandelo	2026-01-23	2026-01-23	not marked read; no read audiobook in export; finish date missing/different	title/author	The Woods All Black	Want to Read	Ebook		1070615	31094693	B0DT2DBKZT			original exact match retained		
Reclamation	Kristen Zimmer	2026-01-24	2026-01-23	not found in export								B0FFKD7MQW	9798331994662	Revelation / V.A.  Lewis, Melas Delta [Read; Ebook; book 1760730] | Dread Nation / Justina Ireland [Want to Read; Book; book 202662] | Evocation / S.T. Gibson, Oscar Reyes (Narrator) [Read; Audio; book 969063]	not found in export after manual review	No corresponding work found after reviewing same-author titles, series and blank-author export entries; fuzzy candidates rejected.	
Sunburn	Chloe Michelle Howarth	2026-01-24	2026-01-24		title/author	Sunburn	Read	Audio	2026-01-24	876729	32638063	B0C62XCK7D	9781004135943		original exact match retained		
The Primal Hunter 13	Zogarth	2026-01-25	2026-01-25		title/author	The Primal Hunter 13	Read	Audio	2026-01-25	1852537	32397043	B0G87LH5X8			original exact match retained		
Hollow	Celina Myers	2026-01-26	2026-01-25		title/author	Hollow	Read	Audio	2026-01-26	1244661	32516837	B0DSLWFTRF	9781488235887		original exact match retained		
Carmilla and Laura	S D Simper	2026-01-26	2026-01-26		title/author	Carmilla and Laura	Read	Audio	2026-01-26	775295	32389664	B092XQ6X91			original exact match retained		
Holy Wrath	Victoria Mier	2026-01-27	2026-01-26		identifier	Holy Wrath	Read	Audio	2026-01-27	1927236	32566850	B0FMZM93YS	9798318516818		original exact match retained		
To Ride a Rising Storm	Moniquill Blackgoose	2026-01-29	2026-01-27		title/author	To Ride a Rising Storm	Read	Audio	2026-01-29	1921687	32650584		9780593498309		original exact match retained		
This Gilded Abyss	Rebecca Thorne	2026-01-30	2026-01-29		title/author	This Gilded Abyss	Read	Audio	2026-01-30	945984	31794175	B0F9MD13VP	9781250427120		original exact match retained		
The Book of Blood and Roses	Annie Summerlee	2026-01-31	2026-01-30		title/author	The Book of Blood and Roses	Read	Audio	2026-01-31	1927259	32516807	B0F6QMT2W8	9798217159215		original exact match retained		
If the Dead Belong Here	Carson Faust	2026-02-01	2025-11-30		title/author	If the Dead Belong Here	Read	Audio	2026-02-01	1905872	32680406		9780593830895		original exact match retained		
The 7-10 Split	Karmen Lee	2026-02-01	2026-02-01		title/author	The 7-10 Split	Read	Audio	2026-02-01	1197237	32680408	B0D7NQ78B4			original exact match retained		
The Relationship Mechanic	Karmen Lee	2026-02-02	2026-02-01		title/author	The Relationship Mechanic	Read	Audio	2026-02-02	1447510	32680409	B0D7NW51P3			original exact match retained		
Kiss Me, Maybe	Gabriella Gamez	2026-02-02	2026-02-02		title/author	Kiss Me, Maybe	Read	Audio	2026-02-02	1653051	32680412	B0DK65GCSS	9781668649985		original exact match retained		
Court of the Undying Seasons	A.M. Strickland	2026-02-04	2026-02-02		title/author	Court of the Undying Seasons	Read	Audio	2026-02-04	511597	32680418	B0BYGKLVFP	9798212409032		original exact match retained		
Fiebre Tropical	Juliana Delgado Lopera	2026-02-05	2026-02-04		title/author	Fiebre Tropical	Read	Audio	2026-02-05	478616	32687065	B08TRSWK9F			original exact match retained		
Dark and Deepest Red	Anna-Marie McLemore	2026-02-05	2026-01-30		title/author	Dark and Deepest Red	Read	Audio	2026-02-05	451625	32709725	1980060312			original exact match retained		
Get Over It, April Evans	Ashley Herring Blake	2026-02-05	2026-02-05	no read audiobook in export	title/author	Get Over It, April Evans	Read	Book	2026-02-05	1951277	32108414	B0FBHZH8DL	9798217282500		original exact match retained		
The Regicide Report	Charles Stross	2026-02-06	2026-02-05	finish date missing/different	title/author	The Regicide Report	Read	Audio	2026-02-13	1891194	32709727	B0FK6PJQXY	9798892741453		original exact match retained		
The Broken Dead: An Epic Portal Fantasy	Dreamer's Riot	2026-02-07	2026-02-06		title/author	The Broken Dead: An Epic Portal Fantasy	Read	Audio	2026-02-07	2434811	32709729	B0GBZ3H48R	9798347028597		original exact match retained		
The Curse of the Cole Women	Marielle Thompson	2026-02-07	2026-02-07		manual book-level pairing	The Curse of the Cole Women: A Novel	Read	Audio	2026-02-07	1843064	32709848	B0FRLYZ2FZ	9798318546143		provisional pairing accepted	Inspected title, author where supplied, and series context; descriptive suffix or sparse export metadata.	3239
Pyg	Pip Landers-Letts	2026-02-07	2026-02-07		title/author	Pyg	Read	Audio	2026-02-07	1949239	32709851	B0G2DZY1H1			original exact match retained		
The Afterlife of Mal Caldera	Nadi Reed Perez	2026-02-08	2026-02-07		title/author	The Afterlife of Mal Caldera	Read	Audio	2026-02-08	1214965	32709854	B0D2FYZXP2	9781666665130		original exact match retained		
This Is the Only Kingdom	Jaquira Díaz	2026-02-08	2026-02-08		title/author	This Is the Only Kingdom	Read	Audio	2026-02-08	2081308	32709855	B0F3Y5L192	9781668651353		original exact match retained		
Yellow Jessamine	Caitlin Starling	2026-02-09	2026-02-08		identifier	Yellow Jessamine	Read	Audio	2026-02-09	453453	31224604	1705240224	9781705240229		original exact match retained		
Dogs of Summer	Andrea Abreu	2026-02-10	2026-02-09		title/author	Dogs of Summer	Read	Audio	2026-02-10	648604	32709857	B0B39KZFQK			original exact match retained		
Stray Cat Strut 7: A Cyberpunk LitRPG	RavensDagger	2026-02-13	2026-02-10		identifier	Stray Cat Strut 7	Read	Audio	2026-02-13	2434893	32709859	B0FRNKDTXG	9781039487208		original exact match retained		
In the Shadow of Spindrift House	Mira Grant	2026-02-13	2026-02-13		identifier	In the Shadow of Spindrift House	Read	Audio	2026-02-13	439274	31980275	1400170982			original exact match retained		
Sky on Fire	E.K. Johnston	2026-02-14	2026-02-13		title/author	Sky on Fire	Read	Audio	2026-02-14	1939854	32714442	B0DKY846MX	9798217074433		original exact match retained		
Aetherbound	E. K. Johnston	2026-02-14	2026-02-14		identifier	Aetherbound	Read	Audio	2026-02-14	465228	31497069	0593397827	9780593397824		original exact match retained		
Queen of Faces	Petra Lord	2026-02-15	2026-02-14	finish date missing/different	title/author	Queen of Faces	Read	Audio	2026-02-14	1906032	32714450	B0F4GCP82L	9781250432407		original exact match retained		
Apparently, Sir Cameron Needs to Die	Greer Stothers	2026-02-15	2026-02-15		title/author	Apparently, Sir Cameron Needs to Die	Read	Audio	2026-02-15	1726498	32719933	B0G3Y59DLJ	9798349165238		original exact match retained		
Nightshade and Oak	Molly O'Neill	2026-02-15	2026-02-15		title/author	Nightshade and Oak	Read	Audio	2026-02-15	2182504	32719937	B0FCV6MFPH	9781668655269		original exact match retained		
You'll Never Forget Me	Isha Raya	2026-02-16	2026-02-15		title/author	You'll Never Forget Me	Read	Audio	2026-02-16	1570310	32719939	B0F6R36QZT	9798217159024		original exact match retained		
Out of the Loop	Katie Siegel	2026-02-16	2026-02-16		title/author	Out of the Loop	Read	Audio	2026-02-16	2191298	32719942	B0DY2T2MJF	9798882396137		original exact match retained		
The Goddess of Nothing at All	Cat Rector	2026-02-17	2026-02-16	finish date missing/different	title/author	The Goddess of Nothing At All	Read	Audio		479907	32719944	B0CV9LGVQ1			original exact match retained		
Epilogues for Lost Gods	Cat Rector	2026-02-18	2026-02-17		title/author	Epilogues for Lost Gods	Read	Audio	2026-02-18	503493	32720768	B0DWTDJR2C			original exact match retained		
The Left Hand of Darkness	Ursula K. Le Guin, Charlie Jane Anders - afterword	2026-02-19	2026-02-19	no read audiobook in export; finish date missing/different	title/author	The Left Hand of Darkness	Read	Book	2025-07-04	377842	9212187	B0CQQ275CT	9798891785106		original exact match retained		
A Quiet Universe	Kay F. Atkinson	2026-02-20	2026-02-18		title/author	A Quiet Universe	Read	Audio	2026-02-20	1670544	32724702	B0D2SF4RVF			original exact match retained		
Overdue	K.T. Hanna	2026-02-21	2026-02-20		identifier	Overdue: A Magical Library LitRPG Adventure	Read	Audio	2026-02-21	1619346	31779883	B0D5J5GQK2			original exact match retained		
Damaged	K.T. Hanna	2026-02-22	2026-02-21		identifier	Damaged: A Magical Library LitRPG Adventure	Read	Audio	2026-02-22	1688382	31780856	B0DFQXZQHL			original exact match retained		
Rebound: A Magical Library LitRPG Adventure	K.T. Hanna	2026-02-24	2026-02-22		manual book-level pairing	Rebound	Read	Audio	2026-02-24	1806683	32734919	B0F39NV88D	9781039477919		provisional pairing accepted	Inspected title, author where supplied, and series context; descriptive suffix or sparse export metadata.	3258
On Sundays She Picked Flowers	Yah Yah Scholfield	2026-02-24	2026-02-20		title/author	On Sundays, She Picked Flowers	Read	Audio	2026-02-24	518600	32729697	B0FD57C2XV	9781668142066		original exact match retained		
As Many Souls as Stars	Natasha Siegel	2026-02-25	2026-02-24		title/author	As Many Souls As Stars	Read	Audio	2026-02-25	1906050	32739816	B0DYWS7SGP	9780063418059		original exact match retained		
Land of Milk and Honey	C Pam Zhang	2026-02-25	2026-02-25		title/author	Land of Milk and Honey	Read	Audio	2026-02-25	734931	32742601	B0BWPL7DP9			original exact match retained		
Lote	Shola von Reinhold	2026-02-27	2026-02-25	finish date missing/different	title/author	LOTE	Read	Audio	2026-02-28	517194	32743559	B084L1DVLB			original exact match retained		
Limiter: A Magical Library LitRPG Adventure	K.T. Hanna	2026-02-27	2026-02-27		identifier	Limiter	Read	Audio	2026-02-27	2013571	32384241	B0F5RZJ454	9798347003389		original exact match retained		
Citation: A Magical Library LitRPG Adventure	K.T. Hanna	2026-02-28	2026-02-27		manual book-level pairing	Citation	Read	Audio	2026-02-28	2128120	32754312	B0GCP1NQVY	9798347003396		provisional pairing accepted	Inspected title, author where supplied, and series context; descriptive suffix or sparse export metadata.	3264
The Obake Code	Makana Yamamoto	2026-03-01	2026-02-28	finish date missing/different	title/author	The Obake Code	Read	Audio	2026-03-02	2191230	32753613	B0F8RC511B	9780063430884		original exact match retained		
Operation Bounce House	Matt Dinniman	2026-03-01	2026-03-01	finish date missing/different	identifier	Operation Bounce House	Read	Audio	2026-03-02	1896373	32647574	B0FBJ2WFHK	9798217017270		original exact match retained		
How to Get a Girlfriend (When You're a Terrifying Monster)	Marie Cardno	2026-03-02	2026-03-01		identifier	How to Get a Girlfriend (When You're a Terrifying Monster)	Read	Audio	2026-03-02	547438	32693544	B0FRJHRWFZ	9798331950064		original exact match retained		
How to Get a Date with the Evil Queen	Marie Cardno	2026-03-02	2026-03-02		identifier	How to Get a Date with the Evil Queen	Read	Audio	2026-03-02	1194545	32693548	B0G4SFR5LQ	9798331950088		original exact match retained		
Cack-Handed	Gina Yashere	2026-03-03	2026-03-02		manual book-level pairing	Cack-Handed: A Memoir	Read	Audio	2026-03-03	813030	32756217	0063090813	9780063090811		provisional pairing accepted	Inspected title, author where supplied, and series context; descriptive suffix or sparse export metadata.	3269
When They Burned the Butterfly	Wen-yi Lee	2026-03-05	2026-03-03		identifier	When They Burned the Butterfly	Read	Audio	2026-03-05	1472837	32389666	B0DRPQGZZV	9781250417923		original exact match retained		
Under the Udala Trees	Chinelo Okparanta	2026-03-06	2026-03-05		title/author	Under the Udala Trees	Read	Audio	2026-03-06	93785	32759976	B015NL12PC			original exact match retained		
Are You Even Human: Volume 2	Natalie Maher	2026-03-07	2026-03-07		title/author	Are You Even Human: Volume 2	Read	Audio	2026-03-07	2486089	32776775	B0GJ74Z4W4	9798347004751		original exact match retained		
Burn Down Master's House	Clay Cane	2026-03-08	2026-03-07		identifier	Burn Down Master's House	Read	Audio	2026-03-08	2041909	32776780	B0FW6QM4B7	9798899738982		original exact match retained		
Falling with Folded Wings: A LitRPG Progression Fantasy	Plum Parrot	2026-03-09	2026-03-08		manual book-level pairing	Falling with Folded Wings (Book 1): A LitRPG Progression Fantasy	Read	Audio	2026-03-09	684600	31947821	B0BKBKJ55L	9781039416796		paired manually	Book 1 added in export; Plum Parrot and series identity agree.	3272
Falling with Folded Wings 2: A LitRPG Progression Fantasy	Plum Parrot	2026-03-11	2026-03-09		manual book-level pairing	Falling with Folded Wings 2	Read	Audio	2026-03-11	1822823	31947825	B0BMD34DJN	9781039419636		provisional pairing accepted	Inspected title, author where supplied, and series context; descriptive suffix or sparse export metadata.	3273
Falling with Folded Wings 3: A LitRPG Progression Fantasy	Plum Parrot	2026-03-12	2026-03-11		manual book-level pairing	Falling with Folded Wings 3	Read	Audio	2026-03-12	1661253	31947855	B0C11QD1KY	9781039427495		provisional pairing accepted	Inspected title, author where supplied, and series context; descriptive suffix or sparse export metadata.	3274
The Broken System: An Isekai LitRPG	Acaswell	2026-03-13	2026-03-12	finish date missing/different	manual book-level pairing	The Broken System	Read	Audio	2026-03-14	2064911	32250245	B0FNFDH8PC	9781039456211		provisional pairing accepted	Inspected title, author where supplied, and series context; descriptive suffix or sparse export metadata.	3275
Void Forged: A LitRPG Progression Fantasy	Plum Parrot	2026-03-14	2026-03-13		manual book-level pairing	Void Forged	Read	Audio	2026-03-14	2467686	32776837	B0G1PLBBN5	9781039488410		provisional pairing accepted	Inspected title, author where supplied, and series context; descriptive suffix or sparse export metadata.	3276
Witch of the Shadow Wood﻿	Tori Anne Martin	2026-03-15	2026-03-14		title/author	Witch of the Shadow Wood	Read	Audio	2026-03-15	2126428	32776840	B0FTB8R8C4	9798347830176		original exact match retained		
A Wild Radiance	Maria Ingrande Mora	2026-03-15	2026-03-15		title/author	A Wild Radiance	Read	Audio	2026-03-15	2242956	32776909	B0GGYB3PKY	9798217409112		original exact match retained		
Night Night Fawn	Jordy Rosenberg	2026-03-15	2026-03-15		identifier	Night Night Fawn	Read	Audio	2026-03-15	2365901	32777256	B0FGK3RLZ5	9798217176533		original exact match retained		
Paul Takes the Form of a Mortal Girl	Andrea Lawlor	2026-03-16	2026-03-15		identifier	Paul Takes the Form of a Mortal Girl	Read	Audio	2026-03-16	169276	32396668	1984889729			original exact match retained		
Divine Ruin	Margot Douaihy	2026-03-17	2026-03-16		title/author	Divine Ruin	Read	Audio	2026-03-17	1941357	32779583	B0FJZ41956	9798217296163		original exact match retained		
Falling with Folded Wings: A LitRPG Progression Fantasy	Plum Parrot	2026-03-17	2026-03-17	finish date missing/different	manual book-level pairing	Falling with Folded Wings (Book 1): A LitRPG Progression Fantasy	Read	Audio	2026-03-09	684600	31947821	B0BKBKJ55L	9781039416796		paired manually	Book 1 added in export; Plum Parrot and series identity agree.	3272
Cack-Handed	Gina Yashere	2026-03-17	2026-03-17	finish date missing/different	manual book-level pairing	Cack-Handed: A Memoir	Read	Audio	2026-03-03	813030	32756217	0063090813	9780063090811		provisional pairing accepted	Inspected title, author where supplied, and series context; descriptive suffix or sparse export metadata.	3269
Blessed Water	Margot Douaihy	2026-03-17	2026-03-17	finish date missing/different	title/author	Blessed Water	Read	Audio	2026-03-18	1084120	32782559	B0CQTJ2T2W			original exact match retained		
Butterfly Effects	Seanan McGuire	2026-03-18	2026-03-17		title/author	Butterfly Effects	Read	Audio	2026-03-18	2187416	32782560	B0F6FM8ZS8	9781250435491		original exact match retained		
The Isle in the Silver Sea	Tasha Suri	2026-03-20	2026-03-18		identifier	The Isle in the Silver Sea	Read	Audio	2026-03-20	1686291	32375715	B0DYVVPKTQ	9781668652718		original exact match retained		
Black as Diamond	U. M. Agoawike	2026-03-22	2026-03-20		title/author	Black as Diamond	Read	Audio	2026-03-22	2259900	32801452	B0GP2V8ZQ8	9798347036462		original exact match retained		
How to Get the Girl and Not Destroy the World	Marie Cardno	2026-03-24	2026-03-22	finish date missing/different	identifier	How to Get the Girl (And Not Destroy the World)	Read	Audio	2026-02-24	1900913	32693550	B0G4SKY5NH	9798331950101		original exact match retained		
A Stranger in Olondria	Sofia Samatar	2026-04-01	2026-03-24		title/author	A Stranger in Olondria	Read	Audio	2026-04-01	430989	32822053	B00GSZP39Y			original exact match retained		
Wayward: Falling: An Isekai LitRPG	T. A. Star	2026-04-03	2026-04-01		title/author	Wayward: Falling: An Isekai LitRPG	Read	Audio	2026-04-03	2526744	32822088	B0G5HSHH1Q	9781039494213		original exact match retained		
The Noob Returns	Ryan Rimmel	2026-04-04	2026-04-03		title/author	The Noob Returns	Read	Audio	2026-04-04	2461721	32744985	B0GHZN9WWQ	9781039499751		original exact match retained		
Archmage's Ire	Pirateaba	2026-04-07	2026-04-04	no read audiobook in export	title/author	Archmage's Ire	Read	Ebook	2026-04-07	2237915	32468720	B0GFG5MKRY	9781039448292		original exact match retained		
Snake-Eater	T. Kingfisher	2026-04-08	2026-04-08		title/author	Snake-Eater	Read	Audio	2026-04-08	1819354	32399689	B0F5Y78CWP	9781511354479		original exact match retained		
The Ballad of Jacquotte Delahaye	Briony Cameron	2026-04-08	2026-04-08		title/author	The Ballad of Jacquotte Delahaye	Read	Audio	2026-04-08	1007317	32909827	B0CLGVFLRC	9781797175515		original exact match retained		
Come Home to My Heart	Riley Redgate	2026-04-09	2026-04-08		title/author	Come Home to My Heart	Read	Audio	2026-04-09	2261148	32909828	B0F4RY1H51	9781668653135		original exact match retained		
I Love You Don't Die	Jade Song	2026-04-09	2026-04-09		identifier	I Love You Don't Die	Read	Audio	2026-04-09	2191254	32909831	B0FF5H1JR4	9780063433922		original exact match retained		
You Should Have Been Nicer to My Mom	Vincent Tirado	2026-04-09	2026-04-09		title/author	You Should Have Been Nicer to My Mom	Read	Audio	2026-04-09	2183086	32909834	B0FD5H5BQX	9780063383265		original exact match retained		
When I Was Death	Alexis Henderson	2026-04-10	2026-04-09		title/author	When I Was Death	Read	Audio	2026-04-10	2042045	32909837	B0FD49DX91	9798217279852		original exact match retained		
The Last Phi Hunter	Salinee Goldenberg	2026-04-11	2026-04-10		title/author	The Last Phi Hunter	Read	Audio	2026-04-11	971525	32909844	B0CRZ9J5C8	9781666658286		original exact match retained		
Way of the Walker	Salinee Goldenberg	2026-04-11	2026-04-11		title/author	Way of the Walker	Read	Audio	2026-04-11	2606353	32909845	B0G8LXYKZY			original exact match retained		
Wolf Worm	T. Kingfisher	2026-04-12	2026-04-11		title/author	Wolf Worm	Read	Audio	2026-04-12	2007613	32803504	B0F6FVL4WL	9781250436153		original exact match retained		
Trading in Danger	Elizabeth Moon	2026-04-12	2026-04-12		title/author	Trading in Danger	Read	Audio	2026-04-12	441180	32368442	B002V0A9XK	9781400178278		original exact match retained		
Marque and Reprisal	Elizabeth Moon	2026-04-13	2026-04-12		title/author	Marque and Reprisal	Read	Audio	2026-04-13	360883	32909848	B002V08GO4	9781400178285		original exact match retained		
Engaging the Enemy	Elizabeth Moon	2026-04-14	2026-04-13		title/author	Engaging the Enemy	Read	Audio	2026-04-14	138326	32909853	B002V5CY38	9781400178292		original exact match retained		
Command Decision	Elizabeth Moon	2026-04-15	2026-04-14		title/author	Command Decision	Read	Audio	2026-04-15	245569	32909855	B002V1AAK6	9781400178308		original exact match retained		
Victory Conditions	Elizabeth Moon	2026-04-16	2026-04-15		title/author	Victory Conditions	Read	Audio	2026-04-16	441179	32909858	B002V0KH64	9781400178315		original exact match retained		
Her Cruel Empire	Persephone Black	2026-04-16	2026-04-16		title/author	Her Cruel Empire	Read	Audio	2026-04-16	2486295	32909859	B0GNTW96WM	9798347035656		original exact match retained		
The Celestial Seas	T. A. Chan	2026-04-16	2026-04-16		title/author	The Celestial Seas	Read	Audio	2026-04-16	2191171	32909860	B0FGDVMVH4	9798217280797		original exact match retained		
How to Lose a Goblin in Ten Days	Jessie Sylva	2026-04-17	2026-04-16		identifier	How to Lose a Goblin in Ten Days: Tales from Hawthorne Cottage	Read	Audio	2026-04-17	1295756	32744983	B0FBCNW33D	9781668655290		original exact match retained		
All His Angels Are Starving: A Survival Horror LitRPG	Tess C. Foxes	2026-04-18	2026-04-17		title/author	All His Angels Are Starving: A Survival Horror LitRPG	Read	Audio	2026-04-18	2063610	32909861	B0DSGFWJ4M	9781039481541		original exact match retained		
All Her Demons Are Burning: A Survival Horror LitRPG	Tess C. Foxes	2026-04-19	2026-04-18		title/author	All Her Demons Are Burning: A Survival Horror LitRPG	Read	Audio	2026-04-19	2606368	32909866	B0DWZM8CW9	9781039481572		original exact match retained		
All Our Worlds Are Crashing: A Survival Horror LitRPG	Tess C. Foxes	2026-04-21	2026-04-19		title/author	All Our Worlds Are Crashing: A Survival Horror LitRPG	Read	Audio	2026-04-21	2606373	32909869	B0G2T5BVQC	9781039481602		original exact match retained		
Adversity	Ren Browne	2026-04-21	2026-04-21		title/author	Adversity	Read	Audio	2026-04-21	2570894	32909871	B0GSXPJGJS	9798347039630		original exact match retained		
Heart of Dorkness	RavensDagger	2026-04-21	2026-04-21		manual book-level pairing	Heart of Dorkness, Book 1	Read	Audio	2026-04-21	768914	32909875	B0GT1VNJ6X	9781039487673		paired manually	Book 1 added in export; same author.	3310
The Complicated Love Life of Ivil Antagonist, Empress of Mars	RavensDagger	2026-04-22	2026-04-21		identifier	The Complicated Love Life of Ivil Antagonist, Empress of Mars	Read	Audio	2026-04-22	2530285	32826152	B0GQJS6LM3	9781039487642		original exact match retained		
Dead Tired II	Ravensdagger	2026-04-23	2026-04-23		title/author	Dead Tired II	Read	Audio	2026-04-23	1126422	32258180	B0D23972DJ			original exact match retained		
Dead Tired III	RavensDagger	2026-04-24	2026-04-23		title/author	Dead Tired III	Read	Audio	2026-04-24	1759544	32258178	B0F4F3BHJW			original exact match retained		
Cinnamon Bun	RavensDagger	2026-04-24	2026-04-24		title/author	Cinnamon Bun	Read	Audio	2026-04-24	995374	32909898	1774247828			original exact match retained		
Cinnamon Bun: Volume 2	RavensDagger	2026-04-25	2026-04-24		manual book-level pairing	Cinnamon Bun 2	Read	Audio	2026-04-25	500630	32909899	1774247917			paired manually	Volume label removed; same author and volume 2.	3316
Cinnamon Bun: Volume 3	RavensDagger	2026-04-26	2026-04-25		manual book-level pairing	Cinnamon Bun 3	Read	Audio	2026-04-26	769485	32909901	1039404332			paired manually	Volume label removed; same author and volume 3.	3317
Cinnamon Bun: Volume 4	RavensDagger	2026-04-26	2026-04-26		manual book-level pairing	Cinnamon Bun 4	Read	Audio	2026-04-26	769309	32909903	B0BLGYBT7B			paired manually	Volume label removed; same author and volume 4.	3318
Dead Tired I	RavensDagger	2026-04-27	2026-04-22	finish date missing/different	manual book-level pairing	Dead Tired 1	Read	Audio	2026-04-23	1098729	31463491	B0CP2T1M1Y			paired manually	Roman I / Arabic 1; same author, not II or III.	3312
Cinnamon Bun: Volume 5	RavensDagger	2026-04-27	2026-04-26		manual book-level pairing	Cinnamon Bun 5	Read	Audio	2026-04-27	1459848	32909905	B0BRBPNWJ9	9781039424876		paired manually	Volume label removed; same author and volume 5.	3319
Cinnamon Bun Volume 6: A Wholesome LitRPG	RavensDagger	2026-04-27	2026-04-27		title/author	Cinnamon Bun Volume 6: A Wholesome LitRPG	Read	Audio	2026-04-27	1947383	32251117	B0F9GDM31B	9781039487222		original exact match retained		
The Agartha Loop	RavensDagger	2026-04-27	2026-04-27		manual book-level pairing	The Agartha Loop: Loop One	Read	Audio	2026-04-27	1638096	32263801	B0DDMNXCRB	9781039491700		paired manually	Loop One added; same author and series volume 1.	3321
The Agartha Loop 2	RavensDagger	2026-04-28	2026-04-27		manual book-level pairing	The Agartha Loop: Loop Two	Read	Audio	2026-04-28	1638076	32263803	B0DWZP5QLC	9798895395417		paired manually	2 / Loop Two; same author and series volume 2.	3322
Sporemageddon Vol. 1	RavensDagger	2026-04-28	2026-04-28		manual book-level pairing	Sporemageddon	Read	Audio	2026-04-28	769366	32254836	B0CBNF8GCZ	9781039431508		paired manually	First volume unnumbered in export; series confirms volume 1.	3323
Sporemageddon Vol. 2	RavensDagger	2026-04-29	2026-04-28		manual book-level pairing	Sporemageddon 2	Read	Audio	2026-04-29	1459829	31503064	B0CJ5W79QZ			paired manually	Volume label removed; same author and volume 2.	3324
Sporemageddon Vol. 3: Penicillium	RavensDagger	2026-04-29	2026-04-29		title/author	Sporemageddon Vol. 3: Penicillium	Read	Audio	2026-04-29	1948469	32104847	B0CZ5CWNZM	9781039434127		original exact match retained		
Fluff	RavensDagger	2026-04-30	2026-04-29		title/author	Fluff	Read	Audio	2026-04-30	768892	32909912	B0B69RRPFP			original exact match retained		
Fluff 2	RavensDagger	2026-05-01	2026-04-30		title/author	Fluff 2	Read	Audio	2026-05-01	769278	32909913	B0BS1V5RXQ			original exact match retained		
Fluff 3: A Wholesome LitRPG	RavensDagger	2026-05-01	2026-05-01		title/author	Fluff 3: A Wholesome LitRPG	Read	Audio	2026-05-01	2390115	32656105	B0GBY9FXPF	9781039486225		original exact match retained		
Magical Girl Crystal Genocide	RavensDagger	2026-05-01	2026-05-01		manual book-level pairing	Magical Girl Crystal Genocide: Making Friends After Causing the Apocalypse!	Read	Audio	2026-05-01	1459830	32257843	B0F4LXZJGB			provisional pairing accepted	Inspected title, author where supplied, and series context; descriptive suffix or sparse export metadata.	3329
Fluff	RavensDagger	2026-05-01	2026-05-01	finish date missing/different	title/author	Fluff	Read	Audio	2026-04-30	768892	32909912	B0B69RRPFP	9781039413733		original exact match retained		
Love Crafted	RavensDagger	2026-05-02	2026-05-01		title/author	Love Crafted	Read	Audio	2026-05-02	769337	32909946	1039402666			original exact match retained		
When There Are Wolves Again	E. J. Swift	2026-05-03	2026-05-02		title/author	When There Are Wolves Again	Read	Audio	2026-05-03	1872367	32909949	B0F74T9V5D	9781529436464		original exact match retained		
Splinter Angel: Book 1	Avaritiabona	2026-05-03	2026-05-03		title/author	Splinter Angel: Book 1	Read	Audio	2026-05-03	2065615	32251168	B0FMS7DLCX			original exact match retained		
Splinter Angel: Book 2	Avaritiabona	2026-05-04	2026-05-03		title/author	Splinter Angel: Book 2	Read	Audio	2026-05-04	2102554	32909951	B0GPFCJMX1			original exact match retained		
Platform Decay	Martha Wells	2026-05-05	2026-05-05		title/author	Platform Decay	Read	Audio	2026-05-05	1989398	32893907	B0GJ6MQLKJ	9781705041031		original exact match retained		
Hunting and Herbalism: A Druid LitRPG	Leif Roder, Synonymoose	2026-05-05	2026-05-04		title/author	Hunting and Herbalism: A Druid LitRPG	Read	Audio	2026-05-05	2065267	32250696	B0DLHFSXZ7	9781039474949		original exact match retained		
Hunting and Herbalism 2: A Druid LitRPG	Leif Roder, Synonymoose	2026-05-06	2026-05-05		title/author	Hunting and Herbalism 2: A Druid LitRPG	Read	Audio	2026-05-06	2065268	32250698	B0DNKMNM31	9781039474970		original exact match retained		
Hunting and Herbalism 3: A Druid LitRPG	Leif Roder, Synonymoose	2026-05-07	2026-05-06		manual book-level pairing	Hunting and Herbalism 3	Read	Audio	2026-05-07	2065269	32250703	B0FDC9QVT5	9781039475007		provisional pairing accepted	Inspected title, author where supplied, and series context; descriptive suffix or sparse export metadata.	3337
Fleabag 3: A Monster Evolution LitRPG	SomeoneToForget	2026-05-08	2026-05-07		manual book-level pairing	Fleabag 3: A Monster Evolution LitRPG: Fleabag, Book 3	Read	Audio	2026-05-08	2606503	32910041	B0G3YMPVJ5	9781039442672		paired manually	Repeated Fleabag Book 3 subtitle; same author and volume.	3338
The Maiden and Her Monster	Maddie Martinez	2026-05-09	2026-05-08		identifier	The Maiden and Her Monster	Read	Audio	2026-05-09	1651233	32248281	B0DRPPFGSM	9781250417848		original exact match retained		
This Book Sucks	Piper CJ	2026-05-09	2026-05-09		identifier	This Book Sucks	Read	Audio	2026-05-09	1718169	32910043	B0GT1PSSS1	9798347040490		original exact match retained		
Japanese Gothic	Kylie Lee Baker	2026-05-10	2026-05-09		title/author	Japanese Gothic	Read	Audio	2026-05-10	2101034	32910045	B0FR69VKMH	9781488237331		original exact match retained		
Briefly, A Delicious Life	Nell Stevens	2026-05-10	2026-05-10		title/author	Briefly, A Delicious Life	Read	Audio	2026-05-10	512805	32869732	B09M6FT6V6	9781797143019		original exact match retained		
Thrall	Rebecca Mahoney	2026-05-11	2026-05-10		title/author	Thrall	Read	Audio	2026-05-11	2189744	32910057	B0FTZZM46V			original exact match retained		
This Vicious Hunger	Francesca May	2026-05-12	2026-05-11		title/author	This Vicious Hunger	Read	Audio	2026-05-12	1906041	32338175	B0DPLHQQN5	9781668650189		original exact match retained		
A Parade of Horribles	Matt Dinniman	2026-05-13	2026-05-12		identifier	A Parade of Horribles	Read	Audio	2026-05-13	1817542	32763102	B0FXY6DVJS	9798350448757		original exact match retained		
Aunt Tigress	Emily Yu-Xuan Qin	2026-05-15	2026-05-13		title/author	Aunt Tigress	Read	Audio	2026-05-15	1540744	31990794	B0DKGXKSSK			original exact match retained		
Final Draft	Riley Redgate	2026-05-16	2026-05-15		title/author	Final Draft	Read	Audio	2026-05-16	141817	32912741	B07DPTHFJT			original exact match retained		
Moth Dark	Kika Hatzopoulou	2026-05-18	2026-05-16		title/author	Moth Dark	Read	Audio	2026-05-18	1881361	32914929	B0DWBVBR31	9798217080793		original exact match retained		
A Practical Guide to Evil I	David Verburg	2026-05-20	2026-05-18		identifier	A Practical Guide to Evil I	Read	Audio	2026-05-20	2072287	32217542	B0FG4LG58Q	9798349103513		original exact match retained		
Calla Falling	Tallie Rose	2026-05-21	2026-05-20		identifier	Calla Falling	Read	Audio	2026-05-21	1190863	33239225	B0CBCXQG2T			original exact match retained		
Hell's Heart	Alexis Hall	2026-05-23	2026-05-21		identifier	Hell's Heart	Read	Audio	2026-05-23	1925307	33239244	B0F9LSXTBV	9781250411624		original exact match retained		
Sweetbitter Song	Rosie Hewlett	2026-05-25	2026-05-23		identifier	Sweetbitter Song	Read	Audio	2026-05-25	2235750	33239245	B0GD2CZZZH	9798899745898		original exact match retained		
The Original	Nell Stevens	2026-05-27	2026-05-12		identifier	The Original	Read	Audio	2026-05-27	1775722	33239343	B0F1Z3P3XS	9798228487291		original exact match retained		
The Duke	Anna Cowan	2026-05-27	2026-05-27		identifier	The Duke	Read	Audio	2026-05-27	2168402	33239344	B0F3KYTZ58	9781250415882		original exact match retained		
Dead Weight	Hildur Knútsdóttir, Mary Robinette Kowal - translator	2026-05-28	2026-05-27		identifier	Dead Weight	Read	Audio	2026-05-28	2084634	33230051	B0FML8D6TY	9781250446978		original exact match retained		
Funeral Song	Carly Racklin	2026-05-29	2026-05-28		identifier	Funeral Song	Read	Audio	2026-05-29	2189828	33239887	B0GYZLS1FX	9781639512607		original exact match retained		
Homebound	Portia Elan	2026-06-01	2026-05-29		identifier	Homebound	Read	Audio	2026-06-01	2187680	32886468	B0FVYL9B7N	9781668138922		original exact match retained		
Audition for the Fox	Martin Cahill	2026-06-03	2026-06-01		identifier	Audition for the Fox	Read	Audio	2026-06-03	2024879	32377634	B0FG8FFHP9	9798899732768		original exact match retained		
Learning Curves	Rachel Lacey	2026-06-04	2026-06-03		identifier	Learning Curves	Read	Audio	2026-06-04	1958349	32726001	B0F39X9TFV	9781511353731		original exact match retained		
Magical Girl Mechanical Heart: Volume 1	Natalie Maher	2026-06-07	2026-06-04		identifier	Magical Girl Mechanical Heart: Volume 1	Read	Audio	2026-06-07	1947394	33239958	B0FRPX15HB			original exact match retained		
Maybe Tomorrow I'll Know	Alex Ritany	2026-06-08	2026-06-07		identifier	Maybe Tomorrow I'll Know: A Novel	Read	Audio	2026-06-08	2191210	33240017	B0GPFK6TXZ	9798349163609		original exact match retained		
Save Scumming, Book 1	RavensDagger	2026-06-09	2026-06-09		identifier	Save Scumming	Read	Audio	2026-06-09	2653569	32960630	B0H1S7PGKV			original exact match retained		
Couriers Outbound	Pirateaba	2026-06-13	2026-06-09		identifier	Couriers Outbound	Read	Audio	2026-06-13	2513601	33002678	B0GNTGPLSN	9798895391365		original exact match retained		
Bone of My Bone	Johanna van Veen	2026-06-13	2026-06-13		identifier	Bone of My Bone	Read	Audio	2026-06-13	2182420	32984241	B0GZ4Y7NPH	9798331906641		original exact match retained		
Inkpot Gods	Seanan McGuire	2026-06-15	2026-06-13		identifier	Inkpot Gods	Read	Audio	2026-06-15	2235779	33240019	B0GVTNNDFJ			original exact match retained		
Body Count	Codie Crowley	2026-06-17	2026-06-15		identifier	Body Count	Read	Audio	2026-06-17	2189748	33240084	B0GQCVY3H5	9798891781764		original exact match retained		
They Bloom at Night	Trang Thanh Tran	2026-06-21	2026-06-18		identifier	They Bloom at Night	Read	Audio	2026-06-21	1203186	32423225	B0DWXZX1D6	9781547615995		original exact match retained		
Bunny Girl Evolution 1	Sir Bedivere the Mad	2026-06-22	2026-06-21		identifier	Bunny Girl Evolution 1	Read	Audio	2026-06-22	1947381	32104254	B0FDBJG31C			original exact match retained		
Bunny Girl Evolution 2	Sir Bedivere the Mad	2026-06-23	2026-06-22		identifier	Bunny Girl Evolution 2	Read	Audio	2026-06-23	2080830	33240100	B0GSXD1GNC			original exact match retained		
Magical Girl Mechanical Heart, Volume 2	Natalie Maher	2026-06-24	2026-06-23		identifier	Magical Girl Mechanical Heart: Volume 2	Read	Audio	2026-06-24	2811672	33240101	B0H4HRT1CB			original exact match retained		
The Primal Hunter 14	Zogarth	2026-06-25	2026-06-24		identifier	The Primal Hunter 14	Read	Audio	2026-06-25	1975380	33000889	B0H1NGTHHS			original exact match retained		
Hench	Natalie Zina Walschots	2026-06-26	2026-06-25		identifier	Hench	Read	Audio	2026-06-26	433504	31969631	0062978608	9780062978608		original exact match retained		
Villain	Natalie Zina Walschots	2026-06-27	2026-06-26		identifier	Villain	Read	Audio	2026-06-27	972070	33240108	B0CRS22TND	9780063236967		original exact match retained		
Vainglory 3	Plum Parrot	2026-06-28	2026-06-27		identifier	Vainglory 3: A LitRPG Adventure	Read	Audio	2026-06-28	2489777	33240109	B0H3W2X65R			original exact match retained		
Darksight Dare	Lois McMaster Bujold	2026-06-28	2026-06-28		identifier	Darksight Dare	Read	Audio	2026-06-28	2525047	33240110	B0GZHYFMWL	9798228994164		original exact match retained		
Cinnamon Bun Volume 7: A Wholesome LitRPG	RavensDagger	2026-06-29	2026-06-28		identifier	Cinnamon Bun Volume 7: A Wholesome LitRPG	Read	Audio	2026-06-29	2065586	32251120	B0FHL4HQBR	9781039487239		original exact match retained		
The Girl Who Bit Me	Valerie Hunter	2026-06-30	2026-06-29		identifier	The Girl Who Bit Me: A Spicy Sapphic Vampire Romance	Read	Audio	2026-06-30	2403126	33240120	B0H4HQT8RN			original exact match retained		
Goddess Alchemy	Rain Harlow	2026-07-03	2026-07-01		identifier	Goddess Alchemy	Read	Audio	2026-07-03	2905536	33240121	B0GD8VLV5P			original exact match retained		
Andy in the Apocalypse	Plum Parrot	2026-07-04	2026-07-03		identifier	Andy in the Apocalypse	Read	Audio	2026-07-04	2608504	32956134	B0GLQTDFKK			original exact match retained		
Welcome to the Blast	Plum Parrot	2026-07-05	2026-07-04		identifier	Welcome to the Blast	Read	Audio	2026-07-05	2811894	33240123	B0G1D3NZLJ	9798347014200		original exact match retained		
Heroics 101: A Superhero Slice-of-Life LitRPG	Aest Belequa	2026-07-07	2026-07-05		identifier	Heroics 101	Read	Audio	2026-07-07	2383942	33240131	B0D3264W7N			original exact match retained		
Dressed to Kill: A Monster Seamstress LitRPG	Crown Fall	2026-07-08	2026-07-07		identifier	Dressed to Kill: A Monster Seamstress LitRPG	Read	Audio	2026-07-08	1459802	33202786	B0CR6NPFT2	9781039437357		original exact match retained		
Andy in the Apocalypse 2	Plum Parrot	2026-07-10	2026-07-08		identifier	Andy in the Apocalypse 2: A LitRPG Adventure	Read	Audio	2026-07-10	2873940	33240133	B0H5RH8CML			original exact match retained		
Lost Souls and a Demoness 2	N.C. Lux	2026-07-14	2026-07-11		identifier	Lost Souls and a Demoness 2: A LitRPG Adventure	Read	Audio	2026-07-14	2065318	32762524	B0G2T375WC			original exact match retained		
Lost Souls and a Demoness 1	N. C. Lux	2026-07-14	2026-07-10		identifier	Lost Souls and a Demoness 1: A LitRPG Adventure	Read	Audio	2026-07-14	2059425	32250757	B0F4Z71MY4			original exact match retained		
Love, Gods and Sinners	Camille Chong	2026-07-17	2026-07-14		title/author	Love, Gods and Sinners	Read	Audio	2026-07-17	1565644	33240172				original exact match retained		
Dressed to Kill 2: A Monster Seamstress LitRPG	Crown Fall	2026-07-18	2026-07-17		identifier	Dressed to Kill 2: A Monster Seamstress LitRPG	Read	Audio	2026-07-18	2500934	33202787	B0FFD262Q3	9781039437364		original exact match retained		
The Mercy Makers	Tessa Gratton	2026-07-20	2026-07-18		identifier	The Mercy Makers	Read	Audio	2026-07-20	1644467	33240173	B0DKGBNRKZ	9781668649916		original exact match retained		
The Shape of Monsters	Tessa Gratton	2026-07-25	2026-07-20		identifier	The Shape of Monsters	Read	Audio	2026-07-25	2586797	33240174	B0FY82H2RX	9781668657744		original exact match retained		
The Red Sacrament	Sara Hinkley	2026-07-31	2026-07-25		identifier	The Red Sacrament	Read	Audio	2026-07-31	2189786	33240176	B0GTN8YYX4	9798349165719		original exact match retained		
The Water Outlaws	S. L. Huang	2026-08-05	2026-07-31		identifier	The Water Outlaws	Read	Audio	2026-08-05	465101	31719409	B0BSB2DVDQ			original exact match retained		
Green Crime	Julia Shaw	2026-08-07	2026-08-05		identifier	Green Crime	Read	Audio	2026-08-07	2190432	33240187	B0FW5T4J31	9781645023814		original exact match retained		
Bi	Julia Shaw	2026-08-07	2026-08-07		identifier	Bi: The Hidden Culture, History, and Science of Bisexuality	Read	Audio	2026-08-07	548921	33240188	B0B2KQ2HPT	9781705077559		original exact match retained		
The Memory Illusion	Julia Shaw	2026-08-09	2026-08-07		identifier	The Memory Illusion: Remembering, Forgetting, and the Science of False Memory	Read	Audio	2026-08-09	1162044	31435320	B01E9E62P4			original exact match retained		
The Devils	Joe Abercrombie	2026-08-15	2026-08-09		identifier	The Devils	Read	Audio	2026-08-15	1088816	32879206	B0CXY69BBB			original exact match retained		
The Orb of Cairado	Katherine Addison	2026-08-15	2026-08-15		identifier	The Orb of Cairado	Read	Audio	2026-08-15	1670199	32822493	B0FXYQ65TK	9798331989484		original exact match retained		
Meet Me in the Garden	Nina LaCour	2026-08-18	2026-08-16		identifier	Meet Me In the Garden: A Novel	Read	Audio	2026-08-18	2269324	33240194	B0FP3VKX27	9781250444158		original exact match retained		
Lancer: An Epic Sci-Fi Adventure	T. R. More	2026-08-25	2026-08-18		identifier	Lancer: An Epic Sci-Fi Adventure	Read	Audio	2026-08-25	2059434	33240195	B0DSGJCL1G	9781039474802		original exact match retained		
Stray Cat Strut 8: A Cyberpunk LitRPG	RavensDagger	2026-08-28	2026-08-25		identifier	Stray Cat Strut 8	Read	Audio	2026-08-28	2475074	32763074	B0GLT6CK5Z	9781039487215		original exact match retained		
Splinter Angel: Book 3	Avaritiabona	2026-08-29	2026-08-28		identifier	Splinter Angel: Book 3	Read	Audio	2026-08-29	2530351	33240198	B0H8QFYRKV			original exact match retained		
The Divine Gardener's Handbook	Eli Snow	2026-09-01	2026-08-29	finish date missing/different	identifier	The Divine Gardener's Handbook	Read	Audio	2026-09-09,2026-09-01	2243066	33285151	B0FS9KJM2H	9781250445124		original exact match retained		
Katalepsis: Volume 1	Hazel Young	2026-09-05	2026-09-01		identifier	Katalepsis: Volume 1	Read	Audio	2026-09-05	1913340	33285153	B0BDNYCNK2	9781039414884		original exact match retained		
Ignore All Previous Instructions	Ada Hoffmann	2026-09-06	2026-09-05		identifier	Ignore All Previous Instructions	Read	Audio	2026-09-06	2284647	32983183	B0GQD2YH4D	9798899732737		original exact match retained		
Motherclown	Harriet Alida Lye	2026-09-07	2026-09-06		title/author	Motherclown	Read	Audio	2026-09-07	2645624	33285162				original exact match retained		
Heliacle Rising: The Wytchling Chronicles	C. C Davie	2026-09-09	2026-09-07		identifier	Heliacle Rising	Read	Audio	2026-09-09	1010755	33285168	B0BSNYF1NQ			original exact match retained		
Dead Silence	S.A. Barnes	2026-09-10	2026-09-09	not marked read; no read audiobook in export; finish date missing/different	identifier	Dead Silence	Currently Reading	Audio		475184	32143561	1250841348	9781250841346		original exact match retained		
